date,dodge,waupun,green-bay,columbia,racine-youthful-offender,fox-lake,jackson,kettle-moraine,oshkosh,racine,oakhill,black-river,drug-abuse,flambeau,gordon,mcnaughton,st-croix,sanger-powers,winnebago,abode,john-burke,kenosha,marshall-sherrer,oregon,st-johns,thompson,federal-other,federal-duluth,federal-oxford,jefferson-county-jail,manitowoc-county-jail,outagamie-county-jail,prairie-du-chien,st-croix-county-jail,texas-county-jails,north-fork-ok,hardeman-tn,whiteville-tn,wrc,taycheedah,milwaukee-womens,ellsworth,federal-alderson,ethan-allen,lincoln-hills,mendota-juvenile,sprite,youth-leadership,southern-oaks,vilas-county-jail,oneida-county-jail,wspf,appleton-mn,mcloud-ok,mason-tn,felmers-chaney,tallahatchie-ms,columbia-county-jail,redgranite,dodge-county-jail,msdf,stanley,watonga-ok,sturtevant,florence-county-jail,forest-county-jail,langlade-county-jail,sheboygan-county-jail,waushara-county-jail,winnebago-county-jail,new-lisbon,chippewa-valley,milwaukee-county-jail,douglas-county-jail,fond-du-lac-county-jail,ozaukee-county-jail,brown-county-jail,adams-county-jail,racine-county-jail,juneau-county-jail,sauk-county-jail,door-county-jail,bayfield-county-jail,intergovernmental-agreements,copper-lake,grow-academy,not-itemized,vernon-county-jail,milwaukee-house-of-correction,dunn-county-jail,interstate-compact,rock-county-jail,marquette-county-jail,lincoln-county-jail,washington-county-jail,waupaca-county-jail,green-lake-county-jail,wood-county-jail
1999-01-01,1482,1207,939,801,357,965,957,1154,1832,1409,563,96,210,70,68,85,118,112,111,44,229,103,42,106,42,120,25,310,0,34,44,193,302,1,699,613,4,1252,236,609,37,229,157,447,359,43,0,30,88,,,,,,,,,,,,,,,,,,,,,,,,,,,,,,,,,,,,,,,,,,,,,,,,,
1999-01-08,1446,1208,902,801,357,963,959,1169,1791,1430,562,96,211,71,72,85,114,115,108,49,226,104,45,100,50,121,25,310,0,34,44,205,297,1,699,692,4,1252,236,608,43,224,157,435,351,42,0,30,88,,,,,,,,,,,,,,,,,,,,,,,,,,,,,,,,,,,,,,,,,,,,,,,,,
1999-01-15,1440,1213,915,812,356,962,955,1160,1766,1413,548,95,192,68,71,86,107,113,106,50,229,108,45,95,49,122,25,318,0,34,44,205,301,0,699,692,4,1328,238,608,44,226,157,435,343,43,12,29,90,,,,,,,,,,,,,,,,,,,,,,,,,,,,,,,,,,,,,,,,,,,,,,,,,
1999-01-22,1423,1222,918,817,351,947,940,1164,1785,1435,551,95,196,70,72,84,112,111,111,49,231,108,45,93,49,120,25,318,0,34,44,204,303,0,700,692,4,1328,240,610,44,227,157,430,344,43,12,27,91,,,,,,,,,,,,,,,,,,,,,,,,,,,,,,,,,,,,,,,,,,,,,,,,,
1999-01-29,1414,1227,898,770,358,961,892,1201,1794,1455,552,98,194,69,70,82,110,112,112,50,217,112,44,90,49,120,25,326,0,28,44,209,298,0,700,692,4,1408,243,615,44,227,157,429,333,43,10,29,88,,,,,,,,,,,,,,,,,,,,,,,,,,,,,,,,,,,,,,,,,,,,,,,,,
1999-02-05,1420,1224,914,809,363,961,901,1206,1801,1438,552,97,195,69,71,86,110,114,110,46,228,110,43,94,49,119,25,325,0,29,44,208,302,0,697,692,4,1406,242,624,44,234,157,426,317,43,10,44,83,,,,,,,,,,,,,,,,,,,,,,,,,,,,,,,,,,,,,,,,,,,,,,,,,
1999-02-12,1420,1220,927,818,360,956,915,1181,1783,1420,549,96,194,71,72,84,107,113,112,49,226,113,42,88,49,122,25,325,0,28,44,196,304,0,700,692,4,1486,240,634,41,230,157,433,309,43,12,39,81,,,,,,,,,,,,,,,,,,,,,,,,,,,,,,,,,,,,,,,,,,,,,,,,,
1999-02-19,1440,1195,924,806,355,923,936,1194,1785,1420,544,97,193,72,72,83,109,108,109,49,223,110,42,90,49,124,25,325,9,28,44,197,302,0,700,772,4,1483,240,645,41,227,157,438,319,43,12,41,78,,,,,,,,,,,,,,,,,,,,,,,,,,,,,,,,,,,,,,,,,,,,,,,,,
1999-02-26,1396,1207,926,818,353,921,913,1161,1784,1399,544,96,191,72,75,84,116,110,110,48,224,104,42,88,46,122,25,346,15,28,44,206,301,0,740,852,4,1483,239,650,43,224,157,445,319,42,12,28,81,,,,,,,,,,,,,,,,,,,,,,,,,,,,,,,,,,,,,,,,,,,,,,,,,
1999-03-05,1428,1213,929,808,352,952,914,1173,1786,1402,543,94,181,70,72,84,115,113,107,46,215,109,41,92,50,120,25,345,15,28,44,205,303,0,739,852,4,1481,242,660,42,223,157,445,329,42,12,24,82,,,,,,,,,,,,,,,,,,,,,,,,,,,,,,,,,,,,,,,,,,,,,,,,,
1999-03-12,1437,1221,935,814,365,960,924,1182,1797,1388,542,96,186,69,74,84,117,111,110,47,218,111,41,98,50,118,25,336,15,30,44,207,301,0,739,851,4,1481,241,663,46,224,157,433,317,43,11,25,77,,,,,,,,,,,,,,,,,,,,,,,,,,,,,,,,,,,,,,,,,,,,,,,,,
1999-03-19,1470,1218,906,807,361,959,921,1196,1760,1381,542,99,185,70,73,84,112,105,108,49,208,112,42,101,45,113,25,336,15,29,44,207,303,0,737,931,4,1477,241,673,43,225,157,433,316,43,10,25,74,,,,,,,,,,,,,,,,,,,,,,,,,,,,,,,,,,,,,,,,,,,,,,,,,
1999-03-26,1475,1219,915,789,369,959,910,1192,1769,1358,542,102,172,70,72,84,117,110,106,48,213,116,43,100,49,114,25,333,15,32,44,209,301,0,736,1011,4,1475,244,667,45,227,162,436,295,43,9,44,72,,,,,,,,,,,,,,,,,,,,,,,,,,,,,,,,,,,,,,,,,,,,,,,,,
1999-04-02,1456,1226,920,795,389,959,915,1188,1772,1367,549,101,163,69,71,85,115,110,104,49,220,117,43,98,48,112,25,347,21,33,44,209,296,14,736,1009,4,1475,245,661,44,228,162,439,297,42,8,45,74,,,,,,,,,,,,,,,,,,,,,,,,,,,,,,,,,,,,,,,,,,,,,,,,,
1999-04-09,1401,1217,933,786,399,965,945,1190,1776,1371,539,100,173,70,73,86,111,105,105,48,209,113,43,96,47,109,25,343,24,33,44,209,297,14,736,1009,4,1475,239,672,43,227,158,427,295,43,12,44,75,,,,,,,,,,,,,,,,,,,,,,,,,,,,,,,,,,,,,,,,,,,,,,,,,
1999-04-16,1418,1222,931,799,398,960,920,1188,1790,1370,531,102,178,70,76,85,116,106,107,45,225,109,42,92,47,101,25,340,27,33,44,208,302,14,740,1009,4,1482,242,674,42,225,158,424,306,42,10,44,76,,,,,,,,,,,,,,,,,,,,,,,,,,,,,,,,,,,,,,,,,,,,,,,,,
1999-04-23,1465,1224,938,809,398,954,907,1195,1786,1399,523,97,191,70,74,84,113,108,107,44,210,110,43,91,49,104,25,343,28,32,44,211,300,14,740,997,4,1483,244,685,43,228,158,429,315,43,10,29,79,,,,,,,,,,,,,,,,,,,,,,,,,,,,,,,,,,,,,,,,,,,,,,,,,
1999-04-30,1429,1227,941,799,399,960,927,1199,1797,1403,530,95,194,69,72,84,110,106,102,46,221,113,43,93,49,106,25,343,28,28,44,208,299,15,736,997,4,1482,223,689,44,229,158,439,323,42,10,30,80,,,,,,,,,,,,,,,,,,,,,,,,,,,,,,,,,,,,,,,,,,,,,,,,,
1999-05-07,1432,1227,943,796,398,957,937,1200,1793,1407,539,95,189,69,74,81,106,106,105,43,219,110,45,88,46,105,25,349,27,28,44,209,300,15,736,997,4,1489,226,684,41,233,162,433,316,42,12,30,81,,,,,,,,,,,,,,,,,,,,,,,,,,,,,,,,,,,,,,,,,,,,,,,,,
1999-05-14,1428,1228,942,761,400,948,935,1201,1800,1393,537,95,189,70,73,83,103,106,109,45,206,115,44,89,47,107,25,349,27,28,44,205,302,15,737,996,4,1489,225,671,44,236,162,432,311,43,12,50,84,,,,,,,,,,,,,,,,,,,,,,,,,,,,,,,,,,,,,,,,,,,,,,,,,
1999-05-21,1478,1224,945,767,398,957,922,1204,1805,1377,527,95,189,71,72,84,110,108,113,47,216,114,43,96,46,112,25,349,26,28,44,207,304,15,738,994,4,1489,223,681,42,241,162,428,320,43,12,50,86,,,,,,,,,,,,,,,,,,,,,,,,,,,,,,,,,,,,,,,,,,,,,,,,,
1999-05-28,1467,1226,910,777,400,962,948,1206,1805,1377,532,96,183,70,71,86,118,110,107,49,224,104,43,97,47,109,25,363,26,28,44,210,300,12,739,994,0,1493,226,683,44,241,162,430,314,43,12,50,89,,,,,,,,,,,,,,,,,,,,,,,,,,,,,,,,,,,,,,,,,,,,,,,,,
1999-06-04,1460,1227,934,787,399,967,952,1193,1806,1357,522,95,191,69,72,86,118,110,106,51,228,105,42,95,49,112,25,363,26,28,44,212,302,12,739,994,0,1493,227,685,43,229,162,434,329,43,0,49,88,,,,,,,,,,,,,,,,,,,,,,,,,,,,,,,,,,,,,,,,,,,,,,,,,
1999-06-11,1504,1226,946,811,400,967,940,1213,1784,1361,519,98,194,74,72,84,119,109,107,47,224,106,43,98,49,110,25,363,26,28,44,212,301,12,740,994,0,1493,226,688,40,230,162,434,333,43,12,43,91,,,,,,,,,,,,,,,,,,,,,,,,,,,,,,,,,,,,,,,,,,,,,,,,,
1999-06-18,1532,1223,958,808,400,970,945,1221,1789,1378,526,98,192,73,71,84,111,110,107,48,226,108,43,97,49,112,25,363,26,28,44,212,302,12,740,994,0,1500,221,688,43,236,162,438,337,43,12,41,92,,,,,,,,,,,,,,,,,,,,,,,,,,,,,,,,,,,,,,,,,,,,,,,,,
1999-06-25,1521,1211,957,826,399,976,958,1227,1816,1390,531,97,190,70,71,84,108,112,110,50,229,111,43,97,50,112,25,363,26,28,44,210,304,17,740,1005,0,1499,222,689,43,239,162,442,346,43,10,41,85,,,,,,,,,,,,,,,,,,,,,,,,,,,,,,,,,,,,,,,,,,,,,,,,,
1999-07-02,1512,1226,967,828,400,964,947,1190,1808,1396,543,95,190,72,72,88,116,112,107,50,232,112,41,99,48,117,25,363,26,28,44,205,296,17,740,1057,0,1499,227,687,43,245,162,426,339,43,9,60,84,,,,,,,,,,,,,,,,,,,,,,,,,,,,,,,,,,,,,,,,,,,,,,,,,
1999-07-09,1522,1228,967,841,399,974,958,1201,1814,1399,553,92,187,72,71,83,121,113,110,49,233,111,42,95,48,113,25,363,26,27,39,195,298,17,740,1057,0,1498,228,686,42,244,162,428,334,43,12,64,83,,,,,,,,,,,,,,,,,,,,,,,,,,,,,,,,,,,,,,,,,,,,,,,,,
1999-07-16,1557,1227,977,836,396,975,965,1226,1818,1387,560,98,180,70,73,85,116,110,112,49,238,114,43,98,49,118,25,363,24,27,39,193,296,17,740,1057,0,1496,227,683,44,240,162,430,338,43,12,61,83,,,,,,,,,,,,,,,,,,,,,,,,,,,,,,,,,,,,,,,,,,,,,,,,,
1999-07-23,1582,1228,986,829,399,978,979,1241,1822,1404,573,98,204,67,73,84,113,113,110,50,243,113,43,103,49,119,25,354,24,27,35,190,294,12,740,1057,0,1496,224,675,44,244,161,434,343,43,12,57,85,,,,,,,,,,,,,,,,,,,,,,,,,,,,,,,,,,,,,,,,,,,,,,,,,
1999-07-30,1563,1226,988,830,399,984,975,1239,1850,1431,572,97,209,66,75,84,117,116,110,48,240,113,44,108,48,118,25,354,24,27,35,175,299,12,740,1057,0,1510,227,673,43,244,158,438,344,43,12,40,85,,,,,,,,,,,,,,,,,,,,,,,,,,,,,,,,,,,,,,,,,,,,,,,,,
1999-08-06,1597,1227,986,826,400,987,986,1245,1852,1435,572,96,206,69,72,84,121,115,112,50,237,114,47,112,49,121,25,361,22,27,30,171,301,12,738,1057,0,1510,228,671,43,248,158,433,339,43,12,35,88,,,,,,,,,,,,,,,,,,,,,,,,,,,,,,,,,,,,,,,,,,,,,,,,,
1999-08-13,1592,1227,1010,833,400,988,989,1262,1865,1436,574,95,214,69,72,84,119,117,112,50,232,113,47,111,47,123,25,362,22,27,30,170,303,12,738,1057,0,1510,228,682,45,248,158,438,350,43,12,35,87,,,,,,,,,,,,,,,,,,,,,,,,,,,,,,,,,,,,,,,,,,,,,,,,,
1999-08-20,1586,1229,1020,839,400,981,981,1262,1866,1442,573,93,204,66,71,83,116,116,110,50,233,114,47,114,49,124,25,362,22,27,30,170,300,12,737,1096,0,1510,225,683,44,242,158,417,332,43,19,59,82,,,,,,,,,,,,,,,,,,,,,,,,,,,,,,,,,,,,,,,,,,,,,,,,,
1999-08-27,1586,1225,1024,835,398,983,983,1262,1853,1371,574,98,204,69,71,82,119,117,111,48,229,112,47,113,49,126,25,362,22,27,30,163,304,11,737,1096,0,1510,228,684,42,242,158,428,320,43,11,53,86,20,,,,,,,,,,,,,,,,,,,,,,,,,,,,,,,,,,,,,,,,,,,,,,,,
1999-09-03,1599,1228,1020,839,399,977,989,1258,1849,1393,568,97,199,70,72,84,114,119,111,47,228,109,40,112,48,126,25,347,22,27,30,167,303,11,737,1096,0,1509,227,685,45,244,158,424,324,43,12,49,84,20,,,,,,,,,,,,,,,,,,,,,,,,,,,,,,,,,,,,,,,,,,,,,,,,
1999-09-10,1597,1228,1027,835,400,985,986,1249,1868,1407,572,97,195,70,72,84,116,119,109,49,230,111,42,113,50,124,25,345,22,27,30,169,302,11,740,1096,0,1509,227,684,44,245,158,433,325,43,12,48,88,20,,,,,,,,,,,,,,,,,,,,,,,,,,,,,,,,,,,,,,,,,,,,,,,,
1999-09-17,1612,1227,1019,841,400,999,989,1253,1877,1415,574,100,212,70,70,84,112,116,111,50,231,114,43,114,51,125,25,345,22,27,30,161,303,11,698,1131,0,1509,226,681,43,247,158,433,326,43,10,42,90,20,,,,,,,,,,,,,,,,,,,,,,,,,,,,,,,,,,,,,,,,,,,,,,,,
1999-09-24,1624,1247,1021,845,400,1005,994,1271,1884,1435,573,99,212,70,72,84,114,111,111,50,231,114,43,114,50,125,25,345,22,27,30,151,302,6,658,1170,0,1509,226,688,44,248,158,433,329,43,10,35,88,20,,,,,,,,,,,,,,,,,,,,,,,,,,,,,,,,,,,,,,,,,,,,,,,,
1999-10-01,1619,1243,1021,840,400,1011,991,1248,1891,1444,567,96,217,66,70,83,112,115,111,50,230,108,42,112,51,125,25,352,22,27,30,151,301,5,650,1232,0,1509,225,688,43,245,157,437,318,43,12,35,83,20,,,,,,,,,,,,,,,,,,,,,,,,,,,,,,,,,,,,,,,,,,,,,,,,
1999-10-08,1624,1242,1023,833,400,1031,991,1250,1888,1422,572,101,209,70,71,83,114,114,110,50,228,111,42,113,51,122,25,348,22,27,30,152,304,5,648,1311,0,1509,223,687,39,244,157,427,305,43,11,53,87,20,20,,,,,,,,,,,,,,,,,,,,,,,,,,,,,,,,,,,,,,,,,,,,,,,
1999-10-15,1624,1245,1016,839,400,1010,987,1232,1883,1444,574,101,205,70,72,83,115,119,108,48,233,114,42,116,51,123,25,342,20,27,30,151,303,5,648,1390,0,1509,228,686,42,245,157,436,307,43,11,53,82,20,20,,,,,,,,,,,,,,,,,,,,,,,,,,,,,,,,,,,,,,,,,,,,,,,
1999-10-22,1629,1245,1010,837,398,1034,985,1273,1887,1442,569,96,208,71,72,84,108,113,109,57,231,113,42,113,51,121,25,342,20,27,30,146,303,5,648,1422,0,1509,229,689,44,242,157,440,313,43,10,51,83,20,21,,,,,,,,,,,,,,,,,,,,,,,,,,,,,,,,,,,,,,,,,,,,,,,
1999-10-29,1612,1246,1017,839,399,1041,978,1277,1926,1464,569,93,208,70,71,83,114,111,110,49,232,113,42,114,51,119,25,343,20,27,29,149,303,5,648,1448,0,1509,225,689,44,249,157,444,303,43,12,48,84,20,21,,,,,,,,,,,,,,,,,,,,,,,,,,,,,,,,,,,,,,,,,,,,,,,
1999-11-05,1607,1246,1017,843,399,1040,987,1277,1940,1475,565,98,203,70,70,84,111,113,112,48,235,111,43,116,51,120,25,337,19,27,28,151,302,5,648,1448,0,1509,225,684,42,245,157,450,308,43,10,34,81,20,21,,,,,,,,,,,,,,,,,,,,,,,,,,,,,,,,,,,,,,,,,,,,,,,
1999-11-12,1619,1247,1012,829,400,1031,984,1277,1939,1481,570,96,256,71,73,84,121,112,112,49,232,113,43,112,52,120,25,337,19,27,26,150,301,5,648,1448,0,1509,223,684,47,250,157,451,319,43,9,35,80,20,21,12,,,,,,,,,,,,,,,,,,,,,,,,,,,,,,,,,,,,,,,,,,,,,,
1999-11-19,1644,1247,1012,842,400,1033,985,1277,1932,1488,570,95,269,70,73,84,120,112,112,46,228,114,43,115,50,119,25,342,17,27,30,149,303,5,649,1448,0,1510,224,683,45,252,160,458,318,43,8,33,82,20,21,22,,,,,,,,,,,,,,,,,,,,,,,,,,,,,,,,,,,,,,,,,,,,,,
1999-11-25,1637,1228,1016,841,397,1051,985,1274,1947,1483,570,93,282,72,72,84,113,113,115,52,230,116,43,114,48,121,25,341,17,27,30,146,303,5,654,1447,0,1510,226,678,44,253,160,458,331,43,0,33,83,20,21,23,,,,,,,,,,,,,,,,,,,,,,,,,,,,,,,,,,,,,,,,,,,,,,
1999-11-26,1637,1228,1016,841,397,1051,985,1274,1947,1483,570,93,282,72,72,81,113,113,115,52,230,116,43,114,48,121,25,341,17,27,30,146,303,5,654,1447,0,1510,226,678,44,253,160,458,331,43,0,33,83,20,21,23,,,,,,,,,,,,,,,,,,,,,,,,,,,,,,,,,,,,,,,,,,,,,,
1999-12-03,1633,1247,1011,829,400,1057,988,1271,1950,1482,574,95,263,72,72,83,114,111,114,49,228,117,43,112,50,120,25,345,17,27,30,146,302,5,653,1447,0,1509,225,677,46,251,160,464,320,40,12,51,83,20,21,44,,,,,,,,,,,,,,,,,,,,,,,,,,,,,,,,,,,,,,,,,,,,,,
1999-12-10,1606,1238,1007,820,400,1075,999,1275,1953,1483,573,93,260,72,70,84,113,112,114,50,228,116,44,113,50,121,25,343,17,27,30,150,301,0,654,1447,5,1503,227,676,44,265,160,452,318,43,11,49,85,30,21,65,,,,,,,,,,,,,,,,,,,,,,,,,,,,,,,,,,,,,,,,,,,,,,
1999-12-17,1635,1239,1005,816,399,1096,998,1274,1952,1483,574,97,266,71,73,85,114,108,114,50,233,113,42,114,51,122,25,339,21,27,30,150,302,0,654,1447,3,1506,228,675,43,258,160,445,326,43,11,48,92,30,21,121,,,,,,,,,,,,,,,,,,,,,,,,,,,,,,,,,,,,,,,,,,,,,,
1999-12-24,1626,1246,1008,818,399,1116,1007,1275,1951,1485,574,97,266,70,69,83,109,112,110,50,257,111,43,114,49,120,25,338,22,27,30,148,302,0,653,1431,0,1500,227,680,44,243,160,455,330,42,11,34,86,30,21,121,,,,,,,,,,,,,,,,,,,,,,,,,,,,,,,,,,,,,,,,,,,,,,
1999-12-31,1598,1247,1000,817,399,1091,991,1239,1927,1406,574,97,241,70,70,84,106,110,111,48,259,109,38,113,48,120,25,338,22,27,30,147,301,0,654,1447,0,1505,225,565,42,251,160,452,336,43,0,34,87,30,21,121,240,127,,,,,,,,,,,,,,,,,,,,,,,,,,,,,,,,,,,,,,,,,,,,
2000-01-07,1551,1249,1005,824,399,1098,986,1253,1928,1407,570,97,208,69,72,83,112,113,109,50,253,109,38,115,49,119,25,338,22,27,29,156,302,0,654,1447,0,1502,226,588,42,253,160,459,326,43,0,34,84,30,21,122,240,127,,,,,,,,,,,,,,,,,,,,,,,,,,,,,,,,,,,,,,,,,,,,
2000-01-14,1506,1248,1006,812,400,1082,987,1192,1911,1410,567,93,202,70,73,84,114,110,108,49,255,109,43,114,48,117,25,335,21,26,29,163,300,0,614,1446,0,1486,227,657,46,251,160,448,322,43,12,34,87,30,21,141,400,127,,,,,,,,,,,,,,,,,,,,,,,,,,,,,,,,,,,,,,,,,,,,
2000-01-21,1448,1244,1011,822,400,1143,983,1195,1897,1414,566,95,197,70,71,84,107,109,112,55,256,114,43,113,50,117,25,336,21,26,30,162,302,0,614,1446,0,1502,224,650,46,256,160,445,306,44,12,48,87,30,21,146,400,127,24,,,,,,,,,,,,,,,,,,,,,,,,,,,,,,,,,,,,,,,,,,,
2000-01-28,1399,1234,1020,800,400,1246,989,1194,1856,1355,551,96,206,69,68,84,111,110,111,50,251,116,43,117,49,118,25,335,20,12,30,162,302,0,574,1475,0,1503,228,650,45,254,160,429,307,44,12,49,85,30,21,145,500,127,25,,,,,,,,,,,,,,,,,,,,,,,,,,,,,,,,,,,,,,,,,,,
2000-02-04,1366,1247,996,807,397,1251,986,1203,1866,1356,555,93,201,69,71,84,120,106,112,50,252,114,43,115,49,118,25,335,19,12,30,157,301,0,574,1450,0,1503,210,644,50,253,160,428,309,42,11,49,82,30,21,146,500,127,66,,,,,,,,,,,,,,,,,,,,,,,,,,,,,,,,,,,,,,,,,,,
2000-02-11,1373,1246,1006,822,400,1239,988,1207,1828,1369,568,92,200,71,73,84,117,108,108,49,235,114,43,112,49,118,25,335,18,12,30,158,298,0,534,1450,0,1501,208,621,46,253,177,425,328,43,12,37,84,30,21,146,500,127,102,,,,,,,,,,,,,,,,,,,,,,,,,,,,,,,,,,,,,,,,,,,
2000-02-18,1393,1247,1019,808,400,1247,957,1200,1855,1377,567,93,190,66,74,84,113,109,107,50,232,109,43,110,49,116,25,331,18,12,29,168,300,0,494,1449,0,1501,204,631,46,254,174,421,326,43,12,35,89,30,21,155,499,126,182,,,,,,,,,,,,,,,,,,,,,,,,,,,,,,,,,,,,,,,,,,,
2000-02-25,1360,1245,1018,806,398,1238,947,1204,1859,1341,555,92,189,71,73,83,116,108,109,46,225,109,41,116,47,117,25,331,18,12,29,169,301,0,494,1449,0,1501,205,633,43,251,174,413,329,43,10,34,88,30,21,155,499,126,302,,,,,,,,,,,,,,,,,,,,,,,,,,,,,,,,,,,,,,,,,,,
2000-03-03,1339,1247,1017,823,400,1243,958,1203,1871,1368,562,94,190,68,72,83,104,103,112,50,224,109,42,107,48,114,25,331,17,12,29,176,302,0,454,1451,0,1501,203,623,43,251,187,419,324,43,10,34,80,30,21,155,499,126,302,,,,,,,,,,,,,,,,,,,,,,,,,,,,,,,,,,,,,,,,,,,
2000-03-10,1325,1245,994,823,399,1245,959,1229,1820,1378,561,93,185,69,70,84,106,109,109,49,227,109,41,108,50,115,25,331,17,19,29,178,301,1,454,1450,0,1501,204,623,40,249,187,416,322,43,12,34,85,30,21,156,539,126,301,,,,,,,,,,,,,,,,,,,,,,,,,,,,,,,,,,,,,,,,,,,
2000-03-17,1342,1245,999,822,395,1244,968,1228,1776,1387,552,94,188,69,71,85,101,107,107,48,228,110,42,101,51,116,25,331,14,19,29,184,300,1,414,1450,0,1510,205,621,44,250,187,428,330,43,12,35,86,29,21,163,619,126,307,,,,,,,,,,,,,,,,,,,,,,,,,,,,,,,,,,,,,,,,,,,
2000-03-24,1362,1231,1013,819,394,1248,967,1244,1783,1397,559,95,181,70,73,86,103,111,107,50,229,112,43,106,51,116,25,331,14,26,29,185,296,0,374,1450,0,1510,206,616,44,251,187,437,329,43,12,32,84,29,21,167,619,126,307,,,,,,,,,,,,,,,,,,,,,,,,,,,,,,,,,,,,,,,,,,,
2000-03-31,1400,1227,1021,794,396,1245,981,1239,1796,1378,558,93,191,69,73,85,116,112,109,50,229,106,41,111,47,116,25,331,14,26,29,186,296,0,334,1457,0,1508,204,615,43,251,187,429,317,43,10,53,86,29,21,167,636,126,307,,,,,,,,,,,,,,,,,,,,,,,,,,,,,,,,,,,,,,,,,,,
2000-04-07,1412,1224,1024,793,400,1243,974,1233,1820,1395,563,95,186,75,74,86,114,110,110,50,225,110,41,110,49,118,25,331,14,25,29,186,293,0,334,1453,0,1507,204,618,41,247,187,431,321,44,12,36,89,29,21,168,636,126,307,,,,,,,,,,,,,,,,,,,,,,,,,,,,,,,,,,,,,,,,,,,
2000-04-14,1459,1229,1015,796,400,1232,988,1233,1837,1410,551,95,183,72,73,85,112,110,112,50,225,109,42,109,50,117,25,322,14,25,29,186,294,0,294,1453,0,1507,203,620,43,242,187,437,316,44,11,37,91,29,21,170,636,126,307,,,,,,,,,,,,,,,,,,,,,,,,,,,,,,,,,,,,,,,,,,,
2000-04-21,1497,1227,1028,805,399,1243,979,1241,1840,1430,555,95,188,70,69,85,111,110,112,48,220,109,42,111,50,117,25,322,14,25,29,184,292,0,254,1453,0,1507,201,616,43,241,187,446,325,42,9,32,88,44,21,178,636,126,307,,,,,,,,,,,,,,,,,,,,,,,,,,,,,,,,,,,,,,,,,,,
2000-04-28,1476,1202,1024,807,400,1244,978,1242,1850,1419,555,94,186,71,70,84,119,110,112,48,222,111,43,110,49,119,25,322,14,25,29,178,298,0,214,1453,0,1505,203,623,43,234,187,447,319,44,9,31,90,44,21,199,636,126,347,,,,,,,,,,,,,,,,,,,,,,,,,,,,,,,,,,,,,,,,,,,
2000-05-05,1457,1225,1025,791,400,1242,950,1247,1856,1426,565,94,184,70,71,83,115,108,112,50,224,111,42,102,49,118,25,322,14,29,29,171,300,0,174,1452,0,1510,206,628,41,239,187,434,331,44,12,28,94,44,18,213,647,126,377,,,,,,,,,,,,,,,,,,,,,,,,,,,,,,,,,,,,,,,,,,,
2000-05-12,1495,1226,1023,803,400,1245,965,1246,1861,1439,574,99,184,70,72,82,113,109,109,50,228,106,43,102,49,117,25,322,14,37,29,166,292,0,134,1452,5,1510,206,629,43,243,177,436,323,43,12,28,90,44,18,215,640,126,377,,,,,,,,,,,,,,,,,,,,,,,,,,,,,,,,,,,,,,,,,,,
2000-05-19,1522,1227,1023,796,399,1248,974,1244,1880,1437,565,102,191,70,72,84,111,107,107,50,227,113,43,104,46,117,25,316,11,40,29,166,293,0,94,1451,0,1510,206,631,43,253,177,436,342,43,12,27,95,44,20,227,640,126,377,,,,,,,,,,,,,,,,,,,,,,,,,,,,,,,,,,,,,,,,,,,
2000-05-26,1556,1220,1010,796,399,1207,972,1220,1879,1428,567,99,193,70,72,84,116,109,111,50,228,113,43,102,0,113,25,316,11,40,29,170,298,0,54,1490,0,1510,208,621,43,266,177,439,346,43,12,18,94,44,20,242,632,126,377,49,80,,,,,,,,,,,,,,,,,,,,,,,,,,,,,,,,,,,,,,,,,
2000-06-02,1523,1225,1016,804,400,1232,938,1234,1848,1438,564,91,192,69,72,84,113,111,114,50,226,109,44,103,0,114,25,316,11,38,29,171,291,0,3,1457,0,1510,206,622,40,270,177,420,343,44,0,33,96,44,21,243,632,126,377,46,160,,,,,,,,,,,,,,,,,,,,,,,,,,,,,,,,,,,,,,,,,
2000-06-09,1507,1218,1016,770,400,1247,942,1198,1861,1434,561,93,187,69,73,83,109,108,113,50,227,110,42,101,0,113,25,315,11,39,29,170,297,0,3,1457,0,1512,207,618,44,270,189,422,348,43,12,32,94,44,21,250,637,121,377,49,240,,,,,,,,,,,,,,,,,,,,,,,,,,,,,,,,,,,,,,,,,
2000-06-16,1472,1227,1007,779,400,1218,948,1220,1832,1421,559,100,201,68,72,83,107,108,109,47,219,113,42,101,0,116,25,315,10,39,29,173,300,0,1,1450,0,1512,208,628,38,274,196,418,365,43,12,29,98,44,20,257,637,126,377,49,320,,,,,,,,,,,,,,,,,,,,,,,,,,,,,,,,,,,,,,,,,
2000-06-23,1419,1203,985,788,400,1232,954,1213,1838,1409,558,96,207,71,70,82,107,108,110,0,218,112,42,103,0,115,25,315,10,39,29,172,293,0,1,1450,0,1512,206,633,42,261,196,413,362,43,12,29,91,44,22,257,695,126,377,100,338,,,,,,,,,,,,,,,,,,,,,,,,,,,,,,,,,,,,,,,,,
2000-06-30,1371,1217,989,783,400,1234,961,1225,1846,1408,555,96,205,70,74,82,105,103,107,0,220,113,42,110,0,113,25,315,10,39,29,174,300,0,1,1450,0,1512,204,617,41,257,193,421,364,43,10,28,95,44,21,258,695,126,377,100,338,,,,,,,,,,,,,,,,,,,,,,,,,,,,,,,,,,,,,,,,,
2000-07-07,1373,1218,988,791,400,1238,952,1235,1848,1402,541,97,205,70,72,84,114,104,108,0,219,109,41,100,0,108,25,315,10,39,29,171,298,0,1,1448,0,1512,198,611,40,249,194,416,360,43,7,29,88,44,21,263,692,126,377,100,338,34,,,,,,,,,,,,,,,,,,,,,,,,,,,,,,,,,,,,,,,,
2000-07-14,1385,1225,986,789,400,1238,955,1230,1847,1392,538,96,195,68,71,83,110,103,107,0,222,113,44,103,0,106,25,326,10,39,29,174,295,0,1,1448,0,1511,196,583,44,252,194,410,365,43,7,28,88,44,21,265,692,155,377,100,338,34,,,,,,,,,,,,,,,,,,,,,,,,,,,,,,,,,,,,,,,,
2000-07-21,1402,1227,983,787,399,1243,953,1226,1845,1409,537,98,203,70,70,85,107,108,110,0,226,112,43,102,0,108,25,326,10,39,30,170,299,0,1,1447,0,1511,196,580,45,255,194,426,374,43,7,26,84,44,21,273,692,155,377,93,338,34,,,,,,,,,,,,,,,,,,,,,,,,,,,,,,,,,,,,,,,,
2000-07-28,1441,1225,981,790,397,1240,959,1220,1859,1407,549,96,203,71,72,85,109,109,109,0,222,111,40,96,0,109,25,326,10,38,30,174,301,0,1,1455,0,1511,196,579,44,261,194,416,370,42,7,29,82,44,21,274,690,155,377,102,340,34,,,,,,,,,,,,,,,,,,,,,,,,,,,,,,,,,,,,,,,,
2000-08-04,1464,1224,983,786,397,1211,957,1220,1867,1402,554,98,200,70,71,85,119,109,111,0,206,107,38,99,0,108,25,324,9,38,29,173,299,0,1,1455,0,1511,195,580,45,259,193,399,352,43,12,38,72,44,21,277,690,155,377,104,340,34,,,,,,,,,,,,,,,,,,,,,,,,,,,,,,,,,,,,,,,,
2000-08-11,1447,1225,987,777,399,1198,967,1223,1876,1411,551,94,200,69,70,84,117,109,112,0,198,111,42,103,0,111,25,324,9,38,28,174,299,0,1,1455,0,1512,195,583,41,263,193,408,362,43,12,37,78,44,21,277,702,154,377,103,340,33,,,,,,,,,,,,,,,,,,,,,,,,,,,,,,,,,,,,,,,,
2000-08-18,1426,1227,982,804,400,1175,976,1229,1885,1414,568,94,195,69,71,85,116,108,111,0,190,111,42,108,0,114,25,324,9,38,30,174,301,0,1,1454,0,1511,196,583,42,256,187,407,359,43,18,31,70,44,21,278,694,154,377,102,337,33,,,,,,,,,,,,,,,,,,,,,,,,,,,,,,,,,,,,,,,,
2000-08-25,1404,1215,986,800,400,1210,978,1240,1883,1403,570,93,201,69,72,85,110,108,109,0,141,111,42,106,0,119,25,324,9,38,30,173,303,0,1,1454,0,1511,196,577,43,259,188,390,364,43,10,29,85,44,21,282,693,154,372,102,337,33,,,,,,,,,,,,,,,,,,,,,,,,,,,,,,,,,,,,,,,,
2000-09-01,1416,1220,969,809,396,1215,976,1238,1906,1401,570,95,209,68,72,84,114,106,109,0,121,102,44,107,0,118,25,324,9,38,30,174,296,0,0,1451,0,1511,198,573,44,254,188,394,355,43,12,29,79,44,21,284,693,154,377,103,336,33,,,,,,,,,,,,,,,,,,,,,,,,,,,,,,,,,,,,,,,,
2000-09-08,1451,1220,979,797,394,1214,977,1230,1903,1408,565,94,199,70,70,85,121,107,111,0,115,100,43,106,0,115,25,303,9,38,30,164,294,0,0,1451,0,1511,198,581,39,257,188,397,347,44,12,27,89,44,20,288,693,154,377,98,336,32,,,,,,,,,,,,,,,,,,,,,,,,,,,,,,,,,,,,,,,,
2000-09-15,1443,1217,995,796,399,1242,986,1237,1892,1405,575,95,192,73,70,85,118,107,109,,109,106,44,106,,120,25,303,9,38,30,152,292,0,,1451,0,1511,195,590,42,258,188,414,354,44,10,25,88,44,20,296,693,154,377,95,335,32,,,,,,,,,,,,,,,,,,,,,,,,,,,,,,,,,,,,,,,,
2000-09-22,1434,1215,1000,807,400,1251,987,1239,1903,1418,574,94,201,71,71,85,114,108,113,,91,107,42,110,,123,25,303,3,38,30,150,297,0,,1451,0,1511,193,595,43,262,176,421,358,44,10,25,88,44,20,298,691,154,377,104,335,32,,,,,,,,,,,,,,,,,,,,,,,,,,,,,,,,,,,,,,,,
2000-09-29,1404,1217,992,805,400,1320,992,1237,1891,1421,569,97,198,72,70,83,113,109,111,,0,105,42,111,,120,25,303,3,38,30,150,295,0,,1448,0,1511,194,601,46,262,176,420,354,43,12,25,85,42,19,313,691,154,377,103,335,32,,,,,,,,,,,,,,,,,,,,,,,,,,,,,,,,,,,,,,,,
2000-10-06,1375,1219,993,809,397,1326,977,1241,1897,1418,561,95,203,72,70,86,123,107,106,,0,110,44,106,,120,25,303,3,38,30,149,292,0,,1450,0,1510,197,597,41,263,176,421,349,43,11,34,84,41,19,312,691,154,377,102,335,32,,,,,,,,,,,,,,,,,,,,,,,,,,,,,,,,,,,,,,,,
2000-10-13,1354,1220,998,825,399,1329,976,1238,1893,1439,560,96,202,73,71,88,117,107,110,,0,110,42,104,,117,25,303,3,37,30,149,298,0,,1450,0,1510,197,602,43,260,176,421,349,43,11,36,90,35,19,313,691,154,377,100,333,31,,,,,,,,,,,,,,,,,,,,,,,,,,,,,,,,,,,,,,,,
2000-10-20,1359,1211,1005,823,399,1338,984,1242,1899,1433,570,96,196,70,71,86,115,107,108,,37,110,41,106,,120,25,301,3,37,30,150,303,0,,1450,0,1513,196,604,44,262,136,429,353,43,8,35,92,30,18,316,691,153,378,100,334,31,,,,,,,,,,,,,,,,,,,,,,,,,,,,,,,,,,,,,,,,
2000-10-27,1394,1210,1011,817,393,1352,992,1234,1902,1440,563,96,197,70,72,86,122,106,106,,58,110,39,99,,119,25,301,3,37,30,148,303,0,,1451,0,1514,197,623,43,266,96,439,348,43,12,35,88,22,19,315,689,153,377,94,334,31,,,,,,,,,,,,,,,,,,,,,,,,,,,,,,,,,,,,,,,,
2000-11-03,1421,1211,1011,814,393,1342,986,1224,1891,1425,567,93,185,71,72,85,121,104,105,,86,99,41,99,,115,25,301,3,37,30,151,302,0,,1451,0,1514,199,618,42,277,56,433,355,43,10,32,92,22,19,317,689,153,377,92,334,31,,,,,,,,,,,,,,,,,,,,,,,,,,,,,,,,,,,,,,,,
2000-11-10,1420,1212,1016,811,399,1340,990,1229,1877,1448,570,93,192,69,68,84,119,106,107,,107,102,42,103,,116,25,301,3,37,30,151,301,0,,1451,0,1514,199,601,44,269,16,446,354,43,10,32,95,40,35,320,689,153,377,98,334,31,,,,,,,,,,,,,,,,,,,,,,,,,,,,,,,,,,,,,,,,
2000-11-17,1429,1217,1013,812,399,1343,988,1233,1891,1462,571,91,202,69,72,84,112,103,106,,132,103,41,104,,115,25,301,3,37,30,137,299,0,,1451,0,1514,200,650,42,269,13,449,362,43,9,32,92,40,39,320,689,72,377,100,334,29,,,,,,,,,,,,,,,,,,,,,,,,,,,,,,,,,,,,,,,,
2000-11-24,1424,1217,1014,810,399,1354,987,1234,1903,1454,567,94,204,69,70,82,105,104,106,,130,106,40,106,,107,25,301,3,37,30,131,298,0,,1451,0,1514,200,658,44,261,13,446,355,43,0,32,94,40,39,321,689,72,373,97,334,29,,,,,,,,,,,,,,,,,,,,,,,,,,,,,,,,,,,,,,,,
2000-12-01,1412,1221,984,810,395,1373,985,1241,1904,1454,545,93,198,67,69,81,113,100,106,,127,105,42,103,,104,25,298,3,37,30,131,301,0,,1451,0,1515,200,655,42,274,0,444,348,43,12,32,94,44,39,320,690,72,375,93,329,27,,,,,,,,,,,,,,,,,,,,,,,,,,,,,,,,,,,,,,,,
2000-12-08,1401,1218,999,804,398,1361,980,1238,1909,1452,548,84,200,69,68,81,105,101,106,,144,108,43,107,,98,25,298,3,37,30,135,303,0,,1490,0,1515,202,636,42,269,0,445,328,43,12,31,99,44,39,319,690,72,377,93,329,26,,,,,,,,,,,,,,,,,,,,,,,,,,,,,,,,,,,,,,,,
2000-12-15,1451,1219,1000,817,400,1367,969,1239,1904,1438,555,89,195,69,68,83,115,100,107,,158,111,42,107,,108,25,298,3,37,30,133,301,0,,1453,0,1515,200,589,44,280,0,439,325,43,12,30,93,44,43,322,690,72,377,100,329,26,,,,,,,,,,,,,,,,,,,,,,,,,,,,,,,,,,,,,,,,
2000-12-22,1480,1219,1033,816,400,1362,981,1201,1885,1448,573,90,197,71,70,80,114,98,105,,146,99,42,104,,105,0,298,3,37,30,136,296,16,,1453,0,1515,198,641,41,301,,438,322,44,11,30,89,44,41,321,688,0,377,89,329,26,,,,,,,,,,,,,,,,,,,,,,,,,,,,,,,,,,,,,,,,
2000-12-29,1445,1226,1031,834,397,1370,988,1198,1898,1439,563,90,201,68,70,82,118,94,102,,141,101,41,98,,108,25,298,3,37,30,135,298,8,,1453,0,1515,198,646,43,286,,434,309,43,0,29,88,44,39,320,688,0,377,90,328,26,,,,,,,,,,,,,,,,,,,,,,,,,,,,,,,,,,,,,,,,
2001-01-05,1382,1226,1035,828,396,1388,992,1201,1903,1437,563,91,196,69,70,80,115,95,103,,140,96,40,96,,105,25,298,3,37,30,132,302,8,,1453,0,1515,193,645,43,290,,446,320,43,0,26,87,44,39,320,687,0,377,96,327,25,,,,,,,,,,,,,,,,,,,,,,,,,,,,,,,,,,,,,,,,
2001-01-12,1415,1221,1032,827,397,1327,982,1200,1890,1454,554,84,201,68,68,80,120,98,100,,149,98,40,95,,105,25,294,3,37,30,133,301,8,,1453,0,1510,188,641,43,294,,458,316,43,12,26,89,40,33,324,687,0,377,97,327,25,71,,,,,,,,,,,,,,,,,,,,,,,,,,,,,,,,,,,,,,,
2001-01-19,1424,1221,1032,816,397,1277,988,1184,1893,1479,564,82,197,68,69,79,119,102,102,,158,102,41,97,,106,25,294,4,37,30,134,298,8,,1453,0,1506,182,628,42,317,,465,316,43,12,24,88,39,32,334,687,0,369,97,325,25,127,,,,,,,,,,,,,,,,,,,,,,,,,,,,,,,,,,,,,,,
2001-01-26,1430,1225,1046,821,399,1228,986,1208,1888,1481,564,80,195,70,71,79,117,105,110,,168,104,40,89,,102,25,294,0,37,30,141,301,8,,1451,0,1504,178,613,41,310,,468,311,41,10,24,90,36,33,335,688,,378,90,325,24,179,,,,,,,,,,,,,,,,,,,,,,,,,,,,,,,,,,,,,,,
2001-02-02,1436,1222,1029,821,398,1216,991,1196,1891,1445,552,87,200,71,71,74,114,103,108,,170,97,44,92,,104,25,294,0,37,29,138,299,8,,1453,0,1503,179,615,37,305,,482,310,43,8,24,89,36,29,334,688,,378,82,325,24,219,,,,,,,,,,,,,,,,,,,,,,,,,,,,,,,,,,,,,,,
2001-02-09,1356,1226,1027,824,400,1221,961,1211,1886,1464,565,89,202,69,72,77,121,107,109,,181,96,40,97,,111,25,293,0,36,29,139,302,8,,1455,0,1503,178,618,41,296,,447,302,43,10,25,86,35,28,335,688,,378,84,325,24,256,,,,,,,,,,,,,,,,,,,,,,,,,,,,,,,,,,,,,,,
2001-02-16,1365,1226,987,818,400,1219,965,1210,1889,1450,566,92,210,67,70,74,118,105,108,,184,101,41,98,,116,25,293,0,36,30,139,301,8,,1455,0,1505,179,613,42,287,,450,314,44,10,24,91,35,28,335,688,,378,95,285,24,296,,,,,,,,,,,,,,,,,,,,,,,,,,,,,,,,,,,,,,,
2001-02-23,1435,1226,1014,816,399,1239,980,1208,1879,1463,565,88,220,70,69,78,115,106,108,,190,108,41,104,,122,25,260,0,36,30,138,295,8,,1455,0,1504,178,610,43,288,,465,321,44,8,22,91,29,27,335,930,,378,94,0,24,296,,,,,,,,,,,,,,,,,,,,,,,,,,,,,,,,,,,,,,,
2001-03-02,1412,1213,1018,816,398,1233,979,1204,1881,1447,569,92,216,69,72,77,119,106,112,,204,112,41,106,,115,25,260,0,36,30,139,300,8,,1454,0,1504,172,585,44,283,,450,321,43,8,22,93,29,26,346,930,,378,98,0,24,336,17,,,,,,,,,,,,,,,,,,,,,,,,,,,,,,,,,,,,,,
2001-03-09,1336,1224,1021,805,397,1221,975,1208,1876,1460,570,92,228,68,72,72,119,109,109,,207,111,41,111,,117,25,260,0,36,30,139,302,8,,1454,0,1504,172,571,41,278,,448,325,43,12,21,94,29,26,346,930,,378,97,0,24,411,21,,,,,,,,,,,,,,,,,,,,,,,,,,,,,,,,,,,,,,
2001-03-16,1393,1225,1012,808,398,1207,973,1198,1865,1420,560,93,212,69,71,74,108,102,109,,216,109,43,113,,119,25,260,0,36,30,138,297,8,,1454,0,1504,172,574,42,273,,445,332,43,12,21,96,29,26,347,972,,378,92,0,21,450,21,,,,,,,,,,,,,,,,,,,,,,,,,,,,,,,,,,,,,,
2001-03-23,1381,1227,1009,796,400,1230,973,1179,1845,1431,571,91,221,70,70,80,104,103,110,,218,110,42,113,,119,25,260,0,36,30,138,300,8,,1453,0,1504,174,551,42,276,,448,322,43,12,20,94,29,26,353,1003,,378,98,0,21,451,35,,,,,,,,,,,,,,,,,,,,,,,,,,,,,,,,,,,,,,
2001-03-30,1423,1199,1009,811,397,1235,980,1153,1858,1454,566,93,224,71,71,84,102,108,109,,223,109,43,114,,120,25,228,0,36,30,140,292,8,,1453,0,1503,172,530,44,279,,455,333,43,12,21,96,29,26,353,1003,,377,98,0,21,529,50,,,,,,,,,,,,,,,,,,,,,,,,,,,,,,,,,,,,,,
2001-04-06,1362,1225,1006,816,400,1234,970,1141,1863,1456,574,94,235,69,70,85,106,105,112,,226,110,42,116,,117,25,228,0,36,30,127,298,9,,1453,0,1502,175,532,43,273,,451,329,43,12,20,92,29,26,354,1003,,377,100,0,21,564,50,,,,,,,,,,,,,,,,,,,,,,,,,,,,,,,,,,,,,,
2001-04-13,1339,1227,1020,811,397,1222,974,1147,1870,1443,571,94,247,69,75,84,104,100,107,,219,110,41,111,,120,25,228,0,36,30,127,299,9,,1457,0,1471,173,535,43,281,,441,326,43,12,35,89,25,22,359,1003,,371,99,0,21,598,50,,,,,,,,,,,,,,,,,,,,,,,,,,,,,,,,,,,,,,
2001-04-20,1306,1224,1015,814,399,1240,980,1115,1884,1451,567,96,249,70,71,84,102,102,110,,217,111,42,116,,123,25,224,0,36,30,107,294,1,,1447,0,1471,172,537,44,285,,439,328,43,11,30,86,25,22,368,1001,,371,99,0,21,637,75,,,,,,,,,,,,,,,,,,,,,,,,,,,,,,,,,,,,,,
2001-04-27,1263,1222,978,816,400,1234,979,1132,1891,1451,565,93,242,71,73,84,110,109,109,,214,110,41,113,,120,25,224,0,36,30,126,302,1,,1446,0,1436,171,543,43,283,,431,339,43,9,30,85,16,22,367,1001,,376,102,0,21,676,75,,,,,,,,,,,,,,,,,,,,,,,,,,,,,,,,,,,,,,
2001-05-04,1236,1223,992,818,400,1238,952,1139,1900,1453,566,93,237,70,73,83,113,108,110,,211,110,43,112,,120,25,224,0,35,30,129,302,0,,1449,0,1469,173,541,43,279,,419,338,43,12,30,84,16,22,361,1001,,376,99,0,27,715,75,,,,,,,,,,,,,,,,,,,,,,,,,,,,,,,,,,,,,,
2001-05-11,1181,1223,1017,808,400,1241,965,1145,1900,1430,571,97,247,70,71,84,112,109,113,,212,109,43,112,,121,25,217,0,35,30,127,298,0,,1449,0,1461,174,537,44,281,,439,344,43,11,29,75,16,22,360,1001,,375,100,0,30,750,75,,,,,,,,,,,,,,,,,,,,,,,,,,,,,,,,,,,,,,
2001-05-18,1214,1216,1010,806,393,1227,975,1144,1893,1428,568,95,251,68,73,84,105,110,111,,210,110,43,112,,118,25,216,0,35,30,129,301,0,,1449,0,1468,175,536,42,283,,430,348,43,10,29,81,16,22,360,1001,,375,102,0,30,764,74,,,,,,,,,,,,,,,,,,,,,,,,,,,,,,,,,,,,,,
2001-05-25,1221,1216,1017,809,392,1229,982,1151,1905,1433,567,93,253,69,72,84,110,109,112,,208,110,38,111,,121,25,218,0,35,30,129,295,0,,1449,0,1433,173,541,43,273,,425,345,43,10,28,82,16,22,358,1003,,368,101,0,33,770,74,,,,,,,,,,,,,,,,,,,,,,,,,,,,,,,,,,,,,,
2001-06-01,1190,1221,1014,810,390,1218,972,1144,1878,1426,566,94,251,70,73,83,110,109,108,,204,109,40,109,,120,25,218,0,35,30,128,300,0,,1489,0,1433,171,543,42,258,,419,352,43,0,28,79,16,22,361,1003,,368,96,0,33,766,74,,,,,,,,,,,,,,,,,,,,,,,,,,,,,,,,,,,,,,
2001-06-08,1222,1221,1022,805,397,1241,971,1142,1891,1422,572,95,250,70,75,83,122,108,105,,217,109,39,110,,122,25,210,0,36,30,128,297,0,,1448,0,1409,176,568,41,252,,408,357,43,12,28,79,0,0,357,1003,,377,97,0,33,772,74,,,,,,,,,,,,,,,,,,,,,,,,,,,,,,,,,,,,,,
2001-06-15,1219,1207,1014,800,396,1238,966,1148,1894,1431,571,93,248,70,70,83,116,109,113,,211,110,43,111,,121,25,210,0,34,30,129,302,0,,1449,0,1409,191,577,41,255,,410,355,43,21,13,79,0,0,360,1003,,377,98,0,33,777,73,,,,,,,,,,,,,,,,,,,,,,,,,,,,,,,,,,,,,,
2001-06-22,1193,1217,1009,792,398,1234,974,1143,1893,1432,570,94,257,70,70,84,122,106,111,,207,110,44,112,,122,25,210,0,34,30,129,300,0,,1449,0,1409,207,575,44,254,,409,365,43,20,13,76,0,0,357,1002,,377,98,0,33,780,73,,,,,,,,,,,,,,,,,,,,,,,,,,,,,,,,,,,,,,
2001-06-29,1209,1216,1001,791,397,1233,984,1157,1888,1429,567,92,256,70,65,84,115,108,108,,207,109,42,113,,118,25,208,0,34,30,129,300,0,,1448,0,1381,226,585,43,250,,402,362,43,19,27,80,0,0,362,1002,,376,96,0,32,778,73,,,,,,,,,,,,,,,,,,,,,,,,,,,,,,,,,,,,,,
2001-07-06,1222,1215,979,787,396,1228,981,1153,1888,1419,566,95,255,72,67,83,112,106,110,,202,112,43,113,,120,25,208,0,34,30,128,298,0,,1448,0,1381,226,591,41,253,,392,370,43,8,27,77,0,0,362,1002,,376,98,0,32,780,74,,,,,,,,,,,,,,,,,,,,,,,,,,,,,,,,,,,,,,
2001-07-13,1287,1217,981,783,400,1238,966,1148,1868,1414,559,96,256,69,70,85,123,105,105,,194,115,43,108,,121,25,184,0,26,30,128,302,0,,1447,0,1359,243,593,43,253,,386,360,43,12,26,78,0,0,353,1002,,367,96,0,32,770,73,,,,,,,,,,,,,,,,,,,,,,,,,,,,,,,,,,,,,,
2001-07-20,1309,1222,993,780,400,1237,980,1146,1870,1407,569,92,260,64,70,82,118,104,109,,192,111,42,111,,119,25,182,0,26,30,121,299,0,,1448,0,1359,253,592,42,267,,396,361,43,17,26,77,0,0,340,1002,,379,95,0,30,774,74,,,,,,,,,,,,,,,,,,,,,,,,,,,,,,,,,,,,,,
2001-07-27,1305,1217,994,789,398,1236,979,1152,1873,1416,566,93,265,68,69,84,124,105,106,,188,109,42,113,,121,25,181,0,0,30,121,304,0,,1448,0,1359,267,595,43,255,,394,364,43,17,25,78,0,0,334,1001,,379,98,0,30,774,74,,,,,,,,,,,,,,,,,,,,,,,,,,,,,,,,,,,,,,
2001-08-03,1331,1226,1003,767,396,1237,974,1148,1890,1421,567,89,263,69,73,84,122,104,107,,198,113,43,112,,122,25,181,0,0,29,120,300,0,,1447,0,1357,264,584,38,264,,381,363,43,15,24,74,0,0,343,1001,,380,92,0,30,773,73,,,,,,,,,,,,,,,,,,,,,,,,,,,,,,,,,,,,,,
2001-08-10,1297,1223,1013,765,397,1243,979,1154,1898,1435,572,94,258,67,75,82,121,104,110,,201,113,42,111,,123,25,173,0,0,29,119,300,0,,1446,0,1357,266,581,40,260,,383,372,43,5,25,77,0,0,339,999,,380,100,0,30,775,73,,,,,,,,,,,,,,,,,,,,,,,,,,,,,,,,,,,,,,
2001-08-17,1298,1226,1015,773,393,1221,968,1168,1901,1436,568,95,258,69,79,84,117,104,109,,199,114,43,112,,121,25,173,0,0,29,119,299,0,,1453,0,1357,266,576,40,262,,386,358,43,12,14,78,0,0,341,999,,380,101,0,30,779,72,,,,,,,,,,,,,,,,,,,,,,,,,,,,,,,,,,,,,,
2001-08-24,1276,1224,1009,783,397,1237,977,1179,1888,1448,574,95,254,70,78,84,123,108,111,,202,112,44,111,,125,25,172,0,0,29,120,300,0,,1453,0,1325,266,578,42,261,,391,350,43,12,14,80,0,0,341,1001,,378,102,0,30,783,72,,,,,,,,,,,,,,,,,,,,,,,,,,,,,,,,,,,,,,
2001-08-31,1265,1225,1007,796,383,1236,978,1177,1898,1441,570,95,262,68,74,82,118,109,109,,207,113,41,112,,123,25,172,0,0,30,119,300,0,,1456,0,1325,266,576,42,252,,392,342,43,10,13,79,0,0,338,1000,,378,93,0,30,785,66,,,,,,,,,,,,,,,,,,,,,,,,,,,,,,,,,,,,,,
2001-09-07,1278,1225,1006,799,384,1236,973,1172,1920,1439,572,94,263,71,71,81,124,106,107,,206,111,44,113,,123,25,172,0,0,30,119,302,0,,1456,0,1323,268,575,43,254,,401,330,42,9,13,78,0,0,335,1000,,379,92,0,30,785,74,,,,,,,,,,,,,,,,,,,,,,,,,,,,,,,,,,,,,,
2001-09-14,1341,1226,995,786,380,1225,941,1180,1908,1432,564,92,260,71,73,78,121,108,109,,209,112,45,114,,124,25,172,0,0,30,121,293,0,,1486,0,1323,280,576,44,261,,400,318,41,12,12,83,0,0,334,1000,,379,92,0,29,768,73,,,,,,,,,,,,,,,,,,,,,,,,,,,,,,,,,,,,,,
2001-09-21,1460,1226,1006,774,374,1232,946,1164,1903,1414,572,96,264,71,73,82,114,106,113,,195,113,46,112,,122,25,172,0,0,30,121,288,0,,1456,0,1294,296,575,44,270,,413,321,38,12,12,84,0,0,338,1004,,378,95,0,29,767,73,,,,,,,,,,,,,,,,,,,,,,,,,,,,,,,,,,,,,,
2001-09-28,1469,1211,1012,780,379,1223,964,1176,1901,1411,566,92,261,69,72,82,111,106,111,,193,112,46,111,,126,25,161,0,0,30,122,292,0,,1455,0,1293,300,585,43,262,,420,321,37,11,13,87,0,0,334,1002,,378,98,0,29,775,73,,,,,,,,,,,,,,,,,,,,,,,,,,,,,,,,,,,,,,
2001-10-05,1451,1221,1010,786,383,1226,964,1167,1906,1414,566,93,255,69,72,82,113,107,112,,192,109,43,115,,128,25,161,0,,30,118,293,,,1454,0,1292,300,596,41,260,,427,308,36,11,12,89,0,0,333,1001,,378,100,,28,778,73,40,,,,,,,,,,,,,,,,,,,,,,,,,,,,,,,,,,,,,
2001-10-12,1411,1226,1011,791,388,1232,974,1177,1903,1391,568,93,250,70,73,81,121,111,112,,202,114,43,111,,122,25,150,0,,30,120,292,,,1454,0,1227,306,595,42,252,,425,310,33,12,12,89,20,20,330,1001,,378,102,,28,774,73,107,,,,,,,,,,,,,,,,,,,,,,,,,,,,,,,,,,,,,
2001-10-19,1460,1226,1021,792,396,1229,964,1177,1901,1357,569,91,252,71,73,80,120,106,115,,203,113,43,110,,125,25,150,0,,30,121,282,,,1486,0,1162,310,604,42,251,,434,308,32,11,12,90,30,30,324,1001,,378,101,,28,782,73,173,,,,,,,,,,,,,,,,,,,,,,,,,,,,,,,,,,,,,
2001-10-26,1519,1226,1030,796,399,1252,975,1177,1896,1330,574,93,259,70,72,80,123,109,112,,219,113,44,113,,125,25,149,0,,30,125,293,,,1455,0,1099,315,599,42,257,,432,322,29,11,12,90,30,30,313,1004,,378,101,,28,782,73,26,,,,,,,,,,,,,,,,,,,,,,,,,,,,,,,,,,,,,
2001-11-02,1544,1226,1028,808,399,1244,984,1184,1911,1309,569,94,264,70,71,82,116,110,110,,215,111,44,113,,129,25,149,0,,30,125,298,,,1455,0,1037,314,608,38,279,,413,308,29,10,19,93,30,30,312,1004,,378,99,,28,796,71,27,,,,,,,,,,,,,,,,,,,,,,,,,,,,,,,,,,,,,
2001-11-09,1536,1227,1016,812,400,1240,978,1185,1907,1312,584,93,269,70,71,83,121,108,108,,237,110,46,113,,129,25,140,0,,29,125,299,,,1456,0,973,315,606,41,309,,412,321,29,10,19,93,30,30,310,1003,,378,97,,30,829,75,16,,,,,,,,,,,,,,,,,,,,,,,,,,,,,,,,,,,,,
2001-11-16,1553,1227,1028,808,398,1241,985,1182,1909,1302,594,94,269,70,71,84,116,108,112,,239,112,44,115,,129,25,140,0,,29,124,305,,,1456,0,910,315,599,41,311,,405,319,29,9,17,94,30,30,305,1004,,379,103,,30,838,75,18,,,,,,,,,,,,,,,,,,,,,,,,,,,,,,,,,,,,,
2001-11-23,1575,1228,1031,816,396,1237,987,1172,1904,1306,594,93,280,68,71,83,114,110,121,,240,112,44,115,,125,25,140,0,,30,125,303,,,1455,0,846,319,599,42,310,,404,320,29,9,18,94,30,29,299,1003,,379,100,,30,839,75,7,,,,,,,,,,,,,,,,,,,,,,,,,,,,,,,,,,,,,
2001-11-30,1544,1224,1028,817,400,1241,981,1168,1898,1305,594,91,282,71,78,84,119,111,118,,235,109,45,119,,126,25,139,0,,30,125,294,,,1455,0,843,320,594,44,313,,414,318,29,12,17,94,30,29,291,1003,,378,100,,30,843,75,18,,,,,,,,,,,,,,,,,,,,,,,,,,,,,,,,,,,,,
2001-12-07,1495,1226,1034,819,396,1232,995,1175,1901,1331,601,92,279,74,80,85,119,112,117,,241,113,43,115,,127,25,114,0,,30,125,299,,,1479,0,779,320,585,41,320,,423,317,29,11,17,91,30,29,290,1003,,378,98,,30,901,75,45,,,,,,,,,,,,,,,,,,,,,,,,,,,,,,,,,,,,,
2001-12-14,1492,1227,1033,828,399,1248,997,1188,1907,1368,599,94,276,79,80,84,114,108,117,,238,109,43,113,,122,25,114,0,,30,125,304,,,1447,0,716,322,586,42,319,,420,311,29,11,17,94,30,29,289,1000,,378,101,,30,948,74,40,,,,,,,,,,,,,,,,,,,,,,,,,,,,,,,,,,,,,
2001-12-21,1493,1226,1041,819,399,1279,991,1188,1895,1400,600,95,278,80,80,83,115,107,118,,235,109,42,115,,120,25,114,0,,30,107,310,,,1446,0,620,322,584,43,332,,417,298,30,9,17,90,30,29,290,999,,378,98,,30,973,99,37,,,,,,,,,,,,,,,,,,,,,,,,,,,,,,,,,,,,,
2001-12-28,1518,1223,1047,814,400,1278,987,1188,1897,1400,595,94,279,80,80,80,112,108,115,,234,108,41,114,,122,25,114,0,,30,102,315,,,1446,0,620,322,588,43,334,,415,301,29,0,17,91,30,29,284,999,,378,98,,30,967,99,46,,,,,,,,,,,,,,,,,,,,,,,,,,,,,,,,,,,,,
2002-01-04,1504,1221,1044,817,400,1270,985,1181,1891,1395,595,93,271,79,80,80,110,107,115,,235,108,41,110,,122,25,114,0,,30,102,319,,,1446,0,620,322,590,43,329,,420,300,29,0,17,90,30,29,279,999,,378,95,,31,964,99,31,,,,,,,,,,,,,,,,,,,,,,,,,,,,,,,,,,,,,
2002-01-11,1488,1224,1049,818,400,1263,973,1179,1887,1402,586,97,268,74,80,75,116,111,113,,227,109,43,113,,116,25,114,0,,30,97,329,,,1417,0,588,319,600,36,330,,423,305,29,0,13,96,30,29,288,999,,379,89,,31,968,99,38,,,,,,,,,,,,,,,,,,,,,,,,,,,,,,,,,,,,,
2002-01-18,1475,1220,1060,829,399,1269,985,1178,1899,1456,586,94,270,72,79,79,112,109,111,,233,110,45,110,,117,25,114,0,,30,92,327,,,1385,0,556,319,593,35,340,,415,299,29,10,14,91,30,28,283,1002,,379,93,,31,976,99,42,,,,,,,,,,,,,,,,,,,,,,,,,,,,,,,,,,,,,
2002-01-25,1490,1224,1056,830,399,1270,989,1170,1892,1454,600,94,268,74,77,83,116,114,115,,226,110,48,111,,121,25,106,0,,30,88,324,,,1358,0,556,321,595,39,338,,415,305,29,10,13,91,30,28,285,1000,,374,97,,31,978,98,34,,,,,,,,,,,,,,,,,,,,,,,,,,,,,,,,,,,,,
2002-02-01,1507,1225,1024,825,400,1275,987,1182,1893,1461,599,93,273,77,75,84,110,112,115,,225,110,43,108,,120,25,106,0,,30,83,325,,,1358,0,556,320,606,37,331,,417,305,29,9,13,90,30,26,307,1000,,379,101,,30,967,97,32,,,,,,,,,,,,,,,,,,,,,,,,,,,,,,,,,,,,,
2002-02-08,1579,1224,1016,819,400,1286,978,1179,1891,1455,593,91,272,79,76,85,116,108,118,,213,110,45,114,,119,25,106,0,,29,81,325,,,1357,0,524,319,606,41,340,,418,306,29,9,13,87,30,29,311,1003,,379,103,,30,961,100,38,,,,,,,,,,,,,,,,,,,,,,,,,,,,,,,,,,,,,
2002-02-15,1562,1228,1010,834,400,1290,989,1180,1887,1471,592,93,275,78,80,84,112,109,120,,220,111,46,115,,120,25,106,0,,30,77,325,,,1328,0,524,319,607,44,335,,418,289,29,12,13,84,30,28,323,998,,378,103,,30,959,100,39,,,,,,,,,,,,,,,,,,,,,,,,,,,,,,,,,,,,,
2002-02-22,1576,1224,1011,836,400,1273,988,1182,1890,1475,597,93,277,80,79,83,108,111,118,,215,113,46,113,,119,25,99,0,,29,77,326,,,1352,0,499,324,613,42,337,,407,303,29,12,0,85,30,28,331,997,,377,102,,30,976,100,45,,,,,,,,,,,,,,,,,,,,,,,,,,,,,,,,,,,,,
2002-03-01,1561,1227,1020,826,399,1284,986,1170,1898,1473,592,93,265,80,80,84,112,110,117,,220,111,45,113,,120,25,99,0,,29,79,325,,,1352,0,499,321,622,41,337,,412,299,29,12,,82,30,30,324,997,,377,105,,29,966,99,312,,,,,,,,,,,,,,,,,,,,,,,,,,,,,,,,,,,,,
2002-03-08,1554,1226,1031,825,391,1281,988,1188,1899,1461,597,94,269,80,80,85,119,110,118,,222,116,45,114,,122,25,98,0,,30,80,320,,,1383,0,611,324,625,42,329,,401,313,29,10,,79,30,30,324,997,,233,106,,29,970,100,326,,,,,,,,,,,,,,,,,,,,,,,,,,,,,,,,,,,,,
2002-03-15,1566,1228,1042,829,395,1292,989,1185,1899,1458,594,95,275,80,80,84,108,111,121,,222,113,45,114,,122,25,93,0,,29,79,321,,,1383,0,803,326,628,42,331,,375,311,29,11,,79,30,30,322,997,,41,105,,30,961,100,329,,,,,,,,,,,,,,,,,,,,,,,,,,,,,,,,,,,,,
2002-03-22,1575,1226,1045,832,400,1285,993,1185,1917,1462,600,96,275,79,80,84,104,110,120,,225,114,48,114,,119,25,92,0,,29,79,324,,,1410,0,802,327,632,44,324,,383,314,29,11,,83,29,29,318,996,,0,104,,28,986,100,337,,,,,,,,,,,,,,,,,,,,,,,,,,,,,,,,,,,,,
2002-03-29,1577,1225,1043,829,400,1282,987,1188,1918,1455,599,93,277,79,80,84,111,108,119,,228,110,47,112,,120,25,91,0,,29,80,324,,,1436,0,771,328,634,40,328,,377,311,29,11,,78,30,30,322,996,,0,103,,30,1001,99,352,,,,,,,,,,,,,,,,,,,,,,,,,,,,,,,,,,,,,
2002-04-05,1571,1224,1044,819,400,1298,993,1188,1908,1456,602,94,282,77,80,83,117,111,118,,232,109,48,115,,124,25,91,0,,29,80,318,,,1436,0,771,329,632,44,325,,370,314,29,9,,76,30,30,322,995,,0,95,,30,996,99,350,,,,,,,,,,,,,,,,,,,,,,,,,,,,,,,,,,,,,
2002-04-12,1557,1227,1040,833,400,1309,994,1188,1907,1469,601,93,281,80,80,84,117,110,119,,223,110,47,116,,123,25,82,0,,29,80,310,,,1436,0,771,325,636,46,336,,370,315,29,11,,80,30,30,327,996,,0,96,,30,994,99,348,,,,,,,,,,,,,,,,,,,,,,,,,,,,,,,,,,,,,
2002-04-19,1565,1224,1047,836,400,1295,986,1187,1910,1449,597,94,276,80,81,83,113,109,119,,226,112,44,113,,124,25,82,0,,29,79,311,,,1452,0,768,325,632,41,340,,378,319,29,11,,78,30,30,330,1029,,0,98,,30,993,100,358,,,,,,,,,,,,,,,,,,,,,,,,,,,,,,,,,,,,,
2002-04-26,1540,1227,1049,821,400,1289,977,1188,1904,1468,594,94,282,81,80,85,119,109,122,,223,108,44,115,,121,25,82,0,,29,81,301,,,1451,0,770,324,638,42,341,,381,332,29,8,,82,29,30,335,1060,,0,99,,30,998,100,338,,,,,,,,,,,,,,,,,,,,,,,,,,,,,,,,,,,,,
2002-05-03,1547,1228,1046,827,399,1284,978,1185,1905,1468,599,94,284,81,80,86,125,108,120,,218,114,44,114,,120,25,74,0,,30,80,300,,,1448,0,770,323,639,44,356,,390,332,29,8,,80,28,30,344,1060,,0,103,,30,991,100,360,,,,,,,,,,,,,,,,,,,,,,,,,,,,,,,,,,,,,
2002-05-10,1541,1226,1044,827,400,1287,990,1187,1918,1466,594,94,280,81,80,85,116,110,119,,220,110,46,115,,123,25,74,0,,30,80,298,,,1447,0,769,323,637,41,360,,370,337,29,12,,82,28,30,345,1060,,0,101,,30,991,98,358,,,,,,,,,,,,,,,,,,,,,,,,,,,,,,,,,,,,,
2002-05-17,1552,1228,1022,826,400,1289,994,1190,1907,1472,596,96,276,80,80,85,111,109,118,,220,114,45,111,,118,25,74,0,,30,80,302,,,1449,0,772,322,637,43,367,,370,336,29,10,,85,30,30,348,1060,,0,101,,30,987,100,372,,,,,,,,,,,,,,,,,,,,,,,,,,,,,,,,,,,,,
2002-05-24,1535,1226,1035,824,399,1286,994,1187,1922,1458,604,96,277,80,80,84,108,108,118,,222,115,46,112,,119,25,74,0,,30,80,303,,,1449,0,772,318,641,44,358,,372,343,29,10,,85,30,30,346,1062,,0,100,,30,989,99,370,,,,,,,,,,,,,,,,,,,,,,,,,,,,,,,,,,,,,
2002-05-31,1556,1226,1038,824,399,1285,992,1175,1921,1452,599,94,278,80,79,84,104,107,118,,225,117,42,110,,116,25,74,0,,30,80,303,,,1449,0,772,314,634,42,361,,376,335,29,10,,85,30,30,356,1060,,0,100,,30,982,99,355,,,,,,,,,,,,,,,,,,,,,,,,,,,,,,,,,,,,,
2002-06-07,1531,1211,1055,827,400,1298,993,1187,1929,1469,603,95,275,81,80,84,111,108,118,,218,116,44,114,,120,25,65,0,,30,80,309,,,1454,0,772,318,627,39,366,,372,341,29,0,,79,30,30,356,1060,,0,102,,30,990,99,380,,,,,,,,,,,,,,,,,,,,,,,,,,,,,,,,,,,,,
2002-06-14,1537,1225,1054,823,399,1294,995,1186,1928,1473,594,95,280,80,80,84,109,110,119,,216,112,47,116,,113,25,65,0,,30,80,310,,,1451,0,771,323,632,41,364,,377,337,29,12,,85,30,30,358,1060,,0,102,,30,987,100,377,,,,,,,,,,,,,,,,,,,,,,,,,,,,,,,,,,,,,
2002-06-21,1550,1224,1053,822,400,1286,995,1187,1940,1463,584,94,280,80,80,84,108,108,118,,217,113,49,113,,118,25,65,0,,30,79,306,,,1454,0,766,321,632,43,365,,374,334,29,10,,86,30,30,358,1060,,0,97,,29,989,90,378,,,,,,,,,,,,,,,,,,,,,,,,,,,,,,,,,,,,,
2002-06-28,1557,1228,1050,827,400,1286,994,1201,1922,1467,595,95,281,80,80,83,113,107,118,,210,112,49,114,,122,25,41,0,,30,81,309,,,1452,0,766,321,635,43,362,,371,330,29,10,,85,30,29,362,1085,,0,99,,29,986,82,403,,,,,,,,,,,,,,,,,,,,,,,,,,,,,,,,,,,,,
2002-07-05,1492,1229,1057,828,400,1308,983,1189,1936,1466,599,94,285,80,78,84,111,110,118,,216,113,47,114,,122,25,41,0,,30,78,315,,,1450,0,766,319,642,43,359,,378,334,29,10,,82,30,29,361,1147,,0,98,,30,986,60,388,,,,,,,,,,,,,,,,,,,,,,,,,,,,,,,,,,,,,
2002-07-12,1547,1226,1038,828,400,1307,980,1162,1935,1457,598,95,282,80,80,84,102,107,120,,222,113,46,110,,121,25,38,0,,29,78,316,,,1452,0,749,317,627,43,358,,387,331,29,12,,79,30,29,363,1212,,0,97,,30,997,28,389,,,,,,,,,,,,,,,,,,,,,,,,,,,,,,,,,,,,,
2002-07-19,1542,1227,1046,833,400,1302,987,1178,1933,1435,591,94,279,80,81,84,112,111,115,,232,111,47,111,,121,25,4,0,,28,82,316,,,1451,0,782,312,628,44,358,,388,330,29,10,,78,30,30,356,1212,,0,97,,30,1003,0,394,,,,,,,,,,,,,,,,,,,,,,,,,,,,,,,,,,,,,
2002-07-26,1500,1226,1043,835,400,1305,989,1183,1919,1455,589,93,280,80,80,82,111,112,119,,231,108,49,113,,121,25,0,0,,30,82,314,,,1451,0,782,314,627,42,356,,377,336,28,10,,77,30,30,358,1244,,0,95,,30,990,0,422,,,,,,,,,,,,,,,,,,,,,,,,,,,,,,,,,,,,,
2002-08-02,1521,1224,1046,835,400,1311,982,1184,1918,1470,597,94,278,80,79,84,103,112,118,,229,112,47,112,,121,25,0,0,,27,82,317,,,1449,0,782,315,630,43,358,,379,340,29,9,,77,30,30,358,1244,,0,100,,29,989,0,430,,,,,,,,,,,,,,,,,,,,,,,,,,,,,,,,,,,,,
2002-08-09,1531,1227,1045,799,388,1334,989,1187,1914,1472,591,94,277,80,79,84,109,108,117,,232,110,48,113,,118,25,0,0,,27,85,321,,,1446,0,754,318,623,43,354,,376,323,29,13,,81,30,30,359,1252,,0,104,,29,999,0,412,,,,,,,,,,,,,,,,,,,,,,,,,,,,,,,,,,,,,
2002-08-16,1517,1217,1043,827,400,1337,991,1190,1921,1470,604,94,276,80,80,83,106,108,117,,226,112,48,112,,123,25,0,0,,27,83,318,,,1446,0,786,312,623,43,366,,381,337,29,13,,77,30,30,362,1248,,0,101,,29,986,0,392,,,,,,,,,,,,,,,,,,,,,,,,,,,,,,,,,,,,,
2002-08-23,1512,1226,1052,826,399,1344,988,1194,1926,1467,594,94,278,80,80,84,97,110,118,,224,108,48,113,,122,25,0,0,,27,82,317,,,1445,0,786,316,621,43,370,,393,317,29,13,,83,30,30,363,1246,,0,97,,29,986,0,394,,,,,,,,,,,,,,,,,,,,,,,,,,,,,,,,,,,,,
2002-08-30,1540,1229,1052,823,400,1333,988,1185,1918,1460,594,94,281,78,82,84,98,116,119,,228,114,49,112,,122,25,0,0,,27,82,319,,,1444,0,786,317,622,40,367,,381,320,29,13,,78,30,30,364,1246,,0,96,,30,993,0,402,,,,,,,,,,,,,,,,,,,,,,,,,,,,,,,,,,,,,
2002-09-06,1533,1226,1056,821,400,1320,987,1182,1919,1454,596,94,282,80,82,86,108,109,120,,236,114,47,113,,118,25,0,0,,27,82,323,,,1444,0,786,314,626,42,359,,378,318,29,11,,77,30,30,358,1243,,0,96,,30,993,0,404,20,,,,,,,,,,,,,,,,,,,,,,,,,,,,,,,,,,,,
2002-09-13,1533,1225,1035,813,400,1331,985,1191,1925,1457,591,94,276,80,83,84,107,107,109,,239,109,46,112,,123,25,0,0,,27,83,321,,,1449,0,791,315,624,43,365,,378,316,29,11,,77,30,30,351,1243,,0,99,,30,992,0,395,80,,,,,,,,,,,,,,,,,,,,,,,,,,,,,,,,,,,,
2002-09-20,1507,1221,1042,821,399,1321,983,1172,1916,1468,595,95,276,80,81,85,103,109,113,,248,111,47,112,,119,25,0,0,,29,83,324,,,1449,0,791,319,624,43,361,,393,315,29,11,,79,30,30,346,1243,,0,96,,30,981,0,417,120,,,,,,,,,,,,,,,,,,,,,,,,,,,,,,,,,,,,
2002-09-27,1462,1227,1049,825,400,1331,985,1189,1911,1479,599,93,274,80,80,85,99,110,118,,248,112,48,113,,118,25,0,0,,29,83,326,,,1449,0,790,315,627,35,356,,393,311,29,11,,79,30,30,342,1243,,0,95,,30,987,0,418,160,,,,,,,,,,,,,,,,,,,,,,,,,,,,,,,,,,,,
2002-10-04,1452,1226,1044,825,400,1322,987,1178,1913,1474,596,96,285,80,80,84,111,108,117,,252,112,49,113,,122,25,0,0,,28,79,325,,,1446,0,789,313,624,35,365,,388,311,29,12,,82,30,30,341,1243,,0,97,,30,981,0,421,181,,,,,,,,,,,,,,,,,,,,,,,,,,,,,,,,,,,,
2002-10-11,1506,1222,1041,825,400,1324,993,1188,1888,1476,594,94,276,80,80,84,110,109,117,,249,111,52,115,,117,25,0,0,,28,78,319,,,1479,0,760,310,617,38,359,,391,304,29,11,,85,30,30,338,1243,,0,99,,30,971,0,410,218,,,,,,,,,,,,,,,,,,,,,,,,,,,,,,,,,,,,
2002-10-18,1487,1203,1035,813,400,1331,984,1186,1908,1451,594,94,283,80,80,84,105,105,119,,247,111,54,115,,119,25,0,0,,29,78,311,,,1476,0,789,319,623,40,363,,394,316,29,10,,83,30,30,336,1242,,0,94,,30,984,0,405,257,,,,,,,,,,,,,,,,,,,,,,,,,,,,,,,,,,,,
2002-10-25,1448,1226,1039,809,400,1313,986,1185,1906,1464,585,94,278,81,80,84,112,110,120,,243,109,51,117,,120,25,0,0,,29,78,315,,,1446,0,790,320,621,42,366,,396,312,29,10,,89,30,30,324,1241,,0,99,,30,981,0,416,295,,,,,,,,,,,,,,,,,,,,,,,,,,,,,,,,,,,,
2002-11-01,1475,1225,1039,819,400,1319,988,1180,1906,1462,580,94,282,80,79,83,106,109,121,,235,108,50,117,,117,25,0,0,,29,80,311,,,1446,0,790,320,620,43,374,,396,306,29,12,,87,30,30,349,1241,,0,99,,30,964,0,424,295,,,,,,,,,,,,,,,,,,,,,,,,,,,,,,,,,,,,
2002-11-08,1486,1225,1037,831,400,1313,986,1178,1909,1462,583,96,282,77,79,82,111,108,120,,229,112,44,118,,119,25,0,0,,29,78,312,,,1476,0,760,318,618,41,376,,400,299,30,11,,86,30,30,355,1271,,0,99,,30,984,0,410,295,,,,,,,,,,,,,,,,,,,,,,,,,,,,,,,,,,,,
2002-11-15,1488,1226,1034,826,399,1313,971,1177,1911,1463,586,95,281,80,81,84,111,110,120,,227,111,44,114,,121,25,0,0,,30,78,314,,,1453,0,760,316,617,40,379,,400,295,28,11,,87,30,30,351,1283,,0,105,,30,994,0,428,293,,,,,,,,,,,,,,,,,,,,,,,,,,,,,,,,,,,,
2002-11-22,1542,1226,1035,821,399,1327,992,1177,1912,1460,589,98,283,78,81,84,112,110,120,,224,113,48,115,,122,25,0,0,,30,78,316,,,1451,0,730,318,627,39,378,,395,310,28,11,,89,30,30,350,1310,,0,103,,30,994,0,413,288,,,,,,,,,,,,,,,,,,,,,,,,,,,,,,,,,,,,
2002-11-29,1557,1228,1040,819,396,1322,992,1176,1916,1458,585,95,278,78,80,81,107,111,120,,221,112,47,112,,122,25,0,0,,30,80,316,,,1450,0,730,317,632,38,377,,396,302,30,11,,85,30,30,348,1311,,0,107,,30,994,0,396,286,,,,,,,,,,,,,,,,,,,,,,,,,,,,,,,,,,,,
2002-12-06,1520,1227,1039,819,400,1316,984,1181,1918,1459,584,94,278,78,80,84,115,113,116,,227,107,44,112,,119,25,0,0,,30,80,312,,,1451,0,691,313,635,41,368,,398,293,29,12,,83,29,30,354,1340,,0,105,,29,996,0,401,310,,,,,,,,,,,,,,,,,,,,,,,,,,,,,,,,,,,,
2002-12-13,1517,1225,1034,815,400,1316,994,1189,1905,1454,585,96,281,78,81,86,110,113,118,,217,113,47,114,,121,25,0,0,,30,80,310,,,1448,0,690,313,637,41,366,,401,305,29,12,,76,29,30,362,1347,,0,107,,29,995,0,381,321,,,,,,,,,,,,,,,,,,,,,,,,,,,,,,,,,,,,
2002-12-20,1561,1227,1029,818,400,1298,990,1183,1894,1440,580,94,278,81,80,84,106,113,117,,221,111,46,113,,117,25,0,0,,30,80,320,,,1448,0,659,314,626,43,371,,398,299,28,12,,82,29,30,366,1376,,0,104,,30,987,0,367,317,,,,,,,,,,,,,,,,,,,,,,,,,,,,,,,,,,,,
2002-12-27,1551,1228,1031,818,400,1308,990,1191,1913,1467,592,94,280,80,80,84,99,113,123,,224,112,45,114,,118,25,0,0,,30,80,316,,,1447,0,659,313,629,43,370,,387,309,29,0,,78,29,30,380,1376,,0,104,,30,979,0,364,317,,,,,,,,,,,,,,,,,,,,,,,,,,,,,,,,,,,,
2003-01-03,1564,1228,1034,817,400,1284,993,1193,1909,1473,591,95,280,80,80,81,98,113,123,,226,114,47,114,,117,25,0,0,,30,80,315,,,1447,0,659,309,631,44,370,,393,301,29,0,,78,29,30,384,1376,,0,103,,30,981,0,352,353,,,,,,,,,,,,,,,,,,,,,,,,,,,,,,,,,,,,
2003-01-10,1566,1227,1029,814,399,1285,987,1195,1902,1463,591,94,275,78,80,83,101,109,114,,225,116,47,112,,113,25,0,0,,30,80,311,,,1450,0,628,311,626,41,376,,388,307,28,11,,73,29,30,389,1375,,0,100,,30,945,0,351,421,,,,,,,,,,,,,,,,,,,,,,,,,,,,,,,,,,,,
2003-01-17,1518,1226,1055,822,399,1276,982,1182,1872,1445,598,93,272,80,80,84,99,107,117,,233,110,49,111,,116,25,0,0,,30,79,310,,,1450,0,598,313,633,38,370,,383,303,29,11,,73,29,30,384,1376,,0,104,,30,944,0,357,536,,,,,,,,,,,,,,,,,,,,,,,,,,,,,,,,,,,,
2003-01-24,1459,1185,1055,820,400,1267,954,1177,1889,1427,593,96,279,78,81,84,107,108,120,,231,109,46,115,,117,25,0,0,,30,79,315,,,1449,0,568,313,636,39,367,,375,297,29,11,,75,27,30,382,1376,,0,105,,30,950,0,352,642,,,,,,,,,,,,,,,,,,,,,,,,,,,,,,,,,,,,
2003-01-31,1417,1229,1054,814,399,1273,976,1185,1885,1430,587,96,272,79,77,88,106,110,118,,236,112,48,115,,121,25,0,0,,30,79,326,,,1449,0,508,312,639,39,351,,379,301,29,9,,73,27,30,391,1374,,0,100,,30,948,0,346,682,,,,,,,,,,,,,,,,,,,,,,,,,,,,,,,,,,,,
2003-02-07,1462,1221,1018,812,397,1289,971,1180,1883,1440,588,96,278,79,80,87,118,109,116,,236,113,49,113,,118,25,0,0,,30,78,322,,,1449,0,478,310,635,41,346,,377,293,29,11,,74,27,30,396,1374,,0,101,,30,947,0,355,727,,,,,,,,,,,,,,,,,,,,,,,,,,,,,,,,,,,,
2003-02-14,1443,1227,1042,804,400,1284,980,1182,1884,1444,587,95,271,80,80,89,127,109,118,,243,113,49,113,,116,25,0,0,,30,78,313,,,1449,0,414,313,632,44,330,,366,292,29,9,,71,27,30,398,1374,,0,100,,30,950,0,370,806,,,,,,,,,,,,,,,,,,,,,,,,,,,,,,,,,,,,
2003-02-21,1409,1224,1061,814,400,1264,956,1164,1872,1442,594,95,267,80,80,86,124,112,117,,248,112,45,112,,120,25,0,0,,29,80,310,,,1423,0,354,310,639,43,318,,374,287,29,9,,73,30,30,405,1376,,0,98,,30,915,0,358,998,,,,,,,,,,,,,,,,,,,,,,,,,,,,,,,,,,,,
2003-02-28,1425,1221,1060,807,400,1282,968,1162,1872,1439,584,98,276,82,80,86,119,115,118,,248,114,47,112,,120,25,0,0,,28,80,314,,,1422,0,264,317,637,43,311,,370,288,29,9,,78,30,30,398,1376,,0,100,,30,932,0,336,1023,,,,,,,,,,,,,,,,,,,,,,,,,,,,,,,,,,,,
2003-03-07,1438,1234,1026,805,397,1261,973,1161,1893,1473,587,94,272,87,80,82,128,118,118,,249,111,49,112,,122,25,0,0,,29,78,315,,,1420,0,173,314,648,42,300,,370,280,29,11,,77,29,30,402,1376,,0,106,,30,926,0,348,1087,,,,,,,,,,,,,,,,,,,,,,,,,,,,,,,,,,,,
2003-03-14,1374,1204,1045,815,400,1270,979,1157,1921,1468,584,94,273,91,81,84,124,119,118,,251,119,49,114,,123,25,0,0,,29,78,319,,,1416,0,85,314,650,42,293,,370,271,29,11,,77,29,30,409,1369,,0,112,,30,947,0,355,1145,,,,,,,,,,,,,,,,,,,,,,,,,,,,,,,,,,,,
2003-03-21,1440,1207,1048,812,399,1286,967,1150,1919,1468,580,94,273,89,86,89,118,113,120,,252,124,50,113,,121,25,0,0,,29,77,304,,,1409,0,24,317,646,40,290,,368,285,28,10,,80,28,30,416,1363,,0,116,,30,947,0,365,1169,,,,,,,,,,,,,,,,,,,,,,,,,,,,,,,,,,,,
2003-03-28,1485,1238,1046,817,400,1295,958,1151,1919,1449,577,95,274,91,87,92,115,117,117,,250,126,48,114,,118,25,0,0,,28,76,302,,,1351,0,0,315,643,44,291,,374,294,29,10,,81,28,30,414,1363,,0,116,,30,975,0,363,1166,,,,,,,,,,,,,,,,,,,,,,,,,,,,,,,,,,,,
2003-04-04,1488,1238,1044,821,400,1296,944,1162,1928,1462,580,96,277,90,90,95,115,120,120,,252,121,48,118,,120,25,0,0,,27,77,296,,,1351,0,0,316,651,40,300,,366,288,29,10,,76,27,30,423,1363,,0,115,,30,970,0,362,1161,,,,,,,,,,,,,,,,,,,,,,,,,,,,,,,,,,,,
2003-04-11,1504,1239,1050,820,400,1320,975,1150,1928,1458,587,96,268,89,90,96,110,118,119,,249,118,47,118,,121,25,0,0,,27,77,292,,,1291,0,0,317,645,42,294,,361,282,29,10,,73,28,30,427,1362,,0,113,,30,957,0,356,1190,,,,,,,,,,,,,,,,,,,,,,,,,,,,,,,,,,,,
2003-04-18,1502,1236,1056,825,400,1326,980,1180,1952,1454,585,96,276,91,91,97,118,120,114,,251,121,47,121,,125,25,0,0,,27,77,298,,,1253,0,0,318,645,41,297,,367,284,29,8,,78,28,30,423,1332,,0,114,,30,960,0,350,1168,,,,,,,,,,,,,,,,,,,,,,,,,,,,,,,,,,,,
2003-04-25,1522,1240,1054,826,399,1316,989,1178,1959,1453,597,94,279,89,92,94,112,118,119,,250,116,46,119,,127,25,0,0,,27,78,300,,,1199,0,0,318,638,44,300,,355,291,29,8,,76,28,30,417,1332,,0,111,,30,974,0,349,1178,,,,,,,,,,,,,,,,,,,,,,,,,,,,,,,,,,,,
2003-05-02,1512,1240,1065,831,400,1317,979,1187,1959,1467,598,94,284,93,90,95,108,122,120,,251,117,55,115,,123,25,0,0,,26,80,306,,,1139,0,0,319,646,44,297,,360,279,29,12,,76,28,30,422,1331,,0,112,,30,985,0,352,1171,,,,,,,,,,,,,,,,,,,,,,,,,,,,,,,,,,,,
2003-05-09,1532,1238,1072,829,400,1326,985,1181,1966,1490,598,93,275,91,90,93,105,118,116,,249,116,60,113,,119,25,0,0,,26,80,310,,,1080,0,0,322,660,39,299,,359,278,29,12,,76,28,30,420,1331,,0,112,,30,983,0,346,1184,,,,,,,,,,,,,,,,,,,,,,,,,,,,,,,,,,,,
2003-05-16,1528,1240,1074,828,400,1323,991,1174,1991,1522,592,94,275,86,90,94,118,119,118,,246,117,59,118,,123,25,0,0,,26,80,319,,,1050,0,0,321,664,36,295,,357,274,29,12,,77,28,30,424,1306,,0,114,,30,978,0,358,1175,,,,,,,,,,,,,,,,,,,,,,,,,,,,,,,,,,,,
2003-05-23,1545,1240,1069,834,400,1322,987,1186,1989,1530,603,94,283,89,91,94,117,114,117,,255,118,61,118,,126,25,0,0,,26,80,328,,,990,0,0,324,671,3,317,,356,277,29,11,,73,29,30,422,1306,,0,111,,30,984,0,357,1197,,,,,,,,,,,,,,,,,,,,,,,,,,,,,,,,,,,,
2003-05-30,1510,1241,1083,833,400,1320,986,1187,1985,1513,596,93,277,91,91,94,110,117,118,,253,118,58,115,,128,25,0,0,,26,80,316,,,990,0,0,321,674,3,310,,356,275,29,0,,77,29,30,424,1304,,0,115,,30,991,0,367,1229,,,,,,,,,,,,,,,,,,,,,,,,,,,,,,,,,,,,
2003-06-06,1491,1236,1083,835,400,1320,962,1188,2023,1536,597,94,282,91,89,93,128,118,119,,247,118,61,118,,126,25,0,0,,26,62,323,,,989,0,0,322,671,0,320,,346,274,29,13,,76,29,30,424,1304,,0,112,,30,976,0,361,1264,,,,,,,,,,,,,,,,,,,,,,,,,,,,,,,,,,,,
2003-06-13,1480,1241,1081,834,400,1288,979,1186,2046,1521,597,94,282,91,90,94,126,119,122,,258,116,59,119,,126,25,0,0,,26,62,324,,,989,0,0,323,669,0,324,,350,282,29,13,,79,30,30,423,1304,,0,112,,30,979,0,351,1296,,,,,,,,,,,,,,,,,,,,,,,,,,,,,,,,,,,,
2003-06-20,1494,1245,1047,826,400,1297,981,1156,2015,1526,593,92,265,90,91,94,123,121,122,,256,116,61,119,,123,25,0,0,,26,62,324,,,1019,0,0,320,670,0,320,,350,281,29,13,,72,30,30,423,1306,,0,114,,30,988,0,358,1325,,,,,,,,,,,,,,,,,,,,,,,,,,,,,,,,,,,,
2003-06-27,1430,1242,1052,832,399,1303,984,1149,2006,1521,598,95,278,89,90,94,120,120,119,,258,117,62,118,,126,25,0,0,,30,61,327,,,989,0,0,318,673,0,321,,346,272,29,12,,71,30,30,433,1306,,0,109,,30,979,0,368,1384,,,,,,,,,,,,,,,,,,,,,,,,,,,,,,,,,,,,
2003-07-04,1398,1240,1052,835,399,1312,988,1140,2037,1525,598,95,284,89,90,94,117,120,119,,260,120,62,116,,127,25,0,0,,30,61,318,,,989,0,0,315,679,0,328,,341,277,29,0,,72,30,30,427,1304,,0,113,,22,978,0,342,1411,,,,,,,,,,,,,,,,,,,,,,,,,,,,,,,,,,,,
2003-07-11,1404,1240,1043,817,400,1305,978,1151,2019,1528,591,96,281,90,90,94,125,120,115,,259,118,61,115,,124,25,0,0,,30,61,321,,,989,0,0,311,684,0,326,,338,279,29,13,,76,30,30,421,1303,,0,110,,22,974,0,349,1423,,,,,,,,,,,,,,,,,,,,,,,,,,,,,,,,,,,,
2003-07-18,1381,1239,1052,816,400,1295,971,1164,2046,1515,592,97,277,89,90,94,119,121,114,,260,120,61,118,,126,25,0,0,,30,61,325,,,988,0,0,315,674,0,341,,337,276,29,13,,76,30,29,423,1302,,0,114,,22,966,0,370,1424,,,,,,,,,,,,,,,,,,,,,,,,,,,,,,,,,,,,
2003-07-25,1412,1212,1051,809,400,1299,982,1186,2034,1492,592,98,279,90,90,94,132,121,117,,261,120,54,118,,127,25,0,0,,30,61,327,,,923,0,0,312,677,0,338,,330,271,29,13,,71,30,29,409,1362,,0,110,,22,965,0,367,1441,,,,,,,,,,,,,,,,,,,,,,,,,,,,,,,,,,,,
2003-08-01,1415,1232,1055,817,398,1308,986,1185,2032,1516,599,98,277,89,90,95,130,121,122,,259,118,58,115,,126,25,0,0,,30,62,328,,,29,,,313,671,0,338,,332,271,29,13,,70,30,29,405,1360,,,112,,15,969,0,341,1448,898,,,,,,,,,,,,,,,,,,,,,,,,,,,,,,,,,,,
2003-08-08,1424,1230,1071,807,425,1289,979,1179,2036,1518,585,95,276,88,94,91,126,118,115,,258,116,58,109,,124,25,0,0,,30,62,342,,,0,,,315,672,0,337,,325,261,29,12,,73,30,29,404,1360,,,115,,15,967,0,348,1462,926,,,,,,,,,,,,,,,,,,,,,,,,,,,,,,,,,,,
2003-08-15,1405,1235,1059,804,446,1289,971,1178,2030,1500,588,95,278,89,94,94,120,120,118,,255,115,61,111,,123,25,0,0,,30,60,345,,,0,,,317,674,0,336,,323,264,29,11,,74,30,30,408,1360,,,112,,15,963,0,353,1461,926,,,,,,,,,,,,,,,,,,,,,,,,,,,,,,,,,,,
2003-08-29,1474,1240,1062,811,450,1293,966,1168,2026,1497,585,94,284,89,97,96,113,121,120,,256,115,61,116,,124,25,0,0,,30,61,354,,,0,,,314,682,0,332,,326,264,29,9,,70,30,30,416,1328,,,114,,15,961,0,321,1465,896,,,,,,,,,,,,,,,,,,,,,,,,,,,,,,,,,,,
2003-09-05,1472,1240,1070,808,450,1283,966,1159,2024,1476,583,93,284,90,90,96,120,119,119,,258,112,57,115,,122,25,0,0,,30,59,358,,,0,,,317,670,0,337,,322,255,29,12,,72,30,30,421,1327,,,107,,15,957,0,308,1473,896,,,,,,,,,,,,,,,,,,,,,,,,,,,,,,,,,,,
2003-09-12,1508,1239,1069,799,449,1287,974,1159,1989,1487,579,95,275,89,91,95,115,118,116,,257,116,57,114,,119,25,0,0,,30,75,349,,,0,,,312,662,0,340,,327,249,29,12,,72,30,30,426,1327,,,112,,15,959,0,289,1467,896,,,,,,,,,,,,,,,,,,,,,,,,,,,,,,,,,,,
2003-09-19,1462,1238,1076,800,450,1302,974,1168,1993,1482,578,95,278,91,93,94,110,117,118,,258,116,61,110,,127,25,0,0,,26,79,355,,,0,,,310,685,0,340,,334,259,29,12,,73,30,30,433,1331,,,116,,15,948,0,273,1492,885,,,,,,,,,,,,,,,,,,,,,,,,,,,,,,,,,,,
2003-09-26,1527,1239,1072,796,449,1303,961,1169,2008,1479,594,92,272,90,92,94,123,117,118,,257,115,66,114,,129,25,0,0,,26,79,369,,,0,,,314,680,0,340,,334,258,30,10,,74,30,30,424,1331,,,115,,15,962,0,256,1494,832,,,,,,,,,,,,,,,,,,,,,,,,,,,,,,,,,,,
2003-10-03,1509,1240,1085,810,450,1303,957,1179,2009,1473,591,86,279,90,89,94,122,117,118,,258,116,64,115,,127,25,0,0,,26,80,382,,,0,,,319,674,0,339,,324,247,29,12,,78,30,30,425,1391,,,113,,15,959,0,271,1503,771,,,,,,,,,,,,,,,,,,,,,,,,,,,,,,,,,,,
2003-10-10,1536,1240,1085,793,449,1293,962,1183,2023,1468,595,78,276,93,90,94,122,120,119,,254,114,66,117,,121,25,0,0,,26,80,387,,,0,,,318,684,0,342,,319,253,29,11,,75,30,30,434,1391,,,113,,15,954,0,269,1514,771,,,,,,,,,,,,,,,,,,,,,,,,,,,,,,,,,,,
2003-10-17,1485,1232,1084,816,450,1296,964,1178,2025,1479,601,76,286,94,90,97,127,118,123,,253,116,61,116,,124,25,0,0,,26,79,415,,,0,,,323,676,0,342,,317,253,29,11,,74,30,30,441,1420,,,115,,15,966,0,266,1526,712,,,,,,,,,,,,,,,,,,,,,,,,,,,,,,,,,,,
2003-10-24,1499,1239,1080,810,450,1306,967,1187,2025,1515,591,75,282,95,88,97,125,121,125,,248,115,63,116,,126,25,0,0,,28,79,420,,,0,,,320,678,0,339,,316,244,29,11,,79,30,30,441,1390,,,115,,15,970,0,258,1522,682,,,,,,,,,,,,,,,,,,,,,,,,,,,,,,,,,,,
2003-10-31,1533,1236,1080,817,449,1303,984,1182,2027,1517,593,70,287,90,90,97,119,126,122,,255,115,65,114,,127,25,0,0,,28,80,424,,,0,,,321,683,0,337,,318,251,29,9,,79,30,30,437,1389,,,114,,15,983,0,256,1515,682,,,,,,,,,,,,,,,,,,,,,,,,,,,,,,,,,,,
2003-11-07,1544,1231,1081,819,449,1317,983,1187,2032,1511,596,68,282,91,92,97,128,126,123,,257,118,62,111,,129,25,0,0,,28,80,423,,,0,,,318,674,0,332,,317,246,29,9,,77,30,30,442,1389,,,112,,15,984,0,263,1500,682,,,,,,,,,,,,,,,,,,,,,,,,,,,,,,,,,,,
2003-11-14,1589,1239,1080,828,450,1319,984,1187,2032,1511,592,49,286,89,92,94,125,127,122,,258,117,62,115,,127,25,0,0,,30,80,423,,,0,,,322,683,0,331,,326,248,29,9,,75,30,30,447,1389,,,111,,15,987,0,249,1514,652,,,,,,,,,,,,,,,,,,,,,,,,,,,,,,,,,,,
2003-11-21,1603,1240,1081,833,450,1313,986,1187,2014,1521,605,40,285,89,93,94,127,119,118,,256,114,60,117,,123,25,0,0,,30,80,421,,,0,,,321,685,0,335,,339,256,28,9,,77,40,50,443,1389,,,111,,15,989,0,257,1516,624,,,,,,,,,,,,,,,,,,,,,,,,,,,,,,,,,,,
2003-11-28,1575,1238,1087,838,450,1313,991,1185,2042,1529,611,20,282,87,90,93,121,122,119,,254,110,62,119,,126,25,0,0,,30,80,421,,,0,,,320,685,0,337,,331,269,29,10,,76,40,50,448,1393,,,109,,15,1010,0,264,1514,593,,,,,,,,,,,,,,,,,,,,,,,,,,,,,,,,,,,
2003-12-05,1531,1237,1088,838,450,1320,985,1193,2048,1533,604,6,279,87,92,94,116,124,120,,253,114,63,118,,120,25,0,0,,30,80,424,,,0,,,322,687,0,337,,322,267,29,8,,78,40,50,445,1392,,,107,,15,997,0,274,1521,593,,,,,,,,,,,,,,,,,,,,,,,,,,,,,,,,,,,
2003-12-12,1566,1239,1087,825,449,1317,990,1197,2055,1526,608,1,276,87,91,93,113,126,140,,253,118,64,121,,121,25,,,,30,80,416,,,,,,325,683,0,335,,325,265,29,8,,77,40,50,444,1391,,,115,,15,989,,265,1528,563,12,0,0,0,0,0,0,,,,,,,,,,,,,,,,,,,,,,,,,,,,
2003-12-19,1574,1240,1089,817,450,1314,980,1205,2057,1524,605,30,271,90,92,94,120,124,174,,256,120,62,119,,119,25,,,,30,80,422,,,,,,324,680,0,333,,324,266,29,7,,76,40,50,450,1389,,,115,,15,991,,279,1504,503,45,0,0,0,0,0,0,,,,,,,,,,,,,,,,,,,,,,,,,,,,
2003-12-26,1572,1240,1088,817,448,1303,990,1188,2063,1512,592,30,275,88,90,93,117,124,200,,256,118,60,119,,125,25,,,,30,80,416,,,,,,326,674,0,338,,315,259,29,0,,78,40,50,447,1388,,,115,,15,992,,283,1507,502,59,0,0,0,0,0,0,,,,,,,,,,,,,,,,,,,,,,,,,,,,
2004-01-02,1538,1243,1087,819,449,1296,990,1184,2054,1524,592,30,278,87,90,93,115,125,228,,254,116,61,116,,122,25,,,,30,80,420,,,,,,325,683,10,327,,316,263,29,0,,77,40,50,445,1388,,,115,,15,991,,262,1508,502,66,0,0,0,0,0,0,,,,,,,,,,,,,,,,,,,,,,,,,,,,
2004-01-09,1582,1245,1088,810,448,1308,979,1188,2049,1514,588,30,275,91,89,94,119,122,229,,248,119,62,116,,119,25,,,,30,101,418,,,,,,322,680,13,324,,313,259,29,9,,71,40,50,446,1358,,,110,,15,994,,270,1508,442,83,0,0,0,20,19,0,,,,,,,,,,,,,,,,,,,,,,,,,,,,
2004-01-16,1514,1244,1094,806,450,1313,981,1180,2048,1505,588,30,267,89,90,95,118,126,239,,247,112,64,109,,111,25,,,,42,109,422,,,,,,323,685,25,316,,317,261,28,9,,74,40,50,436,1358,,,108,,15,990,,275,1498,442,95,0,0,40,18,50,0,,,,,,,,,,,,,,,,,,,,,,,,,,,,
2004-01-23,1519,1244,1090,828,445,1310,980,1164,2053,1503,581,30,275,89,91,95,111,114,242,,248,109,60,111,,111,25,,,,42,110,420,,,,,,326,685,26,315,,323,258,29,9,,68,40,50,435,1358,,,107,,15,991,,271,1502,412,109,14,16,40,18,50,0,,,,,,,,,,,,,,,,,,,,,,,,,,,,
2004-01-30,1502,1242,1087,842,450,1327,980,1180,2066,1511,583,30,277,91,90,95,121,117,256,,251,110,61,117,,112,25,,,,40,110,420,,,,,,324,687,27,311,,317,258,29,9,,69,40,50,441,1389,,,109,,15,991,,273,1503,322,128,14,16,40,19,50,0,,,,,,,,,,,,,,,,,,,,,,,,,,,,
2004-02-06,1574,1240,1086,827,449,1322,970,1183,2055,1513,598,45,277,91,92,95,118,118,261,,244,111,62,118,,120,25,,,,40,110,418,,,,,,326,673,26,321,,311,254,29,9,,65,40,50,442,1389,,,113,,15,984,,266,1500,293,138,14,15,40,19,50,0,,,,,,,,,,,,,,,,,,,,,,,,,,,,
2004-02-13,1540,1238,1090,821,450,1316,987,1184,2062,1529,602,45,281,91,93,95,114,114,260,,254,110,60,119,,122,25,,,,42,106,415,,,,,,326,669,26,321,,305,258,29,9,,66,40,50,449,1389,,,116,,15,977,,273,1503,293,147,14,14,40,20,49,0,,,,,,,,,,,,,,,,,,,,,,,,,,,,
2004-02-20,1572,1234,1074,823,448,1316,982,1179,2055,1521,592,60,283,90,92,95,120,119,266,,250,111,60,121,,122,25,,,,42,106,422,,,,,,324,666,26,320,,310,263,29,6,,66,38,50,452,1388,,,112,,15,993,,283,1505,293,144,14,14,40,20,49,0,,,,,,,,,,,,,,,,,,,,,,,,,,,,
2004-02-27,1578,1238,1088,843,450,1337,981,1188,2058,1522,598,60,281,90,89,95,116,119,265,,252,111,61,113,,120,25,,,,42,113,426,,,,,,328,669,26,325,,315,259,28,6,,65,40,50,452,1375,,,117,,15,994,,260,1505,216,151,14,20,40,20,50,0,,,,,,,,,,,,,,,,,,,,,,,,,,,,
2004-03-05,1562,1244,1088,838,448,1325,977,1188,2055,1533,601,75,284,91,90,93,112,115,259,,252,111,61,114,,119,25,,,,42,113,422,,,,,,331,659,25,323,,308,263,29,7,,63,40,50,447,1374,,,116,,15,992,,267,1517,216,150,14,20,40,20,50,0,,,,,,,,,,,,,,,,,,,,,,,,,,,,
2004-03-12,1574,1242,1086,835,450,1331,977,1189,2064,1569,596,75,280,90,91,95,120,117,259,,249,117,59,113,,119,25,,,,41,113,424,,,,,,325,660,27,325,,310,266,28,7,,67,39,50,446,1374,,,115,,15,993,,263,1509,216,147,13,20,40,19,50,0,,,,,,,,,,,,,,,,,,,,,,,,,,,,
2004-03-19,1596,1242,1085,835,445,1326,985,1187,2064,1549,586,75,280,90,90,94,117,119,258,,246,117,58,114,,119,25,,,,41,113,430,,,,,,321,673,27,325,,316,264,29,7,,65,39,50,438,1374,,,116,,15,988,,269,1519,216,147,13,20,40,19,50,0,,,,,,,,,,,,,,,,,,,,,,,,,,,,
2004-03-26,1542,1245,1086,843,449,1330,993,1192,2071,1541,604,74,284,88,89,93,118,119,264,,233,118,61,112,,116,25,,,,42,110,437,,,,,,317,682,27,322,,319,259,29,7,,64,40,49,437,1374,,,114,,15,997,,277,1524,216,135,14,19,38,20,50,0,,,,,,,,,,,,,,,,,,,,,,,,,,,,
2004-04-02,1585,1247,1086,844,449,1351,983,1197,2079,1547,605,89,285,91,91,94,125,121,267,,235,112,61,111,,121,25,,,,42,110,436,,,,,,321,672,27,325,,315,258,29,13,,61,40,49,435,1363,,,122,,15,1010,,268,1508,205,150,14,19,38,20,50,0,0,0,,,,,,,,,,,,,,,,,,,,,,,,,,
2004-04-09,1547,1246,1088,847,448,1345,981,1208,2065,1536,600,89,283,91,90,92,122,116,257,,230,113,57,107,,124,25,,,,41,110,436,,,,,,321,678,26,328,,319,255,29,13,,62,40,49,437,1363,,,120,,15,1008,,265,1473,205,145,14,15,38,20,50,0,51,0,59,,,,,,,,,,,,,,,,,,,,,,,,,
2004-04-16,1570,1246,1086,851,450,1343,987,1213,2063,1537,605,88,272,92,90,94,119,115,254,,221,117,59,107,,122,25,,,,39,110,434,,,,,,321,679,26,332,,313,258,29,13,,65,40,49,441,1303,,,120,,15,1014,,262,1502,205,147,14,15,38,20,50,18,51,0,62,,,,,,,,,,,,,,,,,,,,,,,,,
2004-04-23,1572,1238,1084,847,450,1320,981,1208,2018,1554,558,87,271,89,90,92,119,116,261,,227,118,61,109,,118,25,,,,42,110,429,,,,,,319,672,26,336,,313,257,29,12,,65,40,49,436,1303,,,115,,15,1016,,239,1492,133,138,13,15,40,19,49,38,171,90,62,,,,,,,,,,,,,,,,,,,,,,,,,
2004-04-30,1576,1243,1043,831,444,1307,984,1206,2036,1542,552,102,278,90,92,93,116,118,266,,215,117,61,117,,122,25,,,,42,110,422,,,,,,321,676,34,334,,313,259,29,13,,63,40,47,428,1303,,,114,,15,970,,244,1490,32,141,13,15,40,19,49,38,249,170,62,,,,,,,,,,,,,,,,,,,,,,,,,
2004-05-07,1560,1243,1069,824,442,1318,984,1192,2002,1521,584,98,280,88,92,94,112,112,261,,218,118,61,113,,115,25,,,,42,110,410,,,,,,323,674,48,323,,320,261,29,13,,62,40,51,422,1183,,,116,,15,993,,258,1460,2,99,13,16,40,18,49,56,329,244,62,,,,,,,,,,,,,,,,,,,,,,,,,
2004-05-14,1548,1242,1071,804,445,1317,952,1183,1982,1541,558,98,282,91,90,93,123,121,263,,211,115,63,114,,116,25,,,,42,110,410,,,,,,325,679,51,319,,321,266,29,12,,58,40,51,413,1123,,,107,,15,995,,257,1436,2,100,13,16,40,18,48,56,450,320,62,,,,,,,,,,,,,,,,,,,,,,,,,
2004-05-21,1568,1244,1072,810,447,1328,954,1189,2026,1526,550,98,261,84,88,90,118,120,261,,218,113,59,113,,123,25,,,,43,109,407,,,,,,331,673,54,315,,328,263,29,12,,59,39,49,410,973,,,111,,15,993,,250,1493,2,140,11,15,37,20,49,60,490,360,62,,,,,,,,,,,,,,,,,,,,,,,,,
2004-05-28,1537,1235,1077,805,449,1319,967,1182,2033,1501,589,96,277,90,89,94,115,119,267,,228,115,64,118,,128,25,,,,43,109,413,,,,,,328,666,54,314,,319,264,29,0,,59,39,49,399,853,,,116,,15,987,,246,1486,2,143,11,15,37,20,49,58,567,405,62,,,,,,,,,,,,,,,,,,,,,,,,,
2004-06-04,1485,1241,1082,809,450,1327,970,1180,2050,1472,590,96,280,91,88,95,119,118,266,,232,112,63,117,,125,25,,,,41,109,416,,,,,,333,674,54,313,,313,261,29,11,,59,44,49,398,853,,,113,,15,937,,238,1474,2,140,14,15,40,19,49,57,642,406,62,,,,,,,,,,,,,,,,,,,,,,,,,
2004-06-11,1532,1238,1078,806,447,1311,973,1135,2039,1466,591,96,279,91,88,94,114,118,257,,239,118,57,117,,130,25,,,,41,109,415,,,,,,335,668,55,313,,314,264,28,11,,61,40,49,403,733,,,109,,15,966,,220,1482,2,144,14,15,40,19,49,57,761,408,62,,,,,,,,,,,,,,,,,,,,,,,,,
2004-06-18,1557,1244,1075,816,449,1322,949,1166,2056,1433,593,95,282,89,90,94,112,116,253,,241,120,63,116,,125,25,,,,41,110,415,,,,,,338,668,54,312,,326,260,29,11,,60,40,49,392,613,,,111,,15,982,,215,1508,2,140,14,15,40,20,50,57,840,427,61,,,,,,,,,,,,,,,,,,,,,,,,,
2004-06-25,1493,1240,1075,820,447,1314,984,1190,2056,1462,584,95,285,88,90,93,122,120,267,,229,120,65,116,,124,25,,,,41,110,408,,,,,,341,662,80,302,,330,253,29,10,,64,40,49,388,493,,,111,,15,980,,219,1535,2,139,14,15,40,20,50,57,876,426,60,,,,,,,,,,,,,,,,,,,,,,,,,
2004-07-02,1549,1238,1069,809,448,1313,993,1177,2055,1469,594,95,275,89,90,94,116,123,269,,231,117,66,115,,124,25,,,,41,110,415,,,,,,343,658,78,297,,323,247,29,6,,61,40,49,386,493,,,114,,15,997,,230,1527,2,139,14,15,40,20,50,58,875,425,60,,,,,,,,,,,,,,,,,,,,,,,,,
2004-07-09,1585,1237,1060,804,444,1323,983,1176,2046,1479,599,95,272,88,90,95,112,121,259,,228,117,66,113,,117,25,,,,41,110,415,,,,,,342,656,87,291,,313,245,29,11,,57,40,49,392,493,,,113,,15,990,,208,1516,2,147,14,15,40,20,50,59,873,431,60,,,,,,,,,,,,,,,,,,,,,,,,,
2004-07-16,1566,1242,1057,817,449,1323,970,1187,2037,1507,602,102,275,85,92,93,121,118,263,,237,117,66,112,,122,25,,,,41,110,412,,,,,,344,655,85,294,,319,246,29,11,,56,40,50,388,433,,,109,,15,990,,215,1506,2,160,14,15,40,20,50,59,911,439,59,,,,,,,,,,,,,,,,,,,,,,,,,
2004-07-23,1563,1242,1044,814,443,1322,989,1188,2035,1507,597,102,281,83,92,95,117,114,270,,237,117,63,112,,126,25,,,,41,110,413,,,,,,344,658,84,294,,321,244,29,11,,53,40,50,377,433,,,107,,15,985,,209,1520,2,139,14,15,40,20,50,58,943,443,59,,,,,,,,,,,,,,,,,,,,,,,,,
2004-07-30,1566,1244,1045,833,437,1320,972,1188,2043,1525,593,101,281,83,90,93,117,122,272,,244,115,62,114,,128,25,,,,41,110,420,,,,,,341,663,86,290,,323,243,29,11,,56,40,50,367,432,,,109,,15,988,,200,1512,2,131,14,15,40,20,50,58,977,447,59,,,,,,,,,,,,,,,,,,,,,,,,,
2004-08-05,1578,1235,1048,829,449,1312,967,1183,2041,1527,598,96,283,80,88,90,132,121,269,,244,116,60,115,,124,25,,,,40,111,416,,,,,,344,672,86,289,,322,243,29,12,,52,40,50,367,432,,,112,,15,979,,187,1522,2,134,14,15,40,20,50,58,992,443,59,,,,,,,,,,,,,,,,,,,,,,,,,
2004-08-13,1579,1239,1076,826,449,1313,981,1187,2037,1524,602,87,280,79,93,90,130,122,269,,240,116,58,112,,124,25,,,,40,111,410,,,,,,341,668,84,290,,330,236,29,12,,50,39,48,360,420,,,118,,15,1003,,175,1500,2,139,13,15,40,21,50,58,999,445,59,,,,,,,,,,,,,,,,,,,,,,,,,
2004-08-20,1521,1245,1083,821,450,1319,985,1189,2034,1526,593,87,272,84,92,92,122,119,269,,237,113,61,110,,126,25,,,,42,110,411,,,,,,343,667,90,287,,332,240,28,12,,49,39,48,362,420,,,112,,15,996,,240,1511,2,131,13,15,40,21,50,60,1031,448,59,,,,,,,,,,,,,,,,,,,,,,,,,
2004-08-27,1532,1243,1073,819,450,1331,976,1191,2041,1528,593,87,280,92,93,94,126,118,265,,244,115,58,111,,125,25,,,,42,110,406,,,,,,343,672,88,286,,324,245,28,10,,50,42,50,359,420,,,113,,15,989,,294,1526,2,126,14,16,40,21,50,59,1023,445,58,,,,,,,,,,,,,,,,,,,,,,,,,
2004-09-03,1498,1237,1075,832,450,1339,988,1189,2036,1533,600,84,282,92,91,88,124,117,265,,236,118,58,112,,123,25,,,,42,109,411,,,,,,341,665,89,286,,317,242,29,12,,47,42,50,361,420,,,118,,15,983,,292,1536,2,130,14,16,40,23,50,58,1016,445,58,,,,,,,,,,,,,,,,,,,,,,,,,
2004-09-10,1523,1236,1068,829,447,1322,973,1187,2035,1531,592,97,279,91,87,91,122,117,256,,241,120,57,113,,121,25,,,,42,110,415,,,,,,341,662,89,287,,313,245,28,12,,42,40,50,363,420,,,116,,15,986,,284,1535,2,132,14,16,40,23,50,58,1007,439,58,,,,,,,,,,,,,,,,,,,,,,,,,
2004-09-17,1532,1237,1075,824,447,1319,984,1174,2027,1543,595,89,277,90,84,88,130,121,258,,240,120,58,113,,120,25,,,,41,108,418,,,,,,342,671,86,284,,311,243,29,12,,46,40,50,371,408,,,113,,15,989,,296,1545,2,126,14,16,40,23,50,57,1008,431,58,,,,,,,,,,,,,,,,,,,,,,,,,
2004-09-24,1473,1244,1080,822,446,1338,996,1186,2032,1546,600,85,278,89,91,90,125,122,266,,252,118,62,114,,123,25,,,,41,108,417,,,,,,343,670,84,281,,317,241,29,9,,47,40,50,381,408,,,117,,15,985,,254,1545,2,128,14,16,40,23,50,57,1015,433,57,,,,,,,,,,,,,,,,,,,,,,,,,
2004-10-01,1464,1242,1074,818,448,1338,989,1182,2027,1545,604,98,280,88,89,88,122,120,261,,249,112,59,114,,122,25,,,,41,110,420,,,,,,345,669,82,277,,308,237,28,9,,47,40,50,386,408,,,117,,15,978,,295,1534,2,134,14,16,40,23,48,57,1018,430,58,,,,,,,,,,,,,,,,,,,,,,,,,
2004-10-08,1473,1239,1072,828,440,1321,981,1183,2024,1536,601,93,277,93,89,92,127,121,264,,240,119,63,116,,120,25,,,,41,110,423,,,,,,345,673,82,282,,313,238,28,9,,46,40,49,390,408,,,116,,15,972,,268,1528,2,141,14,16,40,23,48,58,1015,430,58,,,,,,,,,,,,,,,,,,,,,,,,,
2004-10-15,1472,1228,1063,826,450,1328,988,1188,2014,1524,602,87,280,92,90,96,127,122,270,,241,117,59,115,,123,25,,,,42,110,424,,,,,,346,672,81,280,,327,235,29,9,,42,40,49,377,408,,,120,,15,971,,284,1522,0,145,14,16,40,23,48,59,1015,451,60,,,,,,,,,,,,,,,,,,,,,,,,,
2004-10-22,1493,1233,1070,811,447,1323,991,1171,2014,1526,592,86,283,92,90,96,120,119,272,,239,116,60,116,,126,25,,,,42,111,425,,,,,,346,664,82,282,,316,249,29,9,,40,40,49,382,397,,,124,,15,966,,292,1512,0,146,14,16,40,23,48,59,1011,455,64,,,,,,,,,,,,,,,,,,,,,,,,,
2004-10-29,1469,1237,1062,806,445,1323,982,1163,2017,1518,602,98,281,92,90,94,127,120,269,,242,116,62,117,,123,25,,,,42,112,422,,,,,,346,653,83,284,,320,259,29,7,,43,40,50,386,397,,,116,,15,981,,285,1516,0,143,14,16,40,23,50,60,1015,452,64,,,,,,,,,,,,,,,,,,,,,,,,,
2004-11-05,1526,1220,1059,797,448,1313,988,1145,2012,1529,581,94,277,90,90,94,121,117,265,,248,117,61,115,,125,25,,,,42,112,421,,,,,,346,650,86,270,,321,254,29,6,,42,40,50,387,397,,,113,,15,974,,298,1523,0,143,14,16,40,23,50,61,1013,457,64,,,,,,,,,,,,,,,,,,,,,,,,,
2004-11-12,1555,1238,1063,804,450,1291,988,1143,2027,1539,584,89,279,93,92,94,119,119,267,,248,116,60,111,,130,33,,,,42,112,421,,,,,,348,655,85,265,,322,260,29,6,,45,40,50,391,307,,,115,,14,1004,,298,1532,0,142,14,16,40,23,50,60,998,453,64,,,,,,,,,,,,,,,,,,,,,,,,,
2004-11-19,1555,1235,1076,820,449,1315,973,1186,2039,1551,590,100,276,88,92,94,128,119,265,,243,120,61,116,,133,34,,,,42,112,418,,,,,,347,644,89,266,,321,251,29,6,,45,40,50,452,217,,,118,,14,1008,,261,1539,,142,14,16,40,23,50,60,895,446,64,30,,,,,,,,,,,,,,,,,,,,,,,,
2004-11-26,1513,1240,1068,824,446,1331,986,1188,2042,1554,604,100,282,90,94,94,123,123,268,,240,118,65,119,,137,34,,,,42,110,418,,,,,,349,649,87,273,,316,253,29,0,,44,40,50,462,217,,,117,,14,1015,,273,1528,,140,14,16,40,23,50,60,988,448,64,30,,,,,,,,,,,,,,,,,,,,,,,,
2004-12-03,1516,1242,1064,833,447,1333,983,1189,2038,1545,606,97,279,93,93,94,123,120,268,,241,122,66,119,,137,34,,,,42,112,420,,,,,,348,657,89,272,,312,259,29,12,,48,40,50,460,217,,,114,,14,1012,,289,1507,,91,14,16,40,23,50,60,992,455,64,30,,,,,,,,,,,,,,,,,,,,,,,,
2004-12-10,1495,1244,1070,840,444,1338,986,1178,2039,1537,599,107,275,94,95,94,118,121,264,,242,122,62,119,,137,34,,,,42,112,419,,,,,,345,699,89,274,,317,253,29,12,,46,40,50,465,217,,,114,,14,1008,,286,1496,,145,14,16,40,23,50,60,987,452,63,30,,,,,,,,,,,,,,,,,,,,,,,,
2004-12-17,1576,1242,1067,837,438,1329,981,1198,2026,1549,612,107,266,90,95,94,127,120,264,,246,118,62,116,,133,34,,,,42,111,404,,,,,,343,708,86,276,,313,256,29,12,,46,40,50,469,128,,,111,,14,1002,,283,1481,,142,14,16,40,23,50,60,1010,445,63,30,,,,,,,,,,,,,,,,,,,,,,,,
2004-12-24,1537,1241,1076,830,450,1329,978,1206,2023,1565,612,107,267,97,98,93,123,118,263,,250,117,62,114,,129,34,,,,42,111,413,,,,,,343,713,89,274,,319,256,29,12,,47,40,50,482,68,,,113,,14,1015,,303,1516,,143,14,16,40,22,50,60,1064,434,64,30,,,,,,,,,,,,,,,,,,,,,,,,
2004-12-31,1500,1242,1075,836,450,1337,977,1204,2038,1561,615,107,263,98,97,93,123,121,259,,247,108,60,112,,131,34,,,,42,111,414,,,,,,341,719,88,268,,321,254,29,0,,46,40,50,471,68,,,112,,14,1012,,292,1517,,146,14,16,40,22,49,59,1053,440,65,30,,,,,,,,,,,,,,,,,,,,,,,,
2005-01-07,1543,1237,1065,829,450,1335,989,1200,2033,1546,611,107,265,99,100,99,121,116,258,,249,112,60,118,,127,34,,,,42,111,410,,,,,,338,714,85,269,,322,260,29,0,,47,40,50,475,53,,,108,,14,1010,,288,1509,,140,14,16,39,22,49,59,1047,446,64,30,,,,,,,,,,,,,,,,,,,,,,,,
2005-01-14,1526,1230,1064,829,446,1336,973,1199,2031,1543,609,107,266,100,100,102,129,113,261,,245,115,62,117,,129,34,,,,42,110,419,,,,,,341,715,90,263,,318,257,29,8,,50,40,50,465,53,,,115,,15,1004,,302,1524,,137,14,16,40,22,49,59,1029,448,64,30,,,,,,,,,,,,,,,,,,,,,,,,
2005-01-21,1502,1234,1063,823,450,1340,976,1190,2036,1539,616,105,277,101,100,101,120,119,263,,244,114,61,120,,130,34,,,,42,110,417,,,,,,341,718,93,253,,318,264,29,7,,48,40,50,455,53,,,109,,15,1005,,301,1523,,137,14,16,40,22,48,53,1023,449,64,30,,,,,,,,,,,,,,,,,,,,,,,,
2005-01-28,1536,1240,1064,829,448,1324,971,1195,2020,1549,611,100,272,102,94,102,117,121,267,,249,118,59,123,,131,34,,,,42,110,416,,,,,,342,710,88,266,,322,265,29,7,,47,40,50,448,53,,,116,,14,998,,306,1532,,141,13,16,40,22,48,59,1009,447,63,30,,,,,,,,,,,,,,,,,,,,,,,,
2005-02-04,1540,1235,1066,838,441,1319,974,1194,2034,1551,612,100,280,106,94,102,126,117,267,,246,119,62,125,,131,34,,,,42,110,417,,,,,,345,716,87,265,,328,274,29,7,,47,40,50,425,53,,,116,,14,1001,,290,1518,,141,13,16,39,22,47,59,972,451,63,30,,,,,,,,,,,,,,,,,,,,,,,,
2005-02-11,1539,1233,1064,830,446,1316,975,1193,2031,1552,604,97,275,107,96,103,122,117,266,,244,116,62,128,,131,34,,,,42,110,414,,,,,,343,723,84,264,,322,268,29,12,,47,40,50,424,53,,,115,,14,998,,273,1497,,139,13,16,39,20,47,59,982,451,63,30,,,,,,,,,,,,,,,,,,,,,,,,
2005-02-18,1557,1237,1065,823,446,1317,970,1202,2027,1564,610,92,277,106,98,103,116,115,271,,247,118,61,127,,128,34,,,,42,110,415,,,,,,343,712,93,267,,327,258,29,12,,48,40,50,411,53,,,111,,14,988,,286,1492,,143,13,16,39,20,47,59,979,451,63,30,,,,,,,,,,,,,,,,,,,,,,,,
2005-02-25,1507,1230,1057,822,447,1316,959,1201,2024,1558,604,107,285,107,103,104,130,117,269,,252,118,60,126,,132,34,,,,41,110,420,,,,,,343,708,92,264,,327,259,29,10,,47,40,50,401,53,,,116,,14,1004,,256,1491,,142,14,16,40,20,47,59,989,450,63,30,,,,,,,,,,,,,,,,,,,,,,,,
2005-03-04,1466,1233,1055,828,450,1332,978,1188,2023,1572,599,100,277,107,107,103,123,118,263,,249,118,62,125,,130,34,,,,40,110,418,,,,,,344,704,92,264,,325,263,29,9,,50,40,50,396,53,,,113,,14,1003,,273,1488,,144,14,16,40,22,46,59,1007,447,63,30,,,,,,,,,,,,,,,,,,,,,,,,
2005-03-11,1454,1234,1052,832,449,1325,985,1190,2026,1580,601,92,274,107,108,103,122,117,263,,246,118,60,125,,134,34,,,,40,110,423,,,,,,344,717,93,265,,328,263,29,12,,50,40,50,389,53,,,112,,15,998,,266,1493,,138,14,16,40,19,46,59,1001,446,59,30,,,,,,,,,,,,,,,,,,,,,,,,
2005-03-18,1490,1237,1042,827,448,1321,958,1198,2015,1552,594,100,273,107,110,103,129,115,259,,247,118,59,125,,129,33,,,,42,110,419,,,,,,346,717,92,266,,325,257,29,12,,52,40,50,380,53,,,112,,15,1003,,281,1502,,144,14,16,39,21,49,60,1009,449,62,28,,,,,,,,,,,,,,,,,,,,,,,,
2005-03-25,1528,1229,1052,810,448,1304,971,1194,2024,1547,596,97,275,106,112,101,128,111,257,,244,116,63,126,,126,33,,,,42,110,416,,,,,,347,715,93,270,,309,257,29,12,,45,39,51,389,53,,,113,,15,1005,,292,1524,,143,14,15,39,21,49,60,999,454,60,28,,,,,,,,,,,,,,,,,,,,,,,,
2005-04-01,1510,1235,1051,805,446,1306,970,1191,2016,1551,599,88,275,107,111,102,124,111,253,,250,115,62,122,,128,33,,,,42,110,415,,,,,,345,709,91,267,,315,254,29,12,,48,39,51,405,53,,,111,,15,1004,,309,1516,,134,14,15,39,21,49,60,998,442,52,28,,,,,,,,,,,,,,,,,,,,,,,,
2005-04-08,1507,1236,1055,795,443,1316,951,1186,2015,1584,595,97,269,103,112,101,127,116,262,,242,116,62,121,,123,33,,,,42,110,411,,,,,,340,714,91,264,,302,256,29,6,,50,39,49,402,53,,,107,,15,998,,301,1507,,140,14,15,39,21,49,61,1000,439,54,28,,,,,,,,,,,,,,,,,,,,,,,,
2005-04-15,1507,1234,1047,793,447,1318,966,1172,2013,1568,597,92,276,103,112,103,121,121,268,,246,114,63,123,,127,33,,,,42,110,412,,,,,,334,707,87,266,,306,263,29,6,,50,39,49,401,53,,,113,,15,994,,351,1499,,150,14,15,39,21,49,60,995,451,52,28,,,,,,,,,,,,,,,,,,,,,,,,
2005-04-22,1528,1236,1043,803,442,1319,970,1171,2010,1545,592,88,283,104,111,104,118,123,271,,248,119,67,120,,127,32,,,,42,110,412,,,,,,332,700,91,264,,303,264,29,4,,50,39,50,390,53,,,113,,15,991,,335,1488,,156,14,16,39,21,49,60,995,445,47,28,,,,,,,,,,,,,,,,,,,,,,,,
2005-04-29,1539,1232,1050,802,443,1315,949,1169,2005,1550,603,104,278,104,110,104,131,122,270,,244,120,61,120,,125,32,,,,41,110,418,,,,,,333,707,89,262,,307,268,29,4,,52,39,50,393,53,,,113,,15,991,,327,1470,,148,14,16,39,20,47,60,985,462,50,28,,,,,,,,,,,,,,,,,,,,,,,,
2005-05-06,1526,1236,1051,825,441,1306,962,1184,2016,1542,606,97,279,107,113,101,127,123,266,,238,120,63,121,,124,32,,,,41,110,416,,,,,,334,712,85,267,,310,262,29,10,,52,40,50,389,0,,,113,,15,992,,307,1503,,147,14,16,40,20,47,60,992,457,54,29,,,,,,,,,,,,,,,,,,,,,,,,
2005-05-13,1462,1231,1055,817,439,1319,981,1188,2003,1548,588,90,274,104,115,101,122,121,268,,233,119,63,119,,126,32,,,,41,110,417,,,,,,335,714,89,259,,310,250,29,11,,49,40,50,392,0,,,110,,16,986,,341,1511,,151,14,16,40,21,48,60,986,459,56,29,,,,,,,,,,,,,,,,,,,,,,,,
2005-05-20,1470,1230,1061,805,437,1313,965,1188,2005,1546,594,105,282,105,114,102,122,118,266,,227,118,67,119,,123,31,,,,41,110,416,,,,,,335,712,89,258,,310,248,29,10,,52,39,50,392,0,,,107,,16,984,,324,1516,,147,14,16,40,21,48,60,997,453,56,29,,,,,,,,,,,,,,,,,,,,,,,,
2005-05-27,1467,1236,1058,809,441,1318,976,1192,2023,1550,599,101,277,105,114,102,122,118,263,,212,119,64,123,,119,32,,,,41,110,408,,,,,,339,717,91,261,,315,252,29,9,,48,39,50,390,0,,,105,,16,979,,313,1512,,149,14,16,40,20,47,61,994,454,60,30,,,,,,,,,,,,,,,,,,,,,,,,
2005-06-03,1466,1235,1055,815,444,1319,970,1188,2017,1557,596,95,275,106,115,102,117,118,271,,210,117,56,119,,119,32,,,,41,110,405,,,,,,344,708,87,263,,301,258,28,0,,49,40,49,386,0,,,114,,16,989,,312,1513,,144,14,15,40,19,47,61,980,451,57,31,,,,,,,,,,,,,,,,,,,,,,,,
2005-06-10,1484,1229,1069,809,448,1317,955,1187,2014,1561,597,89,278,107,109,102,130,116,266,,208,121,63,125,,119,32,,,,43,108,398,,,,,,347,708,86,264,,313,261,29,12,,49,40,49,385,0,,,111,,16,987,,276,1509,,145,14,15,40,20,47,61,976,454,57,31,,,,,,,,,,,,,,,,,,,,,,,,
2005-06-17,1531,1216,1068,799,446,1313,947,1179,1989,1551,599,102,279,107,103,102,129,119,271,,212,118,63,123,,123,31,,,,43,108,394,,,,,,345,710,85,257,,315,262,29,13,,50,40,49,380,0,,,108,,15,991,,268,1511,,149,14,15,40,20,47,60,985,458,47,30,,,,,,,,,,,,,,,,,,,,,,,,
2005-06-24,1543,1221,1067,808,447,1315,964,1190,1987,1542,603,98,277,108,101,103,128,115,269,,210,118,65,122,,132,31,,,,40,108,408,,,,,,342,707,89,252,,310,268,29,13,,49,40,49,386,0,,,106,,15,984,,269,1506,,136,14,15,40,20,47,60,983,460,51,29,,,,,,,,,,,,,,,,,,,,,,,,
2005-07-01,1537,1230,1064,807,445,1320,965,1186,1991,1543,597,95,268,110,101,103,132,118,268,,209,118,66,123,,129,31,,,,40,107,418,,,,,,343,705,88,243,,316,260,29,13,,51,40,49,392,0,,,110,,15,996,,258,1502,,151,14,15,40,19,47,60,998,452,54,29,,,,,,,,,,,,,,,,,,,,,,,,
2005-07-08,1537,1228,1057,798,445,1318,982,1189,1998,1543,603,94,271,111,100,102,131,117,268,,210,117,62,121,,127,31,,,,40,107,417,,,,,,344,712,87,238,,320,257,29,0,,46,40,49,394,0,,,113,,15,996,,279,1510,,146,14,15,40,17,47,60,998,447,59,29,,,,,,,,,,,,,,,,,,,,,,,,
2005-07-15,1519,1230,1059,794,443,1307,965,1198,1996,1553,601,105,272,110,100,102,130,120,268,,214,115,61,123,,131,31,,,,40,107,417,,,,,,343,714,91,232,,317,251,29,13,,47,40,47,393,0,,,113,,14,993,,278,1502,,148,14,15,40,16,47,60,1004,445,57,29,,,,,,,,,,,,,,,,,,,,,,,,
2005-07-22,1497,1228,1062,797,442,1316,964,1192,1998,1544,605,111,270,108,101,102,138,117,276,,208,115,58,122,,131,31,,,,41,107,416,,,,,,342,716,89,234,,314,245,29,13,,48,40,47,387,0,,,117,,14,989,,289,1479,,149,14,15,40,18,46,59,1001,449,53,30,,,,,,,,,,,,,,,,,,,,,,,,
2005-07-29,1530,1233,1051,788,445,1312,976,1188,1999,1554,603,111,268,103,105,104,135,120,273,,209,113,60,124,,131,32,,,,41,110,413,,,,,,345,718,90,235,,308,239,29,13,,49,40,50,392,0,,,111,,14,988,,283,1476,,149,14,15,40,18,46,59,988,452,53,30,,,,,,,,,,,,,,,,,,,,,,,,
2005-08-05,1529,1233,1052,802,451,1320,966,1187,2002,1550,601,109,270,104,101,103,128,120,275,,210,115,63,119,,130,32,,,,41,110,414,,,,,,346,717,87,238,,305,244,29,10,,50,40,50,391,0,,,109,,14,988,,264,1473,,151,14,15,40,19,46,60,995,453,61,25,,,,,,,,,,,,,,,,,,,,,,,,
2005-08-12,1517,1233,1057,803,449,1323,956,1183,2010,1558,598,107,271,107,102,103,133,122,272,,205,116,62,116,,125,32,,,,41,101,418,,,,,,345,724,86,236,,301,241,29,11,,50,35,41,387,0,,,104,,14,995,,268,1480,,149,10,11,34,19,46,60,1001,450,57,25,,,,,,,,,,,,,,,,,,,,,,,,
2005-08-19,1512,1231,1057,805,448,1313,965,1190,2002,1562,599,107,270,110,100,103,127,120,272,,205,116,61,125,,122,32,,,,41,107,416,,,,,,343,727,84,232,,291,247,29,10,,52,35,41,400,0,,,113,,14,998,,302,1491,,150,10,11,34,20,48,59,1000,445,58,25,,,,,,,,,,,,,,,,,,,,,,,,
2005-08-26,1513,1232,1059,805,450,1310,973,1192,2012,1544,596,104,265,106,99,103,125,118,262,,200,115,58,127,,123,32,,,,41,108,410,,,,,,347,734,92,218,,290,246,29,9,,49,36,44,400,0,,,111,,14,1002,,244,1485,,147,11,13,36,21,48,58,999,443,56,25,,,,,,,,,,,,,,,,,,,,,,,,
2005-09-02,1486,1238,1068,813,450,1307,960,1190,2011,1534,598,99,263,107,93,102,140,116,266,,198,115,60,124,,126,32,,,,41,110,405,,,,,,344,734,94,214,,287,241,29,9,,47,35,44,390,0,,,113,,14,1007,,244,1501,,149,11,13,36,20,48,57,1000,450,57,27,,,,,,,,,,,,,,,,,,,,,,,,
2005-09-09,1465,1232,1065,806,441,1303,977,1185,2004,1537,601,96,267,106,94,102,138,115,263,,200,114,58,119,,122,32,,,,41,110,394,,,,,,342,734,92,221,,290,241,29,9,,49,40,50,399,0,,,115,,14,1006,,300,1485,,145,14,16,40,20,48,57,992,451,51,29,,,,,,,,,,,,,,,,,,,,,,,,
2005-09-16,1468,1229,1068,805,438,1298,976,1188,2009,1543,603,95,264,104,96,102,138,121,267,,204,114,63,121,,120,32,,,,41,110,399,,,,,,343,734,91,214,,286,237,29,9,,50,40,50,391,0,,,115,,14,1000,,281,1469,,150,14,16,40,20,50,60,1004,446,49,29,,,,,,,,,,,,,,,,,,,,,,,,
2005-09-23,1492,1238,1075,804,448,1311,977,1181,2008,1563,594,90,262,103,97,102,132,121,267,,200,112,63,118,,121,32,,,,41,109,400,,,,,,340,737,86,217,,294,235,29,9,,52,40,50,385,0,,,111,,14,998,,253,1451,,149,14,16,40,20,50,60,999,441,62,29,,,,,,,,,,,,,,,,,,,,,,,,
2005-09-30,1503,1224,1071,804,449,1303,971,1181,2001,1550,601,102,267,104,96,102,138,120,265,,210,114,67,122,,118,32,,,,41,110,403,,,,,,340,733,86,217,,297,232,29,9,,53,40,50,387,0,,,112,,14,988,,251,1447,,147,14,16,40,20,50,61,980,450,59,29,,,,,,,,,,,,,,,,,,,,,,,,
2005-10-07,1513,1228,1068,805,448,1316,977,1188,2011,1537,599,97,262,106,99,103,130,123,267,,208,114,67,115,,125,32,,,,41,110,392,,,,,,340,723,84,220,,304,231,29,0,,52,40,50,377,0,,,113,,14,991,,257,1435,,147,14,16,40,20,48,61,979,445,59,29,,,,,,,,,,,,,,,,,,,,,,,,
2005-10-14,1479,1237,1064,825,449,1330,978,1185,2018,1547,603,94,263,104,97,100,128,120,271,,216,116,64,116,,125,32,,,,42,110,389,,,,,,338,725,84,231,,305,224,29,0,,49,40,50,373,0,,,117,,15,985,,273,1431,,147,14,16,40,20,48,60,989,448,62,30,,,,,,,,,,,,,,,,,,,,,,,,
2005-10-21,1487,1227,1065,822,448,1332,973,1187,2017,1561,597,85,255,99,96,104,138,117,267,,218,115,63,118,,122,31,,,,42,110,388,,,,,,338,728,88,241,,297,228,29,0,,52,40,49,374,0,,,119,,15,994,,270,1445,,148,14,16,40,19,48,60,991,448,58,30,,,,,,,,,,,,,,,,,,,,,,,,
2005-10-28,1528,1238,1069,822,449,1350,960,1177,2025,1548,600,99,257,94,95,105,130,118,268,,220,116,65,117,,126,31,,,,42,109,385,,,,,,338,731,87,240,,294,230,29,12,,53,40,49,362,,,,118,,15,1000,,275,1457,,147,14,16,40,19,48,60,982,443,64,30,,,,,,,,,,,,,,,,,,,,,,,,
2005-11-04,1551,1226,1070,819,447,1322,974,1195,2035,1567,604,97,260,92,95,101,124,117,257,,227,116,62,118,,132,30,,,,42,108,377,,,,,,338,735,87,235,,300,231,29,12,,52,40,49,370,,,,109,,15,1005,,251,1459,,148,14,16,40,20,48,60,971,451,61,30,,,,,,,,,,,,,,,,,,,,,,,,
2005-11-11,1568,1232,1075,824,445,1325,963,1188,2036,1564,599,93,251,92,96,102,128,120,259,,238,116,61,117,,127,30,,,,42,110,371,,,,,,337,724,92,243,,301,230,29,12,,54,40,49,362,,,,108,,15,1005,,255,1519,,148,14,16,40,20,47,60,973,449,59,30,,,,,,,,,,,,,,,,,,,,,,,,
2005-11-18,1568,1235,1072,833,445,1326,979,1185,2019,1559,599,89,254,92,98,103,125,121,266,,230,114,60,115,,126,30,,,,42,110,377,,,,,,339,728,93,255,,302,226,29,11,,47,40,49,360,,,,106,,15,1010,,260,1520,,152,14,16,40,18,47,60,979,453,54,30,,,,,,,,,,,,,,,,,,,,,,,,
2005-11-25,1545,1238,1072,826,449,1319,988,1184,2022,1542,604,81,252,90,98,103,121,123,267,,237,114,61,113,,129,30,,,,42,110,397,,,,,,340,722,88,256,,299,228,29,11,,49,40,48,355,,,,104,,15,1008,,228,1527,,149,14,16,40,22,47,60,984,455,64,30,,,,,,,,,,,,,,,,,,,,,,,,
2005-12-02,1581,1238,1073,822,445,1312,967,1185,2019,1565,604,94,244,90,98,104,131,120,259,,234,114,61,111,,125,30,,,,42,109,394,,,,,,341,723,84,264,,290,234,30,11,,48,38,48,353,,,,104,,15,1002,,228,1515,,150,14,16,40,20,47,60,983,458,59,25,,,,,,,,,,,,,,,,,,,,,,,,
2005-12-09,1563,1236,1074,827,449,1331,989,1197,2032,1555,596,91,243,90,89,105,131,120,267,,232,116,60,111,,121,30,,,,42,109,390,,,,,,340,729,93,255,,286,240,29,13,,48,38,48,351,,,,105,,15,999,,220,1499,,148,14,16,40,19,47,60,1000,458,55,25,,,,,,,,,,,,,,,,,,,,,,,,
2005-12-16,1545,1238,1076,832,448,1325,967,1187,2025,1567,619,102,248,91,90,105,134,120,265,,236,115,60,112,,118,30,,,,42,110,399,,,,,,339,726,89,259,,282,244,29,12,,47,38,48,342,,,,104,,15,1002,,183,1507,,149,14,15,40,19,47,60,999,457,60,17,,,,,,,,,,,,,,,,,,,,,,,,
2005-12-23,1569,1237,1074,839,448,1316,987,1186,2030,1566,607,95,233,91,90,103,130,119,267,,234,115,60,111,,119,30,,,,42,111,409,,,,,,338,719,87,260,,274,229,29,12,,49,38,48,348,,,,103,,15,1001,,216,1518,,147,14,15,40,21,46,60,1003,458,63,9,,,,,,,,,,,,,,,,,,,,,,,,
2005-12-30,1583,1238,1075,831,449,1315,990,1180,2033,1572,604,89,240,90,90,103,128,120,265,,234,115,60,114,,123,30,,,,42,109,411,,,,,,335,715,86,259,,273,227,29,0,,50,38,48,348,,,,106,,15,1003,,202,1524,,149,14,15,40,20,46,60,990,452,64,1,,,,,,,,,,,,,,,,,,,,,,,,
2006-01-06,1589,1237,1083,825,449,1320,995,1182,2030,1565,605,87,241,90,92,102,125,118,267,,235,117,60,111,,129,30,,,,41,109,408,,,,,,336,707,88,254,,272,226,29,0,,52,38,48,335,,,,105,,15,1009,,239,1513,,150,14,15,40,20,46,52,993,455,64,1,,,,,,,,,,,,,,,,,,,,,,,,
2006-01-13,1556,1240,1079,826,450,1308,994,1191,2026,1581,610,94,229,87,91,102,124,120,264,,234,119,57,106,,127,30,,,,41,109,410,,,,,,336,714,89,267,,272,235,29,12,,50,37,49,342,,,,101,,15,1015,,271,1513,,148,13,15,39,20,46,52,986,448,58,0,,,,,,,,,,,,,,,,,,,,,,,,
2006-01-20,1555,1235,1079,832,449,1315,984,1187,2025,1575,632,93,227,88,94,102,116,118,261,,238,120,64,105,,131,30,,,,42,109,411,,,,,,337,701,84,273,,280,231,29,11,,49,37,49,340,,,,102,,15,1015,,219,1515,,146,12,15,39,21,50,0,996,464,63,0,,,,,,,,,,,,,,,,,,,,,,,,
2006-01-27,1576,1238,1081,833,449,1320,988,1188,2035,1545,640,88,235,85,93,104,114,119,268,,222,116,63,107,,125,30,,,,42,99,420,,,,,,339,711,88,280,,277,234,27,11,,48,40,51,328,,,,103,,15,1014,,253,1520,,149,13,15,40,21,50,0,995,464,64,0,,,,,,,,,,,,,,,,,,,,,,,,
2006-02-03,1576,1240,1083,832,450,1322,989,1188,2033,1575,645,85,249,89,92,103,119,121,267,,221,116,59,111,,122,30,,,,41,99,427,,,,,,337,709,88,283,,273,237,29,10,,44,40,51,325,,,,101,,15,1013,,263,1537,,149,13,15,40,20,50,0,998,453,66,0,,,,,,,,,,,,,,,,,,,,,,,,
2006-02-10,1585,1240,1085,835,446,1330,987,1189,2025,1557,643,98,249,89,92,104,113,123,269,,219,118,61,115,,128,30,,,,41,99,425,,,,,,337,712,87,286,,272,236,29,11,,42,39,50,322,,,,103,,15,1018,,238,1536,,148,13,15,39,19,49,0,1000,456,63,0,,,,,,,,,,,,,,,,,,,,,,,,
2006-02-17,1594,1241,1083,838,447,1338,984,1191,2041,1569,648,97,250,92,91,104,112,124,271,,216,117,64,117,,131,30,,,,42,88,423,,,,,,334,710,84,291,,279,231,29,9,,41,39,50,319,,,,103,,15,1017,,229,1512,,147,13,15,39,17,49,0,1000,461,64,0,,,,,,,,,,,,,,,,,,,,,,,,
2006-02-24,1570,1240,1085,824,447,1337,985,1193,2031,1566,642,92,247,92,90,102,120,128,270,,207,118,62,115,,132,31,,,,42,88,423,,,,,,334,714,86,292,,273,229,29,9,,45,40,50,321,,,,99,,15,1021,,270,1532,,150,14,16,40,17,49,0,1001,461,62,0,,,,,,,,,,,,,,,,,,,,,,,,
2006-03-03,1575,1238,1086,833,448,1324,985,1193,2029,1568,637,94,246,92,91,101,116,126,271,,201,117,63,116,,131,31,,,,42,87,424,,,,,,332,721,87,290,,275,239,29,9,,44,40,50,322,,,,98,,15,1021,,288,1533,,148,14,16,40,19,50,0,997,461,63,0,,,,,,,,,,,,,,,,,,,,,,,,
2006-03-10,1576,1236,1089,830,446,1324,992,1188,2032,1570,644,93,244,91,92,101,113,126,266,,196,116,60,113,,126,31,,,,42,87,427,,,,,,336,724,90,288,,259,242,29,10,,42,42,49,331,,,,99,,15,1012,,275,1528,,147,14,16,39,18,50,0,1008,461,64,0,,,,,,,,,,,,,,,,,,,,,,,,
2006-03-17,1564,1243,1088,831,446,1334,988,1171,2039,1546,646,91,243,94,94,102,106,124,272,,188,113,59,115,,133,31,,,,42,76,418,,,,,,334,727,97,290,,262,238,29,11,,40,41,49,338,,,,106,,15,1010,,235,1543,,147,14,16,39,20,50,0,1002,459,63,0,,,,,,,,,,,,,,,,,,,,,,,,
2006-03-24,1541,1237,1088,829,450,1332,980,1185,2034,1583,651,90,237,94,95,103,115,125,269,,190,116,61,113,,133,31,,,,42,76,418,,,,,,336,730,99,289,,249,241,29,11,,42,40,49,343,,,,106,,15,1011,,268,1548,,148,14,16,39,20,50,0,999,451,64,0,,,,,,,,,,,,,,,,,,,,,,,,
2006-03-31,1587,1230,1093,836,450,1327,984,1186,2045,1574,645,90,232,94,95,103,113,126,269,,190,116,61,112,,126,31,,,,43,76,422,,,,,,344,720,101,297,,254,238,29,11,,43,40,49,349,,,,104,,15,1011,,255,1547,,150,14,16,39,20,50,0,1003,454,64,0,,,,,,,,,,,,,,,,,,,,,,,,
2006-04-07,1574,1236,1094,827,446,1333,981,1188,2030,1568,651,99,250,90,96,104,126,125,264,,191,117,57,117,,127,31,,,,42,76,423,,,,,,343,721,100,300,,247,238,29,8,,42,40,49,346,,,,101,,15,1016,,279,1544,,149,14,16,39,20,49,0,1001,451,65,0,,,,,,,,,,,,,,,,,,,,,,,,
2006-04-14,1566,1236,1084,827,444,1337,993,1189,2029,1579,651,94,255,90,95,104,119,124,265,,196,118,57,117,,126,31,,,,42,65,424,,,,,,345,723,99,303,,256,237,29,7,,45,40,49,343,,,,104,,15,1008,,274,1532,,145,14,16,39,20,49,0,1005,451,65,0,,,,,,,,,,,,,,,,,,,,,,,,
2006-04-21,1601,1240,1085,828,450,1342,986,1188,2031,1568,649,93,253,91,92,107,117,120,260,,194,119,58,114,,125,30,,,,42,65,423,,,,,,348,720,98,299,,251,233,29,8,,49,40,50,334,,,,98,,15,1016,,244,1529,,147,14,16,40,20,49,0,1003,449,65,0,,,,,,,,,,,,,,,,,,,,,,,,
2006-04-28,1594,1234,1085,829,449,1339,993,1188,2044,1566,656,92,250,92,92,104,119,122,260,,195,118,56,112,,123,30,,,,43,65,423,,,,,,346,714,97,302,,257,234,29,7,,48,40,50,337,,,,102,,15,1021,,272,1531,,149,14,16,40,20,49,0,1003,450,63,0,,,,,,,,,,,,,,,,,,,,,,,,
2006-05-05,1618,1243,1081,828,450,1347,982,1188,2046,1567,665,105,246,92,93,102,115,121,256,,195,121,59,114,,120,30,,,,43,65,424,,,,,,347,715,96,304,,267,239,29,0,,47,39,50,335,,,,103,,15,1024,,236,1520,,139,14,16,40,19,49,0,1011,453,64,0,,,,,,,,,,,,,,,,,,,,,,,,
2006-05-12,1601,1237,1084,829,450,1340,994,1185,2053,1568,671,96,259,91,93,102,113,116,272,,194,123,59,115,,131,30,,,,41,54,426,,,,,,345,709,98,309,,267,233,29,0,,47,39,50,335,,,,100,,15,1024,,275,1511,,150,14,16,40,20,49,0,1004,453,63,0,,,,,,,,,,,,,,,,,,,,,,,,
2006-05-19,1576,1242,1083,827,450,1333,993,1185,2056,1585,673,94,274,91,93,102,125,121,267,,196,125,59,114,,134,30,,,,41,54,419,,,,,,342,710,96,305,,266,229,29,0,,46,40,49,337,,,,100,,15,1026,,243,1531,,148,14,16,39,20,49,0,999,454,62,0,,,,,,,,,,,,,,,,,,,,,,,,
2006-05-26,1591,1241,1078,827,450,1329,990,1189,2056,1583,671,90,274,90,93,103,120,117,266,,197,126,61,114,,133,30,,,,42,54,418,,,,,,342,710,94,305,,267,230,28,0,,46,40,49,344,,,,98,,15,1022,,275,1532,,149,14,16,39,21,49,0,1015,450,64,0,,,,,,,,,,,,,,,,,,,,,,,,
2006-06-02,1590,1240,1076,825,449,1345,989,1189,2058,1580,661,88,276,91,93,102,119,114,264,,196,125,60,113,,130,30,,,,42,54,420,,,,,,342,716,92,307,,267,227,28,0,,47,50,55,346,,,,101,,15,1024,,318,1520,,147,14,16,39,21,49,0,1015,450,65,0,,,,,,,,,,,,,,,,,,,,,,,,
2006-06-09,1569,1246,1076,825,450,1338,981,1188,2058,1582,667,100,280,92,90,103,128,111,267,,201,119,61,113,,128,30,,,,42,54,447,,,,,,344,725,91,310,,259,228,29,12,,45,50,55,338,,,,99,,15,1024,,270,1525,,149,14,16,39,21,49,0,1001,452,64,0,,,,,,,,,,,,,,,,,,,,,,,,
2006-06-16,1579,1247,1083,826,449,1348,995,1190,2058,1575,666,94,278,92,90,99,127,115,268,,204,116,59,115,,130,30,,,,42,54,443,,,,,,344,715,93,312,,262,239,29,12,,47,50,55,339,,,,101,,15,1026,,258,1541,,145,13,16,39,21,75,0,988,449,62,30,,,,,,,,,,,,,,,,,,,,,,,,
2006-06-23,1583,1240,1079,833,450,1347,989,1193,2049,1576,660,98,280,91,91,102,122,112,266,,211,117,63,112,,131,30,,,,43,54,444,,,,,,346,706,91,302,,265,229,29,11,,45,50,55,344,,,,102,,14,1027,,232,1518,,151,13,16,39,21,75,0,1000,468,63,30,,,,,,,,,,,,,,,,,,,,,,,,
2006-06-30,1588,1243,1084,834,450,1353,981,1195,2058,1572,668,91,281,91,91,102,122,116,268,,213,117,65,117,,129,30,,,,42,54,448,,,,,,348,711,95,306,,258,230,29,11,,47,49,55,339,,,,102,,15,1026,,292,1502,,151,14,16,40,20,75,,1000,468,63,30,,,,,,,,,,,,,,,,,,,,,,,,
2006-07-07,1600,1243,1086,828,450,1337,990,1194,2058,1574,655,87,280,88,90,101,118,117,263,,214,114,67,112,,129,31,,,,42,55,465,,,,,,343,698,98,303,,261,230,29,10,,46,49,55,339,,,,103,,15,1026,,243,1523,,151,14,16,40,19,73,,997,465,57,30,0,,,,,,,,,,,,,,,,,,,,,,,
2006-07-14,1525,1235,1086,840,450,1348,990,1189,2058,1589,639,101,280,86,90,101,116,115,261,,216,114,63,112,,128,31,,,,42,55,473,,,,,,345,696,94,302,,265,222,30,12,,45,49,54,348,,,,100,,15,1025,,293,1539,,141,14,16,40,19,73,,1004,464,62,30,48,,,,,,,,,,,,,,,,,,,,,,,
2006-07-21,1581,1238,1086,834,450,1354,992,1191,2061,1586,643,90,280,84,84,100,113,110,258,,220,115,63,113,,129,30,,,,41,55,473,,,,,,344,705,97,304,,264,229,29,12,,44,49,54,353,,,,99,,14,1022,,259,1539,,149,14,16,40,19,73,,995,462,61,30,48,,,,,,,,,,,,,,,,,,,,,,,
2006-07-28,1585,1242,1088,831,450,1353,977,1186,2058,1609,632,88,268,89,86,100,113,111,264,,222,116,59,113,,131,30,,,,41,55,473,,,,,,343,709,94,296,,262,226,29,11,,43,50,55,349,,,,102,,14,1017,,271,1525,,148,14,16,40,20,73,,1020,460,64,30,46,,,,,,,,,,,,,,,,,,,,,,,
2006-08-04,1595,1242,1086,828,450,1342,982,1186,2053,1606,638,97,275,90,90,98,110,117,269,,219,117,60,113,,130,29,,,,42,55,469,,,,,,343,705,88,307,,264,231,29,11,,46,50,55,350,,,,101,,14,1015,,290,1511,,150,14,16,40,20,75,,1017,465,64,30,58,,,,,,,,,,,,,,,,,,,,,,,
2006-08-11,1592,1240,1089,822,447,1338,984,1186,2059,1600,649,97,274,90,90,96,107,121,268,,218,115,61,116,,127,29,,,,42,55,465,,,,,,345,713,87,307,,255,219,29,11,,44,50,55,340,,,,101,,14,1019,,247,1511,,147,14,16,40,20,75,,1020,453,63,45,58,,,,,,,,,,,,,,,,,,,,,,,
2006-08-18,1593,1238,1089,830,449,1355,996,1190,2060,1586,634,92,269,84,88,98,112,119,270,,218,115,55,119,,133,28,,,,42,55,469,,,,,,345,720,90,306,,257,219,29,11,,46,50,55,335,,,,99,,14,1017,,264,1522,,142,14,16,40,19,73,,1027,449,64,45,58,,,,,,,,,,,,,,,,,,,,,,,
2006-08-25,1605,1237,1089,835,450,1359,992,1194,2070,1570,639,88,266,89,90,94,111,119,268,,218,113,59,115,,129,28,,,,42,55,466,,,,,,343,732,93,301,,266,223,29,9,,45,50,55,337,,,,104,,15,1024,,220,1540,,149,14,16,40,19,73,,1021,455,62,45,58,,,,,,,,,,,,,,,,,,,,,,,
2006-09-01,1580,1240,1095,834,450,1351,983,1199,2070,1596,648,100,262,92,90,98,108,117,268,,217,115,60,116,,125,28,,,,42,54,474,,,,,,340,724,92,308,,267,220,28,9,,45,50,54,340,,,,103,,15,1032,,251,1543,,150,14,16,40,20,75,,1011,458,60,45,59,,,,,,,,,,,,,,,,,,,,,,,
2006-09-08,1605,1238,1092,834,450,1358,982,1190,2070,1590,646,95,259,92,93,96,106,116,264,,215,112,60,116,,127,28,,,,42,54,470,,,,,,341,733,90,304,,260,216,29,11,,45,50,54,341,,,,106,,15,1024,,266,1550,,146,14,16,40,20,75,,1006,458,64,45,59,,,,,,,,,,,,,,,,,,,,,,,
2006-09-15,1588,1235,1088,833,447,1359,990,1191,2062,1606,653,91,258,92,94,98,113,120,267,,220,113,60,113,,125,28,,,,42,55,466,,,,,,339,731,88,309,,271,212,29,10,,44,50,53,345,,,,102,,15,1027,,253,1548,,146,14,16,40,19,75,,1007,459,63,45,58,,,,,,,,,,,,,,,,,,,,,,,
2006-09-22,1591,1239,1090,834,450,1360,988,1195,2063,1601,651,103,274,92,96,94,107,117,272,,224,116,60,115,,129,28,,,,42,55,463,,,,,,338,726,88,305,,270,215,29,6,,45,50,54,351,,,,104,,15,1029,,269,1545,,147,14,16,40,19,75,,1009,459,64,45,58,,,,,,,,,,,,,,,,,,,,,,,
2006-09-29,1605,1241,1091,843,449,1352,994,1188,2071,1587,650,103,274,92,94,92,104,116,268,,224,114,61,112,,128,28,,,,42,55,468,,,,,,339,735,85,304,,275,216,29,4,,47,50,54,347,,,,99,,15,1015,,250,1546,,148,14,16,40,18,74,,1014,455,64,45,58,,,,,,,,,,,,,,,,,,,,,,,
2006-10-06,1571,1236,1087,840,449,1350,995,1193,2074,1599,663,99,271,93,94,97,111,119,273,,223,116,61,112,,126,28,,,,41,55,471,,,,,,342,728,89,310,,273,212,29,8,,50,50,54,352,,,,98,,15,1012,,261,1544,,149,15,16,40,18,75,,1012,455,62,45,70,,,,,,,,,,,,,,,,,,,,,,,
2006-10-13,1585,1241,1096,837,449,1360,994,1189,2069,1597,665,99,275,90,92,93,114,120,272,,215,117,59,110,,123,28,,,,42,55,469,,,,,,346,730,89,312,,281,216,29,9,,49,50,53,353,,,,104,,15,1015,,232,1544,,147,14,16,40,20,75,,1007,450,64,45,70,,,,,,,,,,,,,,,,,,,,,,,
2006-10-20,1607,1241,1096,842,450,1362,993,1189,2068,1589,670,95,269,90,92,99,109,118,270,,218,119,61,110,,120,28,,,,42,55,478,,,,,,345,729,91,311,,273,218,29,9,,46,50,52,360,,,,101,,20,1018,,268,1543,,150,14,16,40,20,75,,1001,449,62,45,70,,,,,,,,,,,,,,,,,,,,,,,
2006-10-27,1609,1244,1092,847,450,1363,988,1190,2068,1590,670,111,281,89,92,99,105,119,275,,222,120,61,113,,127,28,,,,42,55,480,,,,,,348,726,91,311,,283,211,29,9,,49,55,52,345,,,,105,,20,1023,,271,1548,,148,14,16,40,20,70,,999,447,61,45,70,,,,,,,,,,,,,,,,,,,,,,,
2006-11-03,1616,1245,1091,838,449,1370,989,1179,2066,1596,664,106,284,89,89,100,116,119,273,,220,120,61,116,,128,28,,,,42,55,492,,,,,,347,732,86,315,,276,210,29,9,,44,53,52,344,,,,103,,20,1019,,255,1549,,147,14,16,40,20,75,,1002,448,62,45,70,15,,,,,,,,,,,,,,,,,,,,,,
2006-11-10,1611,1245,1091,848,450,1368,978,1190,2064,1601,664,103,279,92,88,99,111,120,266,,222,118,59,110,,126,29,,,,42,55,512,,,,,,350,721,95,309,,271,211,29,9,,49,53,51,348,,,,101,,20,1017,,265,1543,,147,14,16,40,19,75,,1009,462,60,45,70,30,,,,,,,,,,,,,,,,,,,,,,
2006-11-17,1600,1244,1090,846,450,1370,989,1193,2052,1596,661,96,282,93,98,103,105,118,265,,220,119,65,116,,119,28,,,,42,55,508,,,,,,349,734,98,307,,277,210,29,9,,49,53,52,353,,,,106,,20,1020,,279,1532,,147,14,16,40,17,75,,1006,454,58,45,70,30,,,,,,,,,,,,,,,,,,,,,,
2006-11-24,1586,1246,1088,848,450,1365,992,1192,2051,1600,664,94,272,93,97,102,103,117,274,,218,113,65,115,,128,28,,,,42,55,506,,,,,,350,736,99,311,,274,207,29,9,,49,53,52,357,,,,105,,20,1018,,281,1531,,146,14,16,40,20,75,,1007,465,64,45,69,30,,,,,,,,,,,,,,,,,,,,,,
2006-12-01,1614,1247,1089,841,449,1371,995,1193,2057,1600,659,104,271,91,98,104,100,121,273,,221,115,65,111,,127,28,,,,42,55,503,,,,,,350,725,101,318,,271,201,28,12,,47,53,53,359,,,,102,,20,1024,,254,1540,,149,13,16,41,20,75,,1011,473,64,45,69,30,,,,,,,,,,,,,,,,,,,,,,
2006-12-08,1607,1247,1087,845,450,1374,988,1193,2045,1591,663,104,280,94,95,102,110,118,269,,221,115,61,113,,124,28,,,,42,55,509,,,,,,354,721,95,318,,272,207,29,12,,49,52,53,359,,,,102,,20,1018,,309,1540,,143,13,16,41,20,75,,1007,464,65,45,69,30,,,,,,,,,,,,,,,,,,,,,,
2006-12-15,1614,1247,1084,847,447,1364,988,1193,2040,1586,671,102,278,98,94,102,105,121,266,,224,117,59,109,,131,28,,,,42,53,512,,,,,,353,722,94,311,,274,211,29,11,,48,52,53,364,,,,99,,20,1020,,301,1532,,141,13,16,40,20,75,,1010,469,64,45,70,30,,,,,,,,,,,,,,,,,,,,,,
2006-12-22,1604,1245,1087,845,450,1369,994,1199,2034,1597,681,97,291,97,89,102,105,123,268,,225,119,59,111,,138,28,,,,42,53,509,,,,,,347,724,97,319,,284,209,29,11,,53,53,55,365,,,,102,,20,1024,,316,1536,,146,13,16,40,19,75,,1012,474,60,45,70,30,,,,,,,,,,,,,,,,,,,,,,
2006-12-29,1614,1248,1081,847,449,1381,988,1198,2030,1588,678,104,287,94,88,100,103,121,271,,225,116,60,115,,136,28,,,,42,53,510,,,,,,347,718,99,323,,282,208,30,0,,53,53,55,376,,,,105,,20,1020,,287,1534,,145,13,16,40,19,75,,1013,479,64,45,70,30,,,,,,,,,,,,,,,,,,,,,,
2007-01-05,1639,1249,1086,837,449,1372,993,1197,2048,1584,671,104,294,94,89,98,102,122,264,,228,116,62,115,,134,28,,,,42,53,507,,,,,,350,726,98,321,,280,212,29,0,,54,53,55,380,,,,104,,20,1024,,255,1531,,143,13,16,40,19,75,,1013,475,62,45,69,30,,,,,,,,,,,,,,,,,,,,,,
2007-01-12,1625,1245,1086,842,450,1375,990,1187,2046,1599,681,102,296,98,92,102,106,122,269,,228,120,62,118,,134,28,,,,42,47,499,,,,,,347,725,100,318,,284,208,29,6,,54,53,55,377,,,,105,,20,1024,,321,1546,,148,14,16,40,19,75,,1010,475,60,45,69,30,0,,,,,,,,,,,,,,,,,,,,,
2007-01-19,1636,1246,1082,841,448,1386,985,1187,2047,1597,682,94,294,100,92,102,103,120,272,,227,120,59,125,,127,28,,,,42,47,498,,,,,,345,727,101,311,,281,217,29,6,,55,53,55,380,,,,106,,20,1022,,270,1543,,147,14,16,40,18,75,,1007,478,60,45,70,30,30,,,,,,,,,,,,,,,,,,,,,
2007-01-26,1600,1246,1088,841,450,1378,995,1192,2046,1587,682,103,296,100,93,106,98,131,268,,223,120,60,125,,142,28,,,,42,42,507,,,,,,343,720,99,322,,277,223,29,6,,56,53,55,374,,,,116,,20,1027,,302,1527,,149,14,16,40,18,75,,1014,476,61,45,69,30,30,,,,,,,,,,,,,,,,,,,,,
2007-02-02,1635,1249,1092,850,449,1378,992,1191,2058,1577,685,98,301,99,92,106,96,130,267,,226,120,57,125,,136,29,,,,42,40,504,,,,,,339,721,100,319,,274,229,29,6,,58,53,55,368,,,,118,,20,1026,,314,1528,,146,14,16,40,20,74,,1013,472,64,45,69,30,30,,,,,,,,,,,,,,,,,,,,,
2007-02-09,1612,1249,1106,842,449,1365,989,1187,2054,1583,682,94,302,99,93,106,113,132,269,,221,120,59,123,,136,29,,,,41,40,510,,,,,,339,714,100,318,,280,223,29,0,,53,53,55,372,,,,112,,20,1023,,317,1543,,153,14,16,40,20,74,,1013,477,63,46,70,30,30,,,,,,,,,,,,,,,,,,,,,
2007-02-16,1626,1247,1103,849,449,1365,996,1188,2059,1581,685,87,301,100,97,101,124,127,268,,217,120,57,124,,137,29,,,,36,39,511,,,,,,339,715,98,316,,276,228,29,0,,56,53,55,383,,,,118,,20,1024,,281,1548,,153,14,16,40,20,74,,1012,474,64,46,70,30,30,,,,,,,,,,,,,,,,,,,,,
2007-02-23,1629,1247,1100,847,450,1368,994,1193,2051,1585,678,100,297,100,92,102,122,131,278,,220,120,58,129,,136,28,,,,36,39,509,,,,,,340,720,96,315,,278,221,28,0,,58,53,55,396,,,,112,,20,1022,,279,1560,,146,14,16,40,20,74,,1016,476,64,45,72,30,30,,,,,,,,,,,,,,,,,,,,,
2007-03-02,1630,1246,1104,848,449,1360,993,1191,2041,1594,680,96,287,101,88,102,121,129,267,,217,121,61,129,,139,28,,,,29,40,511,,,,,,341,723,94,324,,275,221,29,0,,60,53,55,412,,,,114,,20,1022,,283,1557,,154,14,16,40,19,74,,1017,471,64,45,74,30,30,,,,,,,,,,,,,,,,,,,,,
2007-03-09,1635,1248,1106,847,450,1361,988,1189,2052,1599,684,94,302,99,91,102,119,127,272,,221,122,62,126,,137,28,,,,29,40,512,,,,,,336,733,91,320,,277,224,30,0,,60,53,55,420,,,,113,,20,1021,,303,1551,,147,14,16,40,19,74,,1012,471,64,45,74,30,30,,,,,,,,,,,,,,,,,,,,,
2007-03-16,1618,1248,1108,845,450,1362,995,1189,2047,1587,685,100,294,99,91,101,131,126,269,,215,122,63,126,,135,28,,,,30,39,512,,,,,,340,737,89,321,,282,227,30,0,,58,53,54,432,,,,112,,20,1022,,312,1550,,150,14,16,40,20,74,,1010,471,63,40,72,30,30,,,,,,,,,,,,,,,,,,,,,
2007-03-23,1616,1246,1110,840,450,1362,994,1187,2050,1587,686,100,301,96,89,102,129,128,271,,222,122,62,124,,138,28,,,,30,39,511,,,,,,340,741,87,310,,293,220,29,0,,58,46,61,444,,,,113,,20,1017,,293,1552,,150,14,16,40,20,74,,1010,475,64,45,73,30,30,,,,,,,,,,,,,,,,,,,,,
2007-03-30,1637,1246,1104,836,450,1351,992,1185,2054,1604,683,93,299,99,91,102,131,125,275,,230,121,62,124,,136,28,,,,29,40,508,,,,,,335,728,87,321,,292,229,29,0,,55,46,61,460,,,,111,,20,1016,,264,1550,,149,14,16,40,20,73,,1010,471,65,45,74,30,30,,,,,,,,,,,,,,,,,,,,,
2007-04-06,1628,1243,1103,837,450,1346,989,1187,2046,1619,688,109,300,100,90,102,125,128,268,,230,121,60,122,,131,29,,,,29,40,510,,,,,,337,731,87,330,,293,229,29,0,,56,47,59,484,,,,112,,20,1012,,268,1550,,151,14,16,40,20,72,,1016,473,63,44,74,30,30,,,,,,,,,,,,,,,,,,,,,
2007-04-13,1641,1240,1103,836,450,1364,991,1190,2047,1609,682,106,296,100,92,104,123,126,272,,234,121,61,125,,134,29,,,,31,40,509,,,,,,336,728,87,321,,285,231,29,0,,55,47,59,489,,,,113,,20,1014,,280,1546,,146,14,16,40,20,75,,1016,469,64,44,74,30,30,0,,,,,,,,,,,,,,,,,,,,
2007-04-20,1633,1246,1098,837,450,1365,984,1194,2052,1606,680,106,292,100,91,106,135,127,269,,250,122,61,120,,138,29,,,,31,40,515,,,,,,335,727,87,323,,287,228,29,0,,60,47,59,483,,,,114,,20,1018,,250,1549,,149,14,16,40,19,75,,1016,472,63,44,74,30,30,0,,,,,,,,,,,,,,,,,,,,
2007-04-27,1640,1248,1097,838,450,1357,1000,1189,2050,1595,683,106,288,101,91,106,126,128,272,,252,122,59,121,,135,29,,,,29,40,509,,,,,,332,729,89,322,,291,231,29,0,,60,47,59,489,,,,114,,20,1027,,264,1542,,147,14,16,40,19,75,,1016,458,65,44,74,30,30,0,,,,,,,,,,,,,,,,,,,,
2007-05-04,1693,1247,1102,842,442,1358,1002,1194,2050,1600,687,98,286,98,88,105,125,127,273,,253,120,57,122,,137,29,,,,29,40,511,,,,,,332,732,94,319,,288,239,29,0,,61,47,60,483,,,,113,,20,1022,,260,1541,,149,14,16,40,19,75,,1014,453,63,44,74,30,25,0,,,,,,,,,,,,,,,,,,,,
2007-05-11,1664,1243,1102,836,449,1364,992,1189,2042,1603,695,106,291,100,90,106,133,125,274,,254,124,59,125,,140,29,,,,29,40,508,,,,,,334,738,95,322,,291,240,29,0,,62,47,60,477,,,,113,,20,1022,,295,1533,,149,14,16,40,20,75,,1016,465,63,44,74,30,20,0,,,,,,,,,,,,,,,,,,,,
2007-05-18,1651,1244,1093,835,450,1360,993,1189,2047,1599,710,106,301,101,89,106,131,126,263,,246,123,59,126,,134,29,,,,29,41,511,,,,,,335,755,94,315,,293,230,29,7,,61,47,60,482,,,,111,,20,1023,,259,1548,,151,14,16,40,20,75,,1015,467,63,44,74,30,20,0,,,,,,,,,,,,,,,,,,,,
2007-05-25,1674,1247,1083,836,450,1359,998,1189,2054,1585,711,101,294,100,91,102,128,127,269,,249,124,59,122,,133,29,,,,29,40,511,,,,,,337,761,96,312,,289,230,29,7,,61,40,59,475,,,,114,,20,1021,,272,1548,,150,14,16,40,19,75,,1013,465,63,44,74,30,20,0,,,,,,,,,,,,,,,,,,,,
2007-06-01,1666,1248,1090,836,450,1367,994,1187,2053,1582,706,99,295,101,92,102,127,128,264,,250,121,61,124,,135,29,,,,29,40,513,,,,,,335,764,96,310,,284,227,29,0,,60,40,59,464,,,,112,,20,1021,,260,1543,,150,14,16,40,20,75,,1014,465,62,44,74,30,20,0,,,,,,,,,,,,,,,,,,,,
2007-06-08,1667,1246,1091,829,450,1376,998,1191,2053,1595,704,96,300,101,90,104,136,128,271,,251,121,60,123,,137,29,,,,29,42,515,,,,,,334,767,96,310,,282,234,29,5,,63,40,59,459,,,,114,,20,1018,,281,1536,,148,14,16,40,20,75,,1002,464,63,44,73,30,20,0,,,,,,,,,,,,,,,,,,,,
2007-06-15,1657,1244,1089,833,450,1364,986,1193,2056,1606,713,110,305,104,91,105,133,127,266,,254,122,57,123,,135,29,,,,29,42,517,,,,,,336,761,96,313,,293,227,29,5,,59,40,60,461,,,,107,,20,1017,,248,1521,,150,16,16,40,19,75,,1004,464,64,44,73,30,20,0,,,,,,,,,,,,,,,,,,,,
2007-06-22,1635,1248,1085,832,450,1365,994,1192,2059,1573,703,107,294,102,92,107,125,127,273,,248,123,58,125,,132,29,,,,30,40,511,,,,,,335,768,95,307,,288,229,28,4,,58,30,60,462,,,,115,,20,1021,,251,1535,,148,16,16,40,19,75,,1005,457,64,44,91,30,20,0,,,,,,,,,,,,,,,,,,,,
2007-06-29,1651,1246,1085,837,448,1361,984,1195,2065,1570,705,107,289,101,93,105,129,129,270,,246,119,62,123,,131,29,,,,30,40,512,,,,,,336,769,101,307,,289,230,29,4,,55,30,60,458,,,,112,,20,1019,,280,1542,,145,16,16,40,19,75,,1008,466,62,45,91,30,20,0,,,,,,,,,,,,,,,,,,,,
2007-07-06,1663,1246,1083,835,450,1354,996,1186,2058,1582,692,103,289,100,91,102,128,129,272,,245,122,61,124,,132,29,,,,30,40,510,,,,,,338,777,96,304,,286,229,27,0,,55,30,60,461,,,,110,,20,1015,,274,1547,,143,16,16,40,20,75,,1005,465,64,45,92,30,20,0,,,,,,,,,,,,,,,,,,,,
2007-07-13,1651,1247,1066,835,448,1352,990,1188,2054,1598,707,110,283,104,90,102,127,128,275,,248,123,66,128,,133,29,,,,30,40,512,,,,,,331,773,100,312,,279,224,28,10,,53,30,60,448,,,,114,,20,1012,,280,1543,,148,16,16,40,19,75,,1010,471,64,45,92,30,20,0,,,,,,,,,,,,,,,,,,,,
2007-07-20,1660,1248,1075,832,448,1349,990,1190,2049,1600,694,109,279,103,93,102,125,127,271,,238,125,61,125,,135,29,,,,29,40,514,,,,,,332,770,93,322,,285,224,30,7,,56,30,61,444,,,,113,,20,1016,,268,1545,,153,16,16,40,20,74,,1011,474,64,45,91,31,20,0,,,,,,,,,,,,,,,,,,,,
2007-07-27,1675,1248,1081,832,445,1354,995,1189,2051,1579,708,108,278,99,96,103,128,127,270,,246,122,65,126,,134,29,,,,28,41,509,,,,,,325,759,92,322,,294,221,30,6,,56,30,61,453,,,,115,,20,1018,,281,1532,,147,16,16,40,19,74,,1011,471,64,45,92,31,20,0,,,,,,,,,,,,,,,,,,,,
2007-08-03,1664,1250,1088,830,450,1363,995,1189,2049,1585,704,105,280,101,94,101,128,126,267,,248,121,65,125,,136,29,,,,30,42,507,,,,,,329,770,91,320,,292,222,28,0,,58,31,61,452,,,,112,,20,1019,,254,1545,,146,17,16,40,19,74,,1014,463,64,45,92,31,20,0,,,,,,,,,,,,,,,,,,,,
2007-08-10,1636,1248,1090,826,449,1364,995,1189,2060,1558,698,97,278,103,94,102,125,124,276,,252,120,64,124,,135,29,,,,30,42,505,,,,,,331,767,90,318,,279,218,29,11,,59,31,60,453,,,,114,,20,1019,,264,1542,,137,17,16,40,19,74,,1018,458,64,44,92,31,20,0,,,,,,,,,,,,,,,,,,,,
2007-08-17,1638,1243,1084,831,448,1367,991,1188,2054,1559,704,93,283,103,94,102,122,125,268,,254,120,67,123,,136,29,,,,29,40,509,,,,,,326,762,91,318,,277,219,29,10,,58,31,60,453,,,,110,,20,1020,,273,1547,,138,17,16,40,20,75,,1013,461,64,44,92,30,20,0,,,,,,,,,,,,,,,,,,,,
2007-08-24,1643,1244,1084,825,449,1366,990,1190,2050,1570,703,111,277,103,94,102,126,126,269,,253,120,67,124,,134,29,,,,29,40,510,,,,,,328,769,93,324,,280,220,29,10,,61,31,59,454,,,,108,,20,1017,,263,1548,,139,15,16,40,19,75,,1015,456,64,44,91,30,20,,,,,,,,,,,,,,,,,,,,,
2007-08-31,1683,1240,1088,828,448,1359,990,1190,2042,1562,695,107,271,102,96,102,121,125,272,,254,121,64,124,,129,29,,,,29,39,510,,,,,,324,770,94,327,,282,225,29,10,,63,31,59,457,,,,107,,20,1016,,278,1542,,142,15,16,41,18,75,,1013,461,64,44,91,30,20,,,,,,,,,,,,,,,,,,,,,
2007-09-07,1652,1239,1088,829,450,1359,975,1187,2053,1564,698,106,283,102,100,102,138,129,272,,258,123,60,124,,137,29,,,,29,39,508,,,,,,324,768,93,324,,275,228,29,10,,60,31,59,455,,,,111,,20,1016,,245,1531,,144,15,16,42,18,75,,1017,465,64,43,91,30,20,,,,,,,,,,,,,,,,,,,,,
2007-09-14,1631,1244,1076,831,448,1359,989,1181,2054,1570,706,100,272,101,96,102,134,129,267,,256,125,61,123,,137,29,,,,30,39,510,,,,,,322,763,93,331,,274,225,29,7,,60,40,59,454,,,,111,,20,1014,,287,1536,,144,15,16,42,20,75,,1005,470,64,44,91,30,20,,,,,,,,,,,,,,,,,,,,,
2007-09-21,1662,1245,1085,828,448,1354,991,1186,2052,1568,703,94,281,101,97,103,129,127,271,,256,128,57,121,,134,29,,,,30,39,507,,,,,,322,766,97,331,,271,224,29,7,,59,39,58,454,,,,115,,20,1019,,276,1534,,146,16,16,40,18,85,,1015,472,64,44,91,30,20,,,,,,,,,,,,,,,,,,,,,
2007-09-28,1667,1247,1089,831,450,1356,984,1188,2049,1566,707,103,277,101,97,105,130,127,270,,256,127,63,119,,132,29,,,,30,40,510,,,,,,321,771,98,332,,281,222,29,6,,58,39,58,455,,,,117,,20,1019,,284,1532,,147,16,16,40,20,85,,1013,476,63,44,92,30,20,,,,,,,,,,,,,,,,,,,,,
2007-10-05,1663,1248,1086,830,450,1356,990,1188,2055,1566,708,101,274,101,98,106,135,127,272,,258,124,61,122,,133,29,,,,30,40,511,,,,,,320,779,105,328,,282,221,29,0,,54,39,59,458,,,,116,,20,1012,,292,1540,,147,16,16,40,20,85,,1011,476,64,45,93,30,20,,,,,,,,,,,,,,,,,,,,,
2007-10-12,1672,1246,1092,832,450,1364,997,1186,2060,1556,706,94,275,102,96,105,130,127,267,,260,123,61,126,,137,29,,,,30,40,509,,,,,,321,785,101,322,,282,222,29,8,,53,39,59,459,,,,114,,20,1016,,283,1540,,145,16,16,40,19,85,,1013,477,64,45,93,30,20,,,,,,,,,,,,,,,,,,,,,
2007-10-19,1678,1245,1094,830,450,1369,1004,1189,2048,1567,709,87,271,101,96,105,125,127,276,,260,119,63,124,,134,29,,,,30,40,504,,,,,,322,785,101,333,,284,221,29,8,,55,40,60,459,,,,115,,20,1022,,293,1542,,141,16,16,30,20,85,,1008,465,64,46,92,30,20,,,,,,,,,,,,,,,,,,,,,
2007-10-26,1669,1245,1095,830,449,1371,987,1188,2050,1562,707,100,274,100,99,104,130,128,270,,257,123,65,124,,138,29,,,,30,40,508,,,,,,325,788,103,330,,280,222,29,7,,55,40,60,453,,,,116,,20,1023,,261,1526,,139,16,16,30,20,85,,1003,472,64,46,92,30,20,,,,,,,,,,,,,,,,,,,,,
2007-11-02,1669,1247,1087,822,449,1373,994,1190,2050,1567,706,100,284,101,89,102,123,129,274,,248,123,65,123,,143,29,,,,29,40,499,,,,,,330,782,106,323,,274,223,29,5,,53,40,61,455,,,,121,,20,1021,,292,1540,,141,16,16,30,20,85,,1007,476,64,48,92,30,20,,,,,,,,,,,,,,,,,,,,,
2007-11-09,1681,1247,1088,816,450,1366,995,1186,2051,1564,705,97,275,100,92,102,119,128,274,,255,123,63,123,,137,29,,,,30,40,506,,,,,,337,776,103,323,,280,219,30,5,,55,39,60,458,,,,122,,20,1014,,284,1552,,141,16,16,30,20,85,,1007,478,64,51,93,30,20,,,,,,,,,,,,,,,,,,,,,
2007-11-16,1657,1244,1091,830,450,1358,979,1190,2046,1566,699,109,276,96,92,102,127,128,269,,255,122,64,123,,135,29,,,,30,40,498,,,,,,340,784,103,319,,282,221,29,4,,53,40,60,453,,,,120,,20,1018,,286,1551,,141,15,16,29,20,85,,1002,474,64,56,92,30,20,,,,,,,,,,,,,,,,,,,,,
2007-11-23,1658,1244,1094,831,446,1356,985,1176,2039,1570,705,104,282,100,95,101,125,127,273,,247,117,63,126,,136,29,,,,30,40,507,,,,,,339,790,101,318,,277,222,29,3,,54,40,59,447,,,,119,,20,1020,,288,1536,,142,15,16,29,20,85,,1003,470,64,56,91,30,20,,,,,,,,,,,,,,,,,,,,,
2007-11-30,1675,1236,1094,829,448,1350,985,1186,2037,1560,703,101,279,99,96,103,123,125,266,,239,121,58,125,,134,29,,,,30,40,509,,,,,,340,783,100,330,,281,217,29,6,,53,41,59,435,,,,122,,20,1020,,284,1549,,146,16,16,29,21,87,,1013,472,64,56,92,30,20,,,,,,,,,,,,,,,,,,,,,
2007-12-07,1671,1242,1100,827,447,1361,977,1177,2034,1569,697,95,278,98,89,101,138,127,263,,235,121,60,126,,137,29,,,,29,36,511,,,,,,346,792,100,340,,279,219,29,6,,56,41,59,447,,,,123,,20,1011,,281,1551,,144,16,16,29,20,85,,1019,473,64,55,92,30,20,,,,,,,,,,,,,,,,,,,,,
2007-12-14,1657,1241,1099,835,449,1366,974,1187,2031,1570,701,107,276,97,91,103,134,128,269,,236,121,59,123,,137,29,,,,29,36,509,,,,,,345,791,100,343,,276,221,29,6,,54,41,62,451,,,,121,,20,1018,,278,1550,,141,15,16,29,20,85,,1011,474,63,55,92,30,20,,,,,,,,,,,,,,,,,,,,,
2007-12-21,1654,1240,1095,832,449,1363,984,1188,2034,1564,708,96,286,98,92,102,131,129,271,,227,121,58,122,,132,29,,,,29,28,510,,,,,,345,799,105,343,,280,223,29,6,,52,41,62,453,,,,117,,20,1014,,255,1548,,143,15,16,29,20,85,,1012,464,64,54,88,30,20,,,,,,,,,,,,,,,,,,,,,
2007-12-28,1665,1243,1099,831,449,1359,991,1181,2029,1564,703,94,276,98,90,101,128,129,272,,233,119,58,123,,132,29,,,,29,28,511,,,,,,346,796,104,343,,287,225,29,0,,53,41,62,449,,,,116,,20,1018,,247,1554,,140,15,16,29,21,85,,1008,459,64,54,88,30,21,,,,,,,,,,,,,,,,,,,,,
2008-01-04,1661,1241,1099,825,442,1354,991,1182,2028,1556,705,92,274,100,91,103,127,127,269,,230,120,58,126,,137,29,,,,29,28,512,,,,,,347,800,98,334,,286,224,29,0,,53,41,61,451,,,,114,,20,1017,,247,1551,,136,15,16,29,20,85,,1007,452,64,54,88,30,21,,29,,,,,,,,,,,,,,,,,,,
2008-01-11,1672,1244,1097,817,447,1363,986,1187,2016,1558,705,87,272,96,90,102,120,124,262,,237,124,59,126,,134,29,,,,29,28,513,,,,,,343,792,99,335,,284,220,29,0,,53,40,60,451,,,,110,,20,1018,,258,1542,,143,16,16,28,20,85,,1004,459,63,56,93,30,21,,29,,,,,,,,,,,,,,,,,,,
2008-01-18,1674,1248,1101,829,447,1353,966,1190,2005,1562,697,95,275,99,90,103,126,124,262,,237,121,57,125,,133,29,,,,30,28,510,,,,,,344,791,98,322,,281,227,29,0,,57,40,60,463,,,,108,,20,1020,,249,1538,,143,16,16,28,19,85,,1010,453,64,56,93,30,20,,32,,,,,,,,,,,,,,,,,,,
2008-01-25,1677,1246,1103,833,445,1364,974,1187,2004,1549,695,91,274,102,93,103,123,129,269,,244,124,60,124,,131,29,,,,30,30,509,,,,,,342,780,100,332,,274,219,29,0,,57,40,60,477,,,,112,,20,1022,,240,1526,,145,16,16,28,19,85,,992,451,64,56,93,30,20,,30,1,,,,,,,,,,,,,,,,,,
2008-02-01,1669,1243,1103,832,443,1353,984,1184,2016,1549,707,86,280,102,90,101,122,129,270,,243,123,62,126,,135,29,,,,30,30,513,,,,,,341,778,100,333,,278,229,29,0,,59,40,60,486,,,,115,,20,1019,,288,1513,,141,16,16,28,18,85,,1007,454,64,55,93,30,20,,40,9,,,,,,,,,,,,,,,,,,
2008-02-08,1638,1247,1102,829,449,1345,973,1190,2017,1555,694,85,282,104,91,102,134,127,271,,240,123,57,126,,135,28,,,,30,31,512,,,,,,343,775,100,332,,277,221,29,10,,59,39,60,486,,,,111,,20,1020,,269,1496,,140,16,16,29,18,85,,1015,458,64,55,93,30,20,,61,9,,,,,,,,,,,,,,,,,,
2008-02-15,1647,1245,1102,832,449,1342,986,1186,2020,1563,691,83,281,107,90,104,132,125,270,,244,122,59,119,,132,28,,,,30,27,504,,,,,,344,772,99,334,,266,222,29,10,,58,39,60,478,,,,115,,20,1014,,237,1494,,141,16,16,29,20,85,,1012,458,64,55,92,30,20,,60,9,,,,,,,,,,,,,,,,,,
2008-02-22,1644,1248,1104,824,449,1349,973,1187,2019,1565,689,99,274,105,94,104,130,125,273,,242,123,60,124,,132,28,,,,30,27,508,,,,,,346,775,95,335,,268,226,29,9,,57,39,60,472,,,,115,,20,1016,,272,1497,,144,16,16,30,20,85,0,1016,455,64,55,93,30,22,,63,12,14,,,,,,,,,,,,,,,,,
2008-02-29,1661,1248,1098,824,447,1345,982,1180,2018,1552,686,96,275,102,90,104,123,127,271,,244,126,59,119,,131,28,,,,30,27,504,,,,,,349,766,91,342,,269,227,28,8,,58,39,60,481,,,,113,,20,1015,,247,1485,,143,16,16,30,20,85,10,1015,458,64,55,91,29,21,,65,12,24,9,,,,,,,,,,,,,,,,
2008-03-07,1633,1249,1103,820,447,1350,979,1175,2010,1555,678,91,277,98,95,104,116,126,269,,242,125,57,127,,128,28,,,,30,27,500,,,,,,342,758,91,339,,269,227,28,8,,58,39,61,481,,,,110,,20,1016,,427,1495,,145,16,17,29,20,85,10,1005,454,64,55,91,29,22,,64,12,46,9,4,,,,,,,,,,,,,,,
2008-03-14,1639,1244,1097,822,445,1345,971,1184,2009,1553,667,90,270,96,94,100,124,119,268,,237,123,57,125,,129,28,,,,31,29,498,,,,,,344,767,92,338,,267,221,29,9,,60,39,61,477,,,,109,,20,1019,,440,1500,,145,16,17,29,20,85,10,1001,455,64,55,91,29,21,,65,12,72,9,4,,,,,,,,,,,,,,,
2008-03-21,1621,1235,1109,824,448,1352,982,1182,2009,1543,690,89,281,95,92,105,116,120,258,,232,123,60,121,,115,28,,,,31,30,510,,,,,,338,764,97,336,,272,224,29,9,,61,40,60,484,,,,104,,20,1020,,355,1503,,142,16,16,30,20,85,10,1001,458,108,56,93,30,22,,65,12,93,9,8,,,,,,,,,,,,,,,
2008-03-28,1645,1242,1106,829,448,1354,978,1175,2005,1565,687,104,279,96,91,107,126,119,265,,233,121,60,119,,120,28,,,,31,30,499,,,,,,317,767,96,336,,264,228,29,8,,63,40,60,468,,,,102,,20,1021,,367,1489,,144,16,16,30,20,85,19,994,461,108,55,93,30,23,,64,12,93,9,8,,,,,,,,,,,,,,,
2008-04-04,1598,1242,1102,824,450,1358,983,1194,2010,1563,684,98,273,98,94,108,128,120,271,,227,121,62,117,,129,29,,,,31,31,509,,,,,,315,771,100,333,,267,225,29,7,,66,40,59,469,,,,109,,20,1024,,355,1504,,140,16,16,30,20,85,32,1007,458,108,56,93,30,25,,63,16,93,9,8,,,,,,,,,,,,,,,
2008-04-11,1603,1240,1096,832,449,1357,988,1187,2008,1558,682,94,277,93,94,111,124,116,274,,226,120,61,118,,130,29,,,,31,31,511,,,,,,316,770,101,327,,266,230,29,7,,67,40,59,468,,,,106,,20,1023,,398,1505,,144,16,16,30,20,85,32,1008,463,107,55,92,30,27,,64,16,90,9,8,,,,,,,,,,,,,,,
2008-04-18,1608,1246,1107,833,450,1351,987,1187,2005,1561,688,93,282,93,97,110,136,122,266,,230,118,61,121,,138,29,,,,30,31,509,,,,,,315,765,100,327,,271,225,30,7,,67,30,59,465,,,,103,,20,1020,,396,1538,,135,16,16,30,20,85,32,1001,465,105,52,92,30,32,,65,15,95,9,8,,,,,,,,,,,,,,,
2008-04-25,1563,1243,1098,837,449,1357,994,1190,2016,1556,686,92,280,97,99,106,135,124,274,,238,122,62,123,,133,28,,,,30,31,511,,,,,,318,761,94,323,,275,228,29,6,,61,30,59,460,,,,103,,19,1018,,425,1538,,137,16,16,30,21,85,31,1001,464,107,53,94,30,32,,65,15,94,9,8,,,,,,,,,,,,,,,
2008-05-02,1571,1241,1085,828,449,1362,992,1188,2027,1560,682,106,276,99,98,108,131,121,270,,244,122,59,122,,134,28,,,,30,31,507,,,,,,318,758,99,324,,275,230,29,0,,63,30,59,467,,,,112,,19,1019,,427,1535,,129,16,16,30,21,85,31,1008,458,107,53,93,30,34,,62,15,93,9,8,,,,,,,,,,,,,,,
2008-05-09,1610,1239,1087,827,450,1356,997,1185,2031,1564,676,101,274,98,96,105,128,118,276,,249,127,61,125,,133,28,,,,30,30,508,,,,,,320,750,101,319,,270,226,29,8,,65,30,59,443,,,,112,,19,1015,,410,1532,,135,16,16,30,20,85,27,998,457,106,54,93,30,34,,67,15,92,9,8,,,,,,,,,,,,,,,
2008-05-16,1598,1240,1096,825,450,1356,994,1193,2039,1551,675,95,277,99,92,101,135,122,276,,250,124,60,127,,133,28,,,,30,30,505,,,,,,318,744,99,318,,264,233,30,8,,69,31,61,435,,,,110,,20,1017,,437,1524,,141,16,16,31,20,85,26,995,461,140,54,94,30,34,,66,15,93,9,8,,,,,,,,,,,,,,,
2008-05-23,1609,1242,1085,826,450,1351,989,1190,2041,1558,679,82,282,99,92,102,136,125,269,,245,121,63,125,,136,28,,,,30,30,510,,,,,,316,746,100,319,,261,223,29,8,,71,31,61,426,,,,107,,20,1016,,436,1535,,140,16,16,30,20,85,25,998,459,140,54,93,30,27,,66,15,93,8,8,,,,,,,,,,,,,,,
2008-05-30,1599,1244,1092,830,448,1351,960,1184,2032,1560,682,96,280,101,94,104,140,124,273,,244,123,61,125,,138,28,,,,30,30,505,,,,,,317,740,99,314,,256,225,29,8,,66,31,60,429,,,,108,,20,1013,,475,1547,,136,17,16,30,20,85,25,997,460,140,57,92,30,27,,64,15,95,8,8,,,,,,,,,,,,,,,
2008-06-06,1601,1245,1098,825,448,1351,979,1187,2031,1561,677,94,279,102,93,106,136,124,266,,245,122,63,121,,139,28,,,,30,30,504,,,,,,315,743,99,310,,245,232,29,9,,67,31,59,428,,,,112,,20,1010,,482,1543,,136,17,16,30,21,85,23,1009,460,141,57,92,30,22,,64,15,94,8,8,,,,,,,,,,,,,,,
2008-06-13,1611,1244,1100,823,449,1337,984,1190,2031,1563,681,91,277,99,97,107,130,121,267,,246,120,68,119,,135,28,,,,30,28,508,,,,,,317,740,101,309,,256,229,29,9,,67,30,59,417,,,,113,,20,1003,,494,1528,,136,16,16,30,21,85,21,1015,449,139,57,88,30,21,,63,15,94,8,8,,,,,,,,,,,,,,,
2008-06-20,1493,1239,1103,830,450,1350,969,1186,2038,1560,689,105,277,97,98,106,123,131,269,,241,123,64,129,,136,28,,,,30,28,514,,,,,,317,734,103,304,,256,236,29,8,,66,30,59,426,,,,114,,20,1007,,415,1550,,137,16,16,30,20,85,19,1015,449,142,57,88,30,15,,61,15,93,8,8,,,,,,,,,,,,,,,
2008-06-27,1499,1235,1099,828,448,1339,972,1186,2023,1544,680,100,275,99,97,105,120,129,268,,243,121,62,126,,131,28,,,,30,28,510,,,,,,315,736,101,301,,271,233,29,8,,68,30,59,423,,,,110,,20,1017,,492,1552,,133,16,17,30,20,85,17,1007,453,142,57,88,30,15,,60,15,90,8,8,,,,,,,,,,,,,,,
2008-07-04,1587,1239,1098,825,447,1334,988,1180,2023,1560,668,99,283,97,96,104,119,129,270,,241,120,59,123,,129,28,,,,30,27,501,,,,,,314,738,96,306,,267,231,29,9,,69,30,59,429,,,,110,,20,1015,,496,1549,,137,16,17,30,19,85,17,1008,458,138,57,87,30,15,,61,15,87,8,8,,,,,,,,,,,,,,,
2008-07-11,1554,1240,1098,818,449,1337,985,1185,2010,1560,674,98,275,95,92,103,118,122,264,,243,121,61,123,,128,28,,,,30,29,507,,,,,,315,732,96,305,,259,234,29,8,,69,29,57,431,,,,109,,20,1019,,522,1551,,135,16,17,30,19,85,17,1012,463,131,56,88,30,15,,61,15,91,8,7,,,,,,,,,,,,,,,
2008-07-18,1591,1241,1096,809,448,1335,984,1181,2020,1548,681,94,273,93,86,104,115,122,260,,239,126,60,116,,139,,,,,30,28,502,,,,,,315,742,96,303,,266,227,29,8,,69,29,57,432,,,,104,,20,1016,,482,1545,,136,16,15,30,20,84,28,1013,458,139,57,87,30,15,,60,15,88,8,7,29,,,,,,,,,,,,,,
2008-07-25,1592,1239,1098,814,448,1340,987,1185,2026,1552,684,91,268,94,84,106,109,125,256,,238,124,61,115,,135,,,,,30,29,505,,,,,,314,742,91,312,,271,228,29,8,,68,28,60,424,,,,105,,20,1018,,472,1545,,139,16,16,28,20,84,27,1011,460,142,57,86,30,14,,63,15,93,8,7,27,,,,,,,,,,,,,,
2008-08-01,1620,1240,1093,817,450,1341,967,1182,2028,1554,682,104,271,91,89,107,109,127,261,,230,124,59,120,,140,,,,,30,28,511,,,,,,313,747,92,298,,272,232,29,0,,66,28,60,429,,,,111,,20,1019,,462,1545,,141,15,16,28,20,84,27,1009,454,139,56,87,30,14,,61,15,91,8,7,27,,,,,,,,,,,,,,
2008-08-08,1610,1239,1097,829,448,1334,988,1188,2038,1542,684,102,272,91,89,105,105,125,260,,233,124,56,122,,136,,,,,30,30,506,,,,,,313,733,100,302,,265,237,29,9,,65,30,61,440,,,,102,,20,1018,,476,1571,,140,15,16,29,20,84,29,1011,453,141,56,87,29,17,,64,15,88,10,7,27,,,,,,,,,,,,,,
2008-08-15,1623,1241,1094,831,447,1332,991,1190,2042,1540,674,99,270,87,90,105,101,119,259,,234,125,53,128,,138,,,,,30,30,504,,,,,,314,740,97,307,,268,239,29,9,,68,30,59,441,,,,109,,20,1018,,459,1557,,141,15,16,29,18,82,28,1007,454,142,55,88,29,17,,64,15,86,10,7,27,,,,,,,,,,,,,,
2008-08-22,1629,1245,1103,830,450,1333,990,1190,2031,1546,679,97,270,91,92,104,94,117,251,,227,122,56,125,,138,,,,,30,29,504,,,,,,314,739,96,316,,264,246,29,9,,69,31,59,438,,,,114,,20,1018,,470,1566,,142,16,16,30,17,82,27,1009,446,141,51,87,29,17,,65,15,94,10,7,27,,,,,,,,,,,,,,
2008-08-29,1658,1247,1100,829,450,1334,993,1189,2043,1536,682,110,269,91,92,106,90,116,260,,231,118,57,119,,133,,,,,30,29,501,,,,,,313,732,92,323,,263,244,29,8,,68,31,60,430,,,,111,,20,1015,,423,1548,,140,16,16,30,15,77,27,1017,442,134,56,81,29,16,,63,15,93,9,7,27,,,,,,,,,,,,,,
2008-09-05,1616,1244,1102,819,450,1339,983,1188,2043,1536,670,104,275,95,90,106,113,114,263,,232,122,58,120,,130,,,,,30,30,505,,,,,,312,707,93,331,,262,237,29,9,,69,40,60,437,,,,114,,20,1019,,419,1548,,141,16,16,30,15,83,29,1004,459,139,55,88,31,16,,65,14,93,10,7,27,,,,,,,,,,,,,,
2008-09-12,1591,1243,1097,819,450,1348,976,1177,2037,1543,665,101,283,96,91,104,124,126,268,,228,117,57,128,,135,,,,,30,30,501,,,,,,311,701,93,331,,266,241,30,9,,70,40,60,453,,,,111,,19,1019,,413,1541,,139,16,16,30,19,83,29,1012,454,135,56,88,31,11,,62,14,91,11,7,27,,,,,,,,,,,,,,
2008-09-19,1567,1239,1092,824,449,1336,976,1184,2040,1547,678,98,276,99,94,101,119,124,270,,231,119,56,125,,127,,,,,30,29,506,,,,,,314,711,92,330,,271,236,29,9,,72,40,59,453,,,,111,,19,1017,,400,1549,,138,16,16,30,19,83,29,1009,461,139,54,88,31,11,,66,14,94,12,8,27,,,,,,,,,,,,,,
2008-09-26,1585,1239,1090,830,450,1340,963,1181,2046,1561,672,115,275,98,94,102,111,127,266,,235,122,58,121,,134,,,,,30,29,509,,,,,,308,715,91,332,,272,236,29,8,,74,40,59,461,,,,111,,19,1016,,429,1550,,139,16,16,30,20,85,28,1005,458,133,56,87,30,9,,65,14,93,12,9,27,,,,,,,,,,,,,,
2008-10-03,1565,1238,1092,824,448,1337,970,1186,2034,1551,672,109,286,98,97,102,113,122,270,,236,123,60,122,,138,,,,,30,29,503,,,,,,306,708,92,334,,269,218,29,9,,72,39,60,471,,,,109,,19,1019,,418,1559,,135,17,16,30,19,83,28,1003,455,129,56,86,30,9,,64,14,94,12,9,26,,,,,,,,,,,,,,
2008-10-10,1557,1239,1092,821,450,1336,976,1187,2043,1542,681,104,284,97,98,100,109,125,262,,237,121,63,121,,140,,,,,30,29,503,,,,,,309,704,89,338,,269,218,28,9,,74,39,60,469,,,,112,,19,1018,,415,1547,,144,17,16,30,19,85,31,1003,453,139,55,88,30,9,,63,14,94,12,9,26,,,,,,,,,,,,,,
2008-10-17,1554,1234,1093,825,450,1345,976,1186,2031,1542,680,102,278,101,100,103,109,129,269,,233,120,61,124,,139,,,,,30,29,497,,,,,,308,707,87,337,,276,206,29,9,,76,40,62,475,,,,115,,19,1016,,392,1550,,143,16,16,30,20,85,30,1014,451,141,55,87,30,0,,63,16,94,12,9,26,,,,,,,,,,,,,,
2008-10-24,1564,1240,1094,821,448,1342,980,1165,2032,1550,682,102,280,101,93,108,113,126,271,,229,122,61,118,,137,,,,,30,29,508,,,,,,312,708,85,341,,274,208,29,8,,77,40,61,495,,,,118,,19,1018,,406,1541,,139,15,16,30,19,85,29,1008,449,142,55,88,31,0,,60,16,90,14,9,26,,,,,,,,,,,,,,
2008-10-31,1561,1245,1097,823,450,1343,965,1167,2027,1563,674,116,275,101,95,111,112,124,274,,233,115,59,118,,136,,,,,30,30,509,,,,,,311,699,84,343,,273,211,29,0,,78,40,59,491,,,,113,,19,1013,,393,1550,,140,15,16,29,19,84,30,1007,467,142,55,89,31,0,,63,16,96,14,9,26,,,,,,,,,,,,,,
2008-11-07,1569,1241,1096,823,450,1342,986,1167,2029,1553,681,104,273,103,95,112,110,125,278,,234,123,60,122,,134,,,,,29,30,503,,,,,,312,685,86,337,,266,214,29,7,,78,40,59,495,,,,113,,19,1020,,386,1548,,142,15,16,29,20,85,30,1004,455,140,55,88,31,0,,60,16,88,13,9,26,,,,,,,,,,,,,,
2008-11-14,1553,1243,1098,815,450,1336,987,1173,2032,1566,678,98,278,103,96,108,119,125,273,,234,123,60,123,,136,,,,,30,29,509,,,,,,310,673,86,335,,270,215,29,6,,78,40,59,493,,,,117,,20,1024,,379,1551,,143,14,16,28,20,85,30,1009,460,141,54,89,30,0,,63,16,91,14,9,26,,,,,,,,,,,,,,
2008-11-21,1573,1239,1095,826,446,1317,987,1165,2027,1568,678,112,276,103,92,106,116,128,280,,234,125,57,122,,141,,,,,30,28,508,,,,,,310,671,85,328,,265,220,29,5,,80,39,59,485,,,,120,,20,1022,,397,1552,,142,14,16,28,20,85,29,1010,463,140,54,88,30,0,,61,16,88,11,9,26,,,,,,,,,,,,,,
2008-11-28,1539,1244,1088,829,445,1322,982,1155,2036,1546,682,105,274,100,94,109,112,132,276,,232,125,58,122,,143,,,,,30,28,509,,,,,,310,673,86,326,,266,224,29,0,,75,39,59,496,,,,121,,20,1020,,396,1538,,139,14,16,30,20,84,25,1014,465,141,54,88,30,0,,64,16,94,11,9,26,,,,,,,,,,,,,,
2008-12-05,1582,1239,1089,828,450,1335,970,1161,2022,1558,684,101,272,100,94,108,127,129,281,,222,125,60,123,,141,,,,,30,27,511,,,,,,308,674,91,329,,257,216,29,12,,74,40,60,491,,,,117,,20,1017,,374,1547,,138,14,16,30,18,84,24,1008,465,142,52,86,30,0,,61,16,91,11,9,28,,,,,,,,,,,,,,
2008-12-12,1559,1244,1094,829,449,1335,980,1166,2025,1564,691,96,280,98,95,107,123,126,269,,228,123,60,123,,133,,,,,30,29,510,,,,,,309,674,86,329,,259,217,29,12,,74,39,62,500,,,,119,,20,1016,,391,1543,,137,14,16,29,19,85,28,1012,467,142,53,87,30,0,,66,16,95,10,8,27,,,,,,,,,,,,,,
2008-12-19,1570,1240,1093,830,447,1336,963,1164,2031,1564,684,110,277,96,89,107,126,123,265,,220,117,56,114,,127,,,,,30,31,507,,,,,,306,675,79,326,,264,211,29,11,,78,39,62,493,,,,106,,20,1018,,392,1550,,148,14,16,29,20,84,28,1007,456,137,53,87,30,0,,64,16,89,10,8,27,,,,,,,,,,,,,,
2008-12-26,1573,1240,1099,829,450,1323,970,1159,2034,1547,680,107,274,96,88,105,124,126,262,,221,114,55,115,,130,,,,,26,30,500,,,,,,301,669,78,326,,264,211,29,10,,76,40,60,496,,,,105,,20,1014,,363,1539,,142,16,16,30,19,84,26,1009,457,142,53,87,30,0,,62,16,89,10,8,27,,,,,,,,,,,,,,
2009-01-02,1541,1239,1104,828,447,1312,984,1179,2034,1557,681,104,271,96,88,104,122,123,263,,220,112,57,112,,127,,,,,26,30,503,,,,,,299,668,79,323,,262,209,29,0,,75,40,60,493,,,,102,,20,1014,,415,1545,,138,16,16,30,19,84,25,1004,445,140,53,87,30,0,,62,16,92,10,8,27,,,,,,,,,,,,,,
2009-01-09,1560,1239,1105,824,448,1304,990,1177,2028,1543,675,101,265,96,87,99,116,120,264,,225,114,55,115,,130,,,,,26,32,504,,,,,,297,673,77,321,,257,212,29,6,,77,40,60,485,,,,100,,20,1014,,458,1536,,143,16,16,30,19,84,31,1005,453,140,55,87,30,0,,64,16,90,10,8,28,,,,,,,,,,,,,,
2009-01-16,1551,1240,1102,817,447,1307,980,1167,2036,1556,674,96,260,95,91,98,120,116,252,,224,120,58,118,,127,,,,,28,32,507,,,,,,299,675,75,320,,256,210,29,5,,74,40,60,490,,,,100,,20,1014,,463,1541,,146,15,16,30,18,86,30,1004,453,142,55,88,30,0,,64,16,89,10,8,28,,,,,,,,,,,,,,
2009-01-23,1569,1239,1101,814,447,1315,958,1163,2028,1559,672,113,263,96,89,98,129,117,254,,221,117,58,119,,134,,,,,28,29,509,,,,,,300,692,73,312,,245,212,30,5,,74,40,60,489,,,,98,,20,1012,,391,1545,,151,15,16,30,18,85,30,1002,454,143,56,87,30,0,,64,16,92,10,8,28,,,,,,,,,,,,,,
2009-01-30,1588,1242,1109,816,450,1312,972,1169,2021,1556,686,109,270,95,88,99,128,117,258,,220,119,57,118,,132,,,,,30,29,507,,,,,,299,701,74,314,,248,212,29,4,,72,40,60,485,,,,98,,20,1011,,442,1556,,146,15,16,30,20,85,29,1004,454,142,56,88,30,0,,60,16,90,10,6,28,,,,,,,,,,,,,,
2009-02-06,1569,1241,1109,822,450,1320,970,1162,2028,1555,683,102,271,91,91,98,127,121,258,,220,119,54,119,,133,,,,,30,28,496,,,,,,302,691,75,319,,245,211,29,8,,71,40,60,485,,,,105,,20,1019,,412,1550,,150,16,16,30,20,85,30,1010,460,141,55,89,30,0,,65,16,96,10,8,28,,,,,,,,,,,,,,
2009-02-13,1574,1240,1102,827,448,1303,976,1162,2031,1563,683,99,270,95,90,101,126,128,264,,215,117,57,122,,130,,,,,15,28,497,,,,,,306,687,74,308,,241,213,29,7,,70,40,60,480,,,,106,,20,1015,,395,1544,,148,16,16,30,20,84,31,1006,458,142,56,89,30,0,,61,16,90,10,8,28,,,,,,,,,,,,,,
2009-02-20,1557,1239,1094,831,448,1324,963,1167,2025,1571,677,114,263,97,92,96,126,126,266,,207,113,58,117,,130,,,,,15,27,501,,,,,,304,693,74,307,,245,204,29,6,,71,40,61,480,,,,104,,20,1019,,409,1549,,149,15,16,31,21,84,31,1007,457,132,56,88,31,0,,64,16,94,9,8,28,,,,,,,,,,,,,,
2009-02-27,1562,1237,1085,825,448,1339,957,1162,2031,1564,675,111,262,97,89,100,141,125,259,,202,114,56,120,,128,,,,,15,28,496,,,,,,307,692,77,309,,252,197,29,4,,69,40,61,485,,,,102,,20,1021,,377,1548,,152,15,16,31,20,85,31,1005,456,131,56,89,31,0,,61,16,91,7,8,28,,,,,,,,,,,,,,
2009-03-06,1547,1238,1091,815,449,1337,973,1166,2023,1565,664,103,270,98,91,102,140,125,259,,203,116,51,120,,132,,,,,15,31,494,,,,,,309,682,77,307,,245,195,29,4,,67,40,61,484,,,,99,,20,1021,,412,1537,,148,15,16,30,21,85,31,1001,459,127,55,88,30,0,,64,16,94,6,8,28,,,,,,,,,,,,,,
2009-03-13,1586,1237,1089,805,450,1335,971,1165,2016,1567,669,98,271,96,89,103,135,126,258,,208,116,48,117,,131,,,,,15,31,499,,,,,,309,686,74,313,,235,207,29,4,,67,40,61,492,,,,105,,19,1012,,381,1540,,147,15,16,30,20,85,31,995,463,132,55,88,30,0,,60,16,91,6,8,28,,,,,,,,,,,,,,
2009-03-20,1556,1237,1084,826,449,1329,987,1161,2029,1564,672,114,265,98,90,104,130,127,256,,210,120,53,114,,123,,,,,15,30,506,,,,,,308,686,74,311,,232,203,29,9,,66,40,61,486,,,,106,,18,1015,,391,1534,,150,15,16,30,20,85,30,1010,457,134,55,88,29,0,,64,16,94,6,8,28,,,,,,,,,,,,,,
2009-03-27,1592,1240,1074,826,449,1333,984,1167,2025,1562,681,112,256,97,89,104,125,124,262,,203,117,50,113,,125,,,,,14,28,510,,,,,,306,694,73,316,,233,198,29,9,,66,40,60,490,,,,107,,18,1015,,384,1528,,151,15,16,30,20,85,28,1007,459,134,55,89,29,0,,59,16,91,8,8,28,,,,,,,,,,,,,,
2009-04-03,1565,1241,1086,830,444,1342,985,1166,2029,1567,682,108,255,98,85,108,123,121,264,,207,118,56,121,,131,,,,,14,23,509,,,,,,300,694,73,313,,237,192,28,9,,67,40,59,488,,,,104,,18,1011,,359,1547,,151,16,16,31,20,86,26,1006,456,136,54,88,29,0,,64,17,94,8,8,28,,,,,,,,,,,,,,
2009-04-10,1611,1240,1080,828,445,1334,973,1167,2021,1557,669,99,263,98,87,109,127,125,256,,202,120,57,120,,133,,,,,15,10,505,,,,,,303,702,74,308,,229,192,29,11,,66,40,59,491,,,,102,,18,1007,,376,1547,,153,16,16,31,20,86,32,1003,461,135,53,87,29,0,,60,17,89,7,8,27,,,,,,,,,,,,,,
2009-04-17,1566,1237,1080,830,448,1329,987,1166,2035,1558,675,97,274,97,89,109,124,122,256,,207,118,57,121,,131,,,,,15,10,504,,,,,,304,691,75,309,,227,196,29,8,,65,41,59,481,,,,105,,20,1016,,347,1544,,154,16,16,30,20,86,31,1005,454,127,54,89,29,0,,64,17,94,8,7,27,,,,,,,,,,,,,,
2009-04-24,1588,1240,1084,827,450,1330,988,1160,2026,1561,679,96,267,96,90,107,123,123,254,,214,114,56,119,,130,,,,,15,8,504,,,,,,306,689,74,306,,231,190,29,8,,65,41,59,482,,,,105,,20,1015,,381,1540,,149,16,16,30,20,85,31,1007,456,125,55,89,29,0,,62,17,90,8,7,27,,,,,,,,,,,,,,
2009-05-01,1573,1238,1086,823,450,1323,977,1167,2013,1564,678,113,275,97,90,105,119,125,263,,203,114,57,121,,133,,,,,15,8,490,,,,,,314,699,74,302,,228,191,29,7,,66,41,59,496,,,,107,,20,1013,,345,1542,,149,16,16,30,20,85,27,1005,461,126,54,88,30,0,,64,17,95,8,7,27,,,,,,,,,,,,,,
2009-05-08,1553,1239,1085,821,449,1331,977,1167,2029,1552,674,108,273,95,92,104,120,123,261,,203,119,57,114,,134,,,,,15,8,491,,,,,,311,712,73,302,,225,184,29,7,,65,41,59,492,,,,104,,20,1011,,368,1543,,151,16,16,30,18,86,26,1004,455,129,54,88,30,0,,62,17,93,8,7,28,,,,,,,,,,,,,,
2009-05-15,1527,1238,1089,825,449,1335,983,1164,2036,1563,674,103,269,96,90,100,114,123,258,,201,120,56,121,,133,,,,,15,8,495,,,,,,312,715,71,310,,237,183,28,7,,63,35,60,492,,,,107,,21,1013,,373,1533,,149,16,16,30,18,86,31,1012,456,129,54,87,30,0,,64,17,96,8,8,28,,,,,,,,,,,,,,
2009-05-22,1560,1240,1090,821,450,1329,997,1167,2038,1564,682,101,269,98,89,104,109,126,262,,207,116,58,117,,133,,,,,15,8,496,,,,,,311,712,67,303,,228,183,28,7,,64,35,60,486,,,,105,,21,1006,,390,1528,,153,16,16,30,20,86,31,1008,458,120,55,89,29,0,,64,16,93,8,8,28,,,,,,,,,,,,,,
2009-05-29,1562,1239,1089,823,449,1324,978,1164,2027,1563,673,113,270,98,90,103,119,125,256,,206,114,57,120,,133,,,,,15,8,493,,,,,,311,710,67,303,,236,181,29,7,,65,35,60,493,,,,106,,21,1010,,378,1539,,151,16,16,30,20,85,28,1003,460,124,55,88,30,0,,64,16,95,8,8,28,,,,,,,,,,,,,,
2009-06-05,1542,1239,1084,825,444,1339,996,1161,2030,1562,676,103,272,96,89,103,117,125,251,,205,113,54,120,,132,,,,,15,7,496,,,,,,307,715,62,311,,228,177,29,10,,65,35,60,490,,,,105,,21,1007,,353,1525,,148,16,16,29,20,85,28,1009,460,122,55,90,30,0,,65,15,94,8,8,29,,,,,,,,,,,,,,
2009-06-12,1546,1239,1086,835,448,1327,982,1168,2020,1554,683,100,276,97,87,104,118,120,249,,202,117,49,117,,131,,,,,15,7,496,,,,,,308,720,63,319,,239,174,29,10,,66,36,60,491,,,,103,,21,1011,,368,1548,,143,16,16,30,20,85,30,1010,459,122,55,90,30,0,,62,15,94,8,10,29,,,,,,,,,,,,,,
2009-06-19,1576,1239,1087,831,449,1324,994,1166,2024,1568,672,95,279,97,89,104,113,122,249,,200,116,52,119,,133,,,,,15,6,493,,,,,,309,725,70,306,,233,178,28,10,,63,36,60,493,,,,110,,21,1009,,349,1544,,146,16,16,30,20,85,29,1010,459,124,54,88,30,0,,61,15,89,8,10,29,,,,,,,,,,,,,,
2009-06-26,1566,1239,1091,830,449,1331,957,1161,2029,1565,685,106,274,98,90,105,123,126,255,,201,118,57,117,,132,,,,,15,5,502,,,,,,304,725,72,306,,235,175,29,9,,64,36,60,487,,,,109,,21,1009,,379,1546,,157,16,16,30,21,84,31,1009,461,115,53,89,30,0,,68,15,93,8,10,29,,,,,,,,,,,,,,
2009-07-03,1580,1240,1091,827,450,1331,981,1161,2025,1571,680,101,272,98,90,105,122,121,251,,203,119,49,121,,127,,,,,15,5,492,,,,,,300,732,74,301,,230,186,29,0,,65,36,59,493,,,,108,,21,1006,,401,1536,,153,16,16,30,22,84,31,1008,457,112,54,87,30,0,,67,15,88,8,10,29,,,,,,,,,,,,,,
2009-07-10,1576,1239,1085,820,450,1329,986,1168,2023,1567,683,92,269,97,89,102,117,125,259,,197,119,54,114,,131,,,,,15,5,497,,,,,,300,729,79,294,,226,189,29,11,,59,36,59,488,,,,106,,21,1015,,363,1539,,146,16,16,30,21,85,30,1006,464,112,55,87,30,0,,66,15,94,8,10,29,,,,,,,,,,,,,,
2009-07-17,1577,1240,1087,817,448,1327,991,1170,2027,1547,675,89,274,97,93,103,117,123,254,,198,114,58,118,,132,,,,,15,5,506,,,,,,301,729,82,293,,225,189,29,9,,62,36,59,484,,,,109,,21,1011,,384,1539,,154,16,16,30,18,85,28,1005,462,117,55,88,30,0,,62,16,92,9,10,29,,,,,,,,,,,,,,
2009-07-24,1594,1240,1090,825,449,1329,956,1168,2027,1552,686,106,273,97,93,103,127,122,258,,202,106,56,114,,128,,,,,15,5,504,,,,,,300,722,82,296,,223,194,29,8,,63,36,60,487,,,,109,,21,1019,,405,1540,,151,16,16,30,17,85,27,1004,454,116,55,88,30,0,,66,16,94,9,10,29,,,,,,,,,,,,,,
2009-07-31,1595,1240,1089,827,450,1331,978,1169,2022,1559,686,99,277,96,93,103,123,128,265,,204,95,56,115,,129,,,,,15,3,503,,,,,,299,717,84,297,,235,193,29,7,,61,35,60,486,,,,109,,21,1014,,426,1534,,154,16,16,30,17,84,26,1005,458,113,56,88,29,0,,65,16,93,9,10,30,,,,,,,,,,,,,,
2009-08-07,1560,1240,1078,827,450,1334,993,1174,2025,1564,684,91,272,98,92,105,121,124,266,,200,106,57,120,,131,,,,,15,4,499,,,,,,302,720,83,291,,235,183,29,12,,60,35,60,483,,,,102,,21,1015,,412,1537,,151,16,16,30,18,84,24,1002,456,106,56,89,30,0,,64,16,92,9,10,30,,,,,,,,,,,,,,
2009-08-14,1578,1240,1080,827,450,1331,977,1167,2019,1563,675,90,265,97,95,108,138,122,258,,202,111,58,121,,130,,,,,15,4,504,,,,,,306,715,84,293,,222,186,29,12,,56,35,60,483,,,,112,,21,1008,,466,1532,,149,16,16,30,20,85,24,1008,456,100,56,89,30,0,,59,16,87,8,10,30,,,,,,,,,,,,,,
2009-08-21,1562,1238,1092,830,448,1328,974,1165,2023,1541,678,107,274,97,92,108,127,121,266,,204,115,56,116,,132,,,,,15,4,499,,,,,,310,715,85,292,,221,179,29,11,,58,35,60,485,,,,106,,21,1010,,444,1519,,150,16,16,29,22,85,24,1006,455,94,55,87,30,,,64,16,93,8,10,30,,,,,,,,,,,,,,
2009-08-28,1561,1240,1090,826,447,1325,982,1163,2033,1536,681,97,272,97,92,107,125,124,266,,202,121,56,115,,127,,,,,15,4,503,,,,,,311,722,84,283,,232,179,29,11,,59,35,60,484,,,,104,,21,1011,,469,1524,,153,16,16,30,21,85,23,1012,456,96,55,87,30,,,62,16,89,8,10,30,,,,,,,,,,,,,,
2009-09-04,1547,1239,1085,824,441,1330,984,1167,2038,1534,685,94,268,93,91,109,127,124,261,,201,120,53,113,,127,,,,,15,1,506,,,,,,318,715,81,282,,228,181,29,0,,53,35,60,488,,,,105,,21,1009,,422,1526,,146,16,16,30,20,85,21,1009,448,100,55,88,30,,,64,16,91,8,10,30,,,,,,,,,,,,,,
2009-09-11,1587,1238,1084,829,440,1330,982,1169,2024,1535,668,92,267,89,91,107,137,121,252,,205,116,50,112,,121,,,,,14,1,496,,,,,,321,700,81,285,,231,183,29,0,,52,35,60,489,,,,104,,21,1012,,414,1512,,144,16,16,30,20,85,18,1005,451,100,55,88,29,,,63,16,83,8,10,30,,,,,,,,,,,,,,
2009-09-18,1548,1242,1089,824,439,1334,992,1163,2022,1546,669,91,268,93,92,93,136,128,256,,204,119,57,115,,129,,,,,14,1,501,,,,,,322,699,77,288,,231,189,29,0,,53,35,60,488,,,,110,,21,1014,,382,1509,,144,16,16,29,20,85,17,1003,458,99,55,86,30,,,64,16,85,7,9,30,,,,,,,,,,,,,,
2009-09-25,1567,1237,1090,827,446,1319,975,1163,2024,1554,685,104,268,93,94,104,133,123,259,,209,116,56,106,,127,,,,,15,1,502,,,,,,321,689,76,289,,235,181,29,0,,53,34,60,487,,,,107,,21,1016,,362,1497,,151,16,16,29,20,86,15,1001,451,98,55,87,30,,,62,16,80,8,10,30,,,,,,,,,,,,,,
2009-10-02,1567,1236,1093,829,448,1307,974,1161,2027,1573,684,99,275,92,94,106,140,124,259,,200,114,56,110,,123,,,,,15,2,511,,,,,,323,688,76,293,,224,181,29,0,,53,35,61,483,,,,106,,21,1016,,405,1475,,140,12,16,30,21,86,15,1003,454,98,55,86,30,,,64,16,88,8,10,30,,,,,,,,,,,,,,
2009-10-09,1583,1242,1089,819,446,1305,983,1169,2026,1555,677,97,266,92,96,110,136,127,252,,200,119,54,118,,121,,,,,14,3,506,,,,,,326,679,72,305,,220,174,29,12,,52,35,61,479,,,,106,,21,1015,,404,1484,,148,12,16,30,21,86,15,995,450,94,55,86,30,,,62,16,80,8,10,30,,,,,,,,,,,,,,
2009-10-16,1599,1239,1089,827,445,1312,989,1164,2026,1547,676,97,264,93,94,110,134,125,262,,200,114,54,120,,122,,,,,15,3,495,,,,,,333,674,73,306,,217,177,29,12,,51,35,61,473,,,,104,,19,1009,,424,1483,,146,12,16,30,21,85,14,988,454,100,55,86,30,,,70,16,86,8,10,30,,,,,,,,,,,,,,
2009-10-23,1591,1241,1089,828,448,1312,969,1168,2026,1569,678,114,262,94,95,107,134,128,255,,201,116,57,121,,123,,,,,15,3,505,,,,,,335,668,73,308,,223,177,29,11,,50,35,61,473,,,,106,,19,1008,,394,1491,,140,12,16,30,19,84,13,990,451,97,54,87,29,,,70,16,86,8,10,30,,,,,,,,,,,,,,
2009-10-30,1557,1241,1087,824,447,1311,986,1165,2037,1558,687,113,266,95,96,109,131,126,259,,202,116,56,122,,124,,,,,16,4,505,,,,,,337,671,72,308,,218,182,29,11,,49,34,60,469,,,,106,,19,1013,,416,1502,,153,12,16,30,19,84,13,995,447,92,54,86,29,,,64,16,92,8,10,30,,,,,,,,,,,,,,
2009-11-06,1608,1237,1081,832,448,1314,978,1168,2036,1558,681,103,264,97,96,107,133,124,252,,194,113,57,122,,121,,,,,16,4,507,,,,,,340,677,75,317,,208,181,29,10,,51,34,60,461,,,,104,,19,1016,,433,1508,,156,12,16,30,19,85,16,992,450,68,55,87,29,,,61,16,91,7,10,30,,,,,,,,,,,,,,
2009-11-13,1575,1240,1091,830,448,1315,986,1166,2044,1560,681,99,274,98,95,108,130,123,248,,194,118,58,121,,121,,,,,16,4,505,,,,,,337,682,71,322,,218,187,29,10,,51,34,60,460,,,,108,,19,1012,,438,1502,,142,12,16,30,19,86,16,1004,453,36,54,85,29,,,65,16,91,7,10,30,,,,,,,,,,,,,,
2009-11-20,1616,1242,1084,833,450,1307,975,1168,2040,1563,677,111,273,98,92,111,132,124,252,,192,117,57,122,,124,,,,,15,5,504,,,,,,338,676,72,322,,210,182,29,9,,51,34,60,459,,,,107,,19,1014,,464,1512,,150,12,16,30,20,86,15,1011,458,7,54,86,30,,,66,16,90,8,10,30,,,,,,,,,,,,,,
2009-11-27,1569,1240,1088,832,445,1317,987,1160,2034,1541,678,110,277,98,89,111,125,127,265,,191,119,58,118,,125,,,,,14,4,505,,,,,,343,676,74,319,,212,184,29,9,,51,34,60,462,,,,106,,19,1015,,477,1530,,147,12,16,30,20,85,15,1008,449,0,53,86,30,,,65,16,92,7,10,30,,,,,,,,,,,,,,
2009-12-04,1608,1240,1084,829,449,1321,971,1168,2029,1539,677,105,275,97,92,115,133,126,254,,192,121,56,118,,116,,,,,14,4,507,,,,,,344,666,72,319,,204,179,29,9,,48,34,60,469,,,,106,,19,1013,,458,1529,,149,12,16,30,20,85,15,1004,458,0,52,85,30,,,66,16,87,7,10,30,,,,,,,,,,,,,,
2009-12-11,1602,1242,1092,831,450,1328,985,1168,2030,1544,686,97,271,97,93,115,122,125,258,,194,117,55,112,,116,,,,,14,4,507,,,,,,341,673,73,309,,202,175,29,9,,52,32,58,466,,,,107,,19,1018,,473,1527,,147,12,16,30,19,84,14,993,454,0,52,85,30,,,64,16,84,7,10,30,,,,,,,,,,,,,,
2009-12-18,1634,1250,1089,829,449,1333,983,1168,2031,1560,674,112,271,98,93,110,121,122,256,,193,120,57,115,,122,,,,,14,3,507,,,,,,338,673,70,311,,202,178,28,9,,51,33,58,462,,,,103,,19,1013,,472,1525,,147,12,16,30,20,83,13,1006,459,0,50,84,30,,,62,16,85,7,10,30,,,,,,,,,,,,,,
2009-12-25,1569,1248,1097,830,449,1332,985,1163,2035,1556,681,108,273,98,89,109,114,126,259,,200,116,57,117,,119,,,,,14,3,509,,,,,,338,660,72,316,,200,175,29,9,,49,33,58,463,,,,102,,19,1018,,462,1537,,144,12,16,30,20,83,12,1005,457,0,52,84,30,,,60,16,84,7,10,30,,,,,,,,,,,,,,
2010-01-01,1578,1246,1092,829,447,1328,991,1163,2038,1549,679,105,274,98,88,109,103,126,261,,192,114,58,119,,123,,,,,14,4,499,,,,,,338,661,73,321,,197,174,29,9,,51,34,58,469,,,,96,,19,1013,,438,1545,,143,12,16,30,20,83,11,1005,452,0,52,84,30,,,57,16,81,7,10,30,,,,,,,,,,,,,,
2010-01-08,1625,1244,1090,828,450,1326,970,1167,2029,1563,676,100,276,93,91,106,126,121,254,,182,113,56,120,,118,,,,,14,4,497,,,,,,337,667,68,331,,203,170,29,0,,53,34,58,462,,,,94,,19,1011,,449,1534,,150,12,16,30,19,83,10,1005,454,0,52,84,30,,,56,16,82,7,10,30,,,,,,,,,,,,,,
2010-01-15,1619,1250,1098,830,450,1333,985,1168,2037,1581,673,96,275,94,91,108,118,117,255,,182,114,57,120,,113,,,,,14,5,494,,,,,,336,665,68,335,,207,170,29,9,,52,26,42,463,,,,102,,14,1016,,484,1530,,144,10,11,25,20,82,9,1012,459,0,47,76,30,,,55,16,75,7,6,30,,,,,,,,,,,,,,
2010-01-22,1636,1250,1098,828,448,1339,964,1164,2051,1577,684,110,261,92,92,107,114,115,253,,182,114,56,120,,119,,,,,14,5,485,,,,,,333,669,67,336,,201,176,29,8,,52,26,58,461,,,,98,,14,1010,,491,1525,,138,10,11,25,20,81,8,1013,450,0,46,77,30,,,54,16,71,7,10,30,,,,,,,,,,,,,,
2010-01-29,1614,1251,1101,829,450,1335,989,1165,2063,1579,682,107,257,96,94,106,106,122,259,,184,118,55,121,,121,,,,,14,5,495,,,,,,329,679,67,339,,197,179,29,7,,53,28,58,451,,,,96,,14,1018,,482,1518,,144,10,11,25,20,80,8,1009,462,0,51,77,30,,,52,16,70,7,10,30,,,,,,,,,,,,,,
2010-02-05,1628,1248,1095,829,450,1348,980,1166,2067,1574,684,101,255,94,93,106,120,121,251,,186,117,48,119,,122,,,,,14,6,503,,,,,,336,681,66,340,,200,172,29,7,,54,27,58,453,,,,95,,14,1023,,477,1522,,154,10,11,22,20,80,7,1004,479,0,51,77,30,,,49,17,70,7,10,30,,,,,,,,,,,,,,
2010-02-12,1609,1238,1101,831,450,1345,988,1168,2061,1575,686,95,250,96,90,105,114,118,259,,191,110,49,116,,121,,,,,14,6,492,,,,,,341,687,66,326,,196,173,29,9,,54,27,57,460,,,,95,,14,1028,,509,1530,,154,10,12,22,20,82,5,1016,482,0,51,76,30,,,50,17,69,7,10,30,,,,,,,,,,,,,,
2010-02-19,1634,1240,1103,830,448,1340,976,1167,2054,1566,679,112,248,98,90,106,108,112,259,,192,107,49,116,,123,,,,,13,6,501,,,,,,341,679,69,324,,197,175,29,9,,52,27,57,456,,,,97,,14,1027,,495,1526,,155,10,12,21,20,81,5,1018,485,0,53,76,30,,,46,17,64,6,10,30,,,,,,,,,,,,,,
2010-02-26,1637,1247,1089,829,447,1349,977,1164,2053,1565,678,109,257,97,93,104,114,115,261,,190,105,51,116,,123,,,,,13,7,498,,,,,,341,673,86,309,,196,174,29,9,,51,27,57,447,,,,100,,14,1026,,491,1525,,152,10,12,21,20,80,4,1030,476,0,50,76,30,,,41,17,64,6,10,31,,,,,,,,,,,,,,
2010-03-05,1622,1250,1097,821,450,1350,983,1167,2048,1573,677,103,270,97,95,101,113,111,254,,193,107,53,117,,121,,,,,13,7,495,,,,,,346,682,98,288,,199,173,29,8,,52,27,57,456,,,,103,,14,1023,,517,1529,,147,10,12,21,20,80,4,1028,470,0,50,75,30,,,40,17,64,6,10,31,,,,,,,,,,,,,,
2010-03-12,1613,1248,1097,824,450,1343,992,1164,2042,1575,663,96,275,98,93,104,107,114,252,,195,115,56,117,,120,,,,,13,7,499,,,,,,345,681,98,286,,203,172,29,8,,55,27,57,443,,,,102,,14,1026,,533,1518,,148,10,12,21,20,80,4,1023,475,0,50,75,30,,,37,17,60,6,10,31,,,,,,,,,,,,,,
2010-03-19,1629,1245,1092,815,447,1342,969,1166,2043,1583,664,95,275,98,93,102,118,119,255,,194,114,58,117,,122,,,,,13,7,512,,,,,,348,673,99,279,,199,167,28,8,,55,26,60,434,,,,102,,14,1027,,480,1518,,152,10,12,25,19,82,4,1026,488,0,50,75,30,,,39,17,65,6,10,31,,,,,,,,,,,,,,
2010-03-26,1618,1252,1095,820,443,1345,974,1168,2058,1576,678,110,267,98,93,103,120,125,259,,191,113,53,119,,124,,,,,14,7,509,,,,,,348,675,99,277,,205,166,29,7,,53,26,60,437,,,,104,,14,1021,,486,1513,,144,10,12,25,18,83,4,1024,493,0,50,75,30,,,37,17,60,6,10,31,,,,,,,,,,,,,,
2010-04-02,1627,1250,1095,830,450,1347,988,1166,2057,1579,676,101,265,98,85,103,106,124,263,,193,112,54,117,,119,,,,,14,7,512,,,,,,349,672,98,277,,197,164,29,7,,53,26,60,438,,,,102,,14,1030,,498,1525,,151,10,12,25,18,83,6,1029,476,0,51,75,30,,,0,17,63,6,10,31,,,,,,,,,,,,,,
2010-04-09,1637,1247,1098,826,449,1338,981,1168,2060,1568,664,98,266,98,91,104,131,126,268,,191,112,55,118,,120,,,,,14,7,506,,,,,,347,682,99,254,,198,167,29,0,,51,24,60,439,,,,98,,14,1023,,497,1525,,147,10,12,25,18,83,5,1027,482,0,52,75,30,,,0,17,60,6,10,31,,,,,,,,,,,,,,
2010-04-16,1598,1246,1099,823,448,1341,991,1168,2055,1575,673,97,261,98,93,103,126,126,265,,195,111,57,117,,111,,,,,14,7,493,,,,,,345,679,98,263,,197,163,29,0,,50,24,60,431,,,,99,,14,1026,,513,1515,,141,10,10,25,16,81,4,1030,490,0,52,75,30,,,0,16,60,6,10,31,,,,,,,,,,,,,,
2010-04-23,1630,1249,1100,826,448,1334,990,1162,2061,1571,674,95,268,98,93,101,122,126,266,,199,111,56,118,,116,,,,,14,7,507,,,,,,342,687,99,260,,194,161,29,0,,45,24,59,433,,,,99,,14,1023,,494,1511,,145,10,10,25,18,82,4,1030,490,0,52,76,30,,,0,16,58,7,10,31,,,,,,,,,,,,,,
2010-04-30,1607,1250,1101,827,450,1333,975,1167,2063,1571,674,109,270,98,94,98,118,126,263,,199,112,58,118,,122,,,,,14,6,505,,,,,,347,687,99,261,,192,169,29,0,,43,24,59,432,,,,97,,14,1024,,457,1524,,150,10,10,25,18,82,4,1026,497,0,53,74,30,,,0,15,56,7,10,31,,,,,,,,,,,,,,
2010-05-07,1625,1248,1093,820,450,1322,982,1168,2061,1584,668,100,263,95,96,101,123,127,266,,198,111,56,116,,123,,,,,14,5,505,,,,,,343,684,98,263,,197,174,29,0,,40,24,58,443,,,,98,,15,1023,,471,1513,,145,10,10,25,18,81,4,1022,494,0,53,74,30,,,0,15,55,7,10,30,,,,,,,,,,,,,,
2010-05-14,1634,1250,1096,822,448,1329,971,1168,2052,1579,677,97,271,90,97,103,118,123,263,,203,108,56,117,,123,,,,,14,5,508,,,,,,343,680,92,265,,203,173,29,0,,39,26,59,447,,,,97,,15,1024,,433,1535,,147,10,12,25,18,81,3,1024,490,0,51,73,30,,,0,15,52,7,10,30,,,,,,,,,,,,,,
2010-05-21,1623,1248,1101,825,450,1332,982,1166,2054,1574,681,94,278,93,98,103,120,124,260,,200,112,55,120,,122,,,,,14,4,512,,,,,,345,688,90,265,,196,176,29,0,,39,26,59,454,,,,98,,15,1026,,486,1539,,147,10,12,25,20,81,3,1024,482,0,51,77,29,,,0,15,52,7,10,30,,,,,,,,,,,,,,
2010-05-28,1610,1250,1101,831,449,1330,969,1167,2057,1578,671,108,279,97,97,99,119,123,255,,203,111,56,121,,119,,,,,14,4,511,,,,,,349,682,91,261,,197,163,29,0,,40,27,59,471,,,,95,,15,1023,,482,1518,,145,10,12,25,20,79,5,1024,487,0,52,77,28,,,0,15,53,7,10,29,,,,,,,,,,,,,,
2010-06-04,1619,1249,1098,825,450,1328,972,1165,2058,1573,659,102,269,98,96,98,118,124,248,,199,110,56,116,,117,,,,,14,4,509,,,,,,349,680,87,252,,189,166,29,0,,39,27,59,470,,,,96,,15,1027,,485,1511,,147,10,12,25,20,79,5,1027,492,0,52,77,28,,,0,15,58,7,10,29,,,,,,,,,,,,,,
2010-06-11,1570,1247,1103,825,450,1337,970,1162,2047,1570,662,100,270,98,97,101,128,120,249,,204,114,54,113,,115,,,,,14,3,511,,,,,,345,687,87,244,,189,167,30,0,,42,27,60,471,,,,96,,15,1027,,489,1503,,146,10,12,25,20,82,6,1026,494,0,52,76,28,,,0,15,66,7,10,29,,,,,,,,,,,,,,
2010-06-18,1607,1247,1100,829,449,1347,976,1165,2043,1574,651,97,274,97,96,102,123,119,248,,200,109,55,113,,116,,,,,14,2,507,,,,,,345,693,87,247,,183,165,29,0,,40,27,60,472,,,,98,,14,1023,,472,1495,,152,10,12,25,20,81,4,1028,493,0,50,76,28,,,0,15,65,7,10,29,,,,,,,,,,,,,,
2010-06-25,1609,1247,1092,818,450,1367,949,1169,2059,1573,675,109,275,97,100,105,129,122,246,,203,109,57,114,,117,,,,,14,3,507,,,,,,349,686,85,251,,179,159,29,0,,37,26,60,468,,,,98,,14,1023,,440,1506,,149,10,12,26,20,79,4,1028,486,0,50,76,28,,,0,15,65,7,12,29,,,,,,,,,,,,,,
2010-07-02,1606,1245,1095,819,449,1339,966,1168,2057,1573,675,106,273,97,98,108,126,124,243,,203,112,57,114,,118,,,,,14,3,508,,,,,,348,683,81,261,,182,153,29,36,,0,26,60,466,,,,100,,14,1027,,435,1504,,145,10,12,26,20,79,4,1020,489,0,50,77,28,,,0,15,69,7,12,29,,,,,,,,,,,,,,
2010-07-09,1588,1246,1099,818,447,1330,978,1164,2028,1571,669,105,275,98,97,103,126,124,252,,204,110,59,113,,118,,,,,14,3,513,,,,,,346,678,83,257,,183,151,29,0,,38,26,60,468,,,,98,,13,1026,,438,1513,,147,10,12,26,20,79,4,1028,487,0,50,77,28,,,0,15,67,7,12,30,,,,,,,,,,,,,,
2010-07-16,1605,1245,1095,823,447,1321,978,1169,2015,1571,672,104,271,97,92,103,133,120,251,,206,113,54,114,,117,,,,,14,3,513,,,,,,344,679,83,246,,182,152,29,0,,34,26,60,471,,,,98,,13,1017,,423,1518,,146,10,12,26,20,81,3,1023,492,0,50,76,28,,,0,16,70,3,12,30,,,,,,,,,,,,,,
2010-07-23,1603,1249,1089,812,450,1322,971,1165,2023,1573,673,116,270,97,90,105,127,120,252,,203,109,55,111,,117,,,,,14,3,511,,,,,,342,673,81,258,,181,156,29,0,,33,26,60,476,,,,101,,13,1022,,429,1525,,148,10,12,26,20,80,2,1026,491,0,50,76,28,,,0,16,77,0,12,30,,,,,,,,,,,,,,
2010-07-30,1600,1249,1093,807,450,1334,975,1168,2019,1576,676,106,273,94,87,104,123,117,249,,203,107,55,109,,116,,,,,14,2,511,,,,,,341,676,84,254,,182,155,29,0,,31,26,60,470,,,,98,,13,1025,,423,1528,,147,10,12,27,19,80,2,1027,495,0,50,76,27,,,0,16,76,0,13,30,,,,,,,,,,,,,,
2010-08-06,1632,1248,1087,804,449,1336,975,1167,2022,1571,669,104,263,93,91,107,122,113,251,,195,109,56,107,,117,,,,,14,2,507,,,,,,343,663,87,260,,185,151,29,0,,27,26,60,464,,,,96,,13,1021,,393,1527,,144,10,12,27,20,80,2,1027,494,0,50,75,30,,,0,16,77,0,13,30,,,,,,,,,,,,,,
2010-08-13,1590,1249,1096,806,450,1335,971,1168,2017,1566,683,103,273,98,93,107,120,115,259,,191,114,55,105,,123,,,,,14,2,507,,,,,,342,669,90,258,,182,151,29,0,,28,26,60,460,,,,94,,13,1004,,428,1517,,138,11,12,27,20,82,2,1032,498,0,50,75,30,,,0,16,80,0,13,30,,,,,,,,,,,,,,
2010-08-20,1619,1245,1099,816,450,1342,954,1170,2030,1558,687,102,274,96,92,106,132,113,261,,191,111,58,104,,123,,,,,14,1,503,,,,,,340,664,95,247,,189,150,30,0,,24,24,60,457,,,,98,,13,1011,,419,1529,,142,10,12,26,20,82,2,1031,496,0,50,75,30,,,0,16,78,0,12,30,,,,,,,,,,,,,,
2010-08-27,1604,1244,1100,822,446,1331,959,1168,2014,1567,680,116,274,97,91,108,126,113,263,,187,110,57,106,,123,,,,,14,1,498,,,,,,339,673,92,244,,181,151,29,0,,25,24,60,461,,,,97,,13,1016,,427,1535,,143,10,12,26,19,81,2,1022,501,0,50,76,30,,,0,16,76,0,12,30,,,,,,,,,,,,,,
2010-09-03,1584,1241,1100,821,444,1320,978,1170,2022,1563,681,107,271,95,94,107,117,116,258,,196,110,54,103,,120,,,,,14,1,511,,,,,,335,666,93,233,,175,151,29,0,,23,24,60,475,,,,98,,13,1015,,422,1531,,140,10,12,26,19,81,2,1010,498,0,50,76,30,,,0,16,77,0,12,30,,,,,,,,,,,,,,
2010-09-10,1596,1241,1092,814,439,1311,969,1166,2019,1562,669,102,266,95,93,109,129,115,248,,196,107,54,104,,118,,,,,14,1,511,,,,,,338,660,94,234,,176,149,29,0,,22,24,60,475,,,,97,,13,1016,,424,1515,,137,10,12,26,19,81,2,1008,492,0,50,76,30,,,0,16,78,0,12,30,,,,,,,,,,,,,,
2010-09-17,1581,1237,1095,807,444,1313,969,1157,2015,1561,666,101,263,94,90,107,124,117,255,,199,115,53,106,,116,,,,,14,1,507,,,,,,340,670,92,230,,179,160,29,0,,25,24,60,475,,,,95,,14,1017,,425,1515,,135,10,12,25,19,82,1,1005,483,0,50,76,30,,,0,16,83,0,12,30,,,,,,,,,,,,,,
2010-09-24,1599,1241,1091,805,445,1306,979,1166,2020,1563,663,99,264,94,90,103,119,115,249,,203,113,52,107,,114,,,,,14,0,500,,,,,,338,666,94,233,,187,156,29,0,,23,24,60,468,,,,100,,14,1019,,423,1522,,141,10,11,24,20,82,1,1003,489,0,50,75,30,,,0,16,83,0,12,30,,,,,,,,,,,,,,
2010-10-01,1582,1238,1092,803,450,1302,974,1165,2024,1562,664,114,265,93,91,101,122,117,249,,197,108,51,107,,113,,,,,14,0,500,,,,,,340,676,92,234,,186,152,29,0,,22,24,60,477,,,,100,,14,1018,,424,1525,,146,10,12,24,20,82,1,1000,493,0,50,76,29,,,0,16,83,0,12,30,,,,,,,,,,,,,,
2010-10-08,1611,1240,1089,802,450,1296,973,1168,2018,1562,658,108,263,93,90,100,134,116,250,,204,109,58,107,,111,,,,,14,0,499,,,,,,340,675,91,236,,178,154,29,0,,20,24,60,475,,,,98,,14,1022,,407,1520,,143,10,12,24,20,82,1,993,495,0,51,77,29,,,0,16,80,0,12,30,,,,,,,,,,,,,,
2010-10-15,1609,1238,1091,803,446,1300,985,1168,2014,1567,653,105,261,92,92,99,129,116,245,,201,111,57,107,,111,,,,,14,0,497,,,,,,340,675,89,236,,178,153,29,0,,19,23,60,477,,,,95,,14,1022,,423,1518,,140,10,12,24,19,81,1,995,494,0,51,77,30,,,0,16,79,0,12,30,,,,,,,,,,,,,,
2010-10-22,1593,1235,1084,805,450,1300,988,1168,2021,1566,662,102,260,91,89,98,117,118,248,,197,107,53,109,,108,,,,,14,0,502,,,,,,343,685,84,223,,177,153,29,0,,22,23,60,473,,,,98,,14,1018,,375,1530,,149,10,12,24,19,81,1,998,497,0,51,77,30,,,0,16,74,0,12,29,,,,,,,,,,,,,,
2010-10-29,1590,1237,1091,803,449,1312,970,1166,2021,1559,664,121,255,91,95,97,127,115,247,,189,112,51,103,,108,,,,,14,0,496,,,,,,340,689,80,242,,172,154,29,0,,20,23,60,463,,,,95,,14,1016,,416,1540,,148,10,12,24,19,81,1,1007,493,0,52,77,29,,,0,16,71,0,13,29,,,,,,,,,,,,,,
2010-11-05,1586,1236,1089,816,448,1307,984,1167,2021,1567,663,113,258,92,94,97,125,114,243,,187,112,48,107,,103,,,,,14,0,496,,,,,,344,687,83,244,,170,151,29,0,,17,23,60,471,,,,95,,14,1017,,434,1527,,142,10,12,24,20,81,0,998,488,0,51,78,29,,,0,16,67,0,13,29,,,,,,,,,,,,,,
2010-11-12,1602,1238,1085,825,450,1306,972,1160,2020,1564,655,109,262,90,92,91,138,113,247,,178,110,52,103,,103,,,,,14,0,496,,,,,,344,697,77,253,,170,151,29,0,,20,26,60,469,,,,100,,14,1015,,395,1526,,140,10,12,25,20,81,0,1001,486,0,50,78,30,,,0,16,63,0,12,29,,,,,,,,,,,,,,
2010-11-19,1614,1238,1087,826,450,1294,973,1161,2024,1566,663,124,256,88,80,90,128,114,251,,176,108,57,101,,105,,,,,14,0,508,,,,,,338,695,76,256,,169,150,29,0,,20,26,60,462,,,,98,,14,1012,,422,1524,,135,10,12,25,20,81,0,1002,490,0,50,78,30,,,0,16,60,0,12,28,,,,,,,,,,,,,,
2010-11-26,1610,1239,1092,819,447,1304,969,1157,2019,1553,665,118,253,89,90,93,133,111,255,,179,104,55,100,,116,,,,,14,0,511,,,,,,337,696,74,261,,165,144,29,0,,17,26,60,472,,,,97,,14,1013,,418,1528,,140,10,12,25,19,79,0,1001,490,0,50,76,30,,,0,16,57,0,12,28,,,,,,,,,,,,,,
2010-12-03,1613,1240,1087,812,448,1308,976,1161,2014,1565,665,115,250,86,84,92,133,109,243,,179,105,53,103,,112,,,,,14,0,501,,,,,,338,697,74,260,,163,144,29,0,,18,26,60,473,,,,95,,14,1009,,449,1528,,141,10,12,25,19,77,0,997,496,0,50,75,30,,,0,16,52,0,12,27,,,,,,,,,,,,,,
2010-12-10,1624,1238,1087,820,447,1309,972,1163,2018,1557,667,102,248,89,83,90,127,113,245,,172,101,55,105,,108,,,,,14,0,501,,,,,,338,702,77,254,,165,140,29,0,,18,26,60,475,,,,99,,14,1016,,428,1518,,143,10,12,25,19,77,0,997,496,0,50,75,30,,,0,16,47,0,12,27,,,,,,,,,,,,,,
2010-12-17,1580,1236,1096,821,439,1324,972,1161,2017,1565,657,99,244,89,78,86,130,117,244,,176,97,49,104,,105,,,,,12,0,499,,,,,,335,700,76,256,,165,137,30,0,,18,26,60,480,,,,95,,14,1017,,401,1534,,148,10,12,25,20,77,0,994,496,0,50,74,30,,,0,16,45,0,12,27,,,,,,,,,,,,,,
2010-12-24,1593,1239,1094,820,444,1315,958,1161,2022,1562,647,116,241,87,76,86,125,113,235,,172,94,52,104,,107,,,,,12,0,506,,,,,,341,704,82,255,,164,133,29,0,,18,26,60,477,,,,94,,14,1015,,418,1542,,126,10,12,25,20,78,0,992,495,0,50,73,30,,,0,16,44,0,12,27,,,,,,,,,,,,,,
2010-12-31,1609,1238,1089,818,446,1307,965,1165,2020,1563,645,115,241,90,76,88,118,111,234,,169,93,53,104,,108,,,,,12,0,507,,,,,,343,695,83,257,,160,138,29,0,,18,26,60,479,,,,90,,14,1011,,411,1546,,146,10,12,25,20,78,0,988,498,0,50,73,30,,,0,16,43,0,12,27,,,,,,,,,,,,,,
2011-01-07,1628,1238,1084,808,449,1292,969,1165,2010,1562,647,107,232,90,77,89,115,111,240,,168,96,50,101,,107,,,,,12,0,501,,,,,,340,698,83,254,,168,137,29,0,,17,26,60,479,,,,89,,14,1011,,445,1546,,144,10,12,25,20,78,0,986,486,0,51,73,30,,,0,16,41,0,11,27,,,,,,,,,,,,,,
2011-01-14,1625,1238,1091,800,450,1299,955,1165,2009,1556,626,102,227,90,78,91,132,112,246,,169,98,49,101,,108,,,,,12,0,508,,,,,,340,701,81,260,,168,139,29,0,,17,26,60,476,,,,94,,14,1007,,376,1536,,145,10,12,25,20,78,0,994,479,0,49,71,30,,,0,16,39,0,11,27,,,,,,,,,,,,,,
2011-01-21,1599,1233,1086,780,450,1315,963,1163,2010,1557,646,115,225,90,79,94,129,109,246,,166,94,48,101,,104,,,,,12,0,500,,,,,,335,709,78,262,,169,141,29,0,,20,26,60,473,,,,93,,14,1013,,434,1523,,142,10,12,25,20,77,0,996,492,0,49,71,30,,,0,16,37,0,11,27,,,,,,,,,,,,,,
2011-01-28,1597,1236,1085,775,449,1321,976,1165,2011,1563,644,113,226,90,74,92,125,108,245,,171,88,51,101,,100,,,,,12,0,502,,,,,,336,700,79,252,,166,148,29,0,,18,25,60,473,,,,92,,14,1012,,417,1530,,143,10,12,25,20,76,0,995,492,0,49,71,30,,,0,16,36,0,11,27,,,,,,,,,,,,,,
2011-02-04,1633,1237,1082,775,450,1313,989,1160,2009,1566,642,106,219,85,76,91,119,109,242,,171,88,52,99,,98,,,,,12,0,495,,,,,,334,702,79,257,,164,147,29,0,,15,25,60,475,,,,89,,14,1008,,397,1522,,143,10,12,25,20,76,0,990,484,0,49,71,30,,,0,16,34,0,11,27,,,,,,,,,,,,,,
2011-02-11,1620,1236,1082,781,448,1311,972,1168,2010,1567,649,100,217,80,78,92,126,111,234,,167,87,53,102,,98,,,,,12,0,490,,,,,,333,707,79,249,,169,140,29,0,,17,25,60,469,,,,82,,14,1018,,446,1524,,136,10,12,25,20,76,0,985,483,0,49,71,30,,,0,16,31,0,11,27,,,,,,,,,,,,,,
2011-02-18,1608,1235,1080,780,450,1307,967,1169,2019,1567,661,99,220,80,77,95,123,112,233,,164,88,51,97,,96,,,,,12,0,491,,,,,,333,702,78,249,,167,141,29,0,,18,25,60,468,,,,85,,14,1015,,458,1520,,144,10,12,25,20,76,0,991,489,0,49,71,30,,,0,16,31,0,11,27,,,,,,,,,,,,,,
2011-02-25,1612,1238,1081,784,446,1319,950,1163,2018,1556,662,114,229,81,79,93,120,108,226,,160,89,54,94,,98,,,,,12,0,485,,,,,,333,704,77,242,,167,141,29,0,,18,25,60,460,,,,87,,14,1007,,459,1515,,135,10,12,25,19,77,0,993,487,0,44,72,30,,,0,17,26,0,11,27,,,,,,,,,,,,,,
2011-03-04,1615,1238,1085,790,448,1320,962,1166,2018,1563,664,109,236,87,69,93,118,108,227,,158,94,53,94,,105,,,,,12,0,480,,,,,,331,707,77,246,,174,136,29,0,,16,20,42,462,,,,90,,14,1013,,423,1520,,138,9,11,19,19,71,0,993,492,0,40,68,25,,,0,17,24,0,9,27,,,,,,,,,,,,,,
2011-03-11,1611,1235,1084,805,450,1314,975,1164,2027,1557,667,100,241,85,74,98,116,109,221,,168,94,53,92,,106,,,,,12,0,487,,,,,,337,696,84,239,,166,135,29,0,,17,20,42,465,,,,92,,10,1016,,476,1515,,133,9,11,19,20,62,0,995,489,0,37,61,26,,,0,17,22,0,9,27,,,,,,,,,,,,,,
2011-03-18,1606,1237,1089,811,449,1308,973,1164,2018,1564,652,96,250,88,73,99,122,112,213,,169,100,54,91,,111,,,,,12,2,509,,,,,,332,691,85,241,,166,135,29,0,,20,20,42,469,,,,96,,10,1017,,474,1509,,131,8,11,19,20,61,0,993,494,0,37,53,22,,,0,13,22,0,9,27,,,,,,,,,,,,,,
2011-03-25,1619,1235,1093,813,449,1315,970,1163,2020,1562,648,111,252,87,73,98,114,115,209,,165,98,58,96,,110,,,,,9,2,509,,,,,,330,692,88,238,,147,138,29,0,,21,20,42,473,,,,96,,10,1010,,452,1521,,137,8,11,19,14,52,0,987,485,0,33,47,22,,,0,9,20,0,9,27,,,,,,,,,,,,,,
2011-04-01,1625,1235,1092,827,450,1317,978,1168,2023,1557,661,109,237,90,71,97,111,114,221,,168,94,57,94,,113,,,,,9,3,505,,,,,,333,685,87,239,,134,149,29,0,,18,15,32,471,,,,94,,10,1018,,478,1526,,140,5,10,14,13,43,0,995,484,0,27,40,17,,,0,9,20,0,7,27,,,,,,,,,,,,,,
2011-04-08,1593,1237,1090,825,450,1303,975,1167,2019,1550,664,101,236,90,71,89,116,114,221,,171,93,55,96,,111,,,,,9,3,497,,,,,,333,683,86,240,,129,153,29,0,,19,15,32,471,,,,91,,10,1016,,484,1533,,141,5,10,14,13,43,1,993,486,0,27,39,17,,,0,9,18,0,7,27,,,,,,,,,,,,,,
2011-04-15,1576,1236,1091,825,449,1314,983,1167,2011,1564,647,97,235,90,67,94,106,110,228,,168,94,55,96,,118,,,,,9,3,502,,,,,,334,684,84,240,,119,163,29,0,,17,14,31,469,,,,91,,8,1017,,500,1538,,142,5,10,14,12,43,1,996,496,0,26,37,17,,,0,9,16,0,7,27,,,,,,,,,,,,,,
2011-04-22,1608,1240,1087,830,447,1316,976,1167,2017,1562,640,107,242,89,67,93,106,112,227,,160,91,53,93,,117,,,,,9,3,506,,,,,,331,695,80,236,,108,170,29,0,,18,14,31,467,,,,89,,8,1015,,481,1534,,141,5,10,14,10,43,1,1003,491,0,24,37,16,,,0,9,15,0,8,27,,,,,,,,,,,,,,
2011-04-29,1617,1237,1086,829,445,1330,989,1165,2028,1563,642,101,246,90,62,95,102,113,220,,161,84,53,92,,113,,,,,9,3,509,,,,,,328,691,80,236,,99,171,29,0,,17,14,31,471,,,,82,,8,1014,,484,1529,,136,5,9,14,10,40,1,1004,500,0,24,37,16,,,0,9,14,0,8,26,,,,,,,,,,,,,,
2011-05-06,1626,1241,1088,831,450,1320,993,1166,2028,1563,650,96,249,90,64,95,100,108,234,,153,87,54,91,,110,,,,,9,3,511,,,,,,332,685,86,233,,88,179,29,0,,17,14,31,469,,,,83,,8,1016,,468,1527,,140,5,9,14,11,37,2,1006,489,0,24,37,16,,,0,9,13,0,8,25,,,,,,,,,,,,,,
2011-05-13,1624,1237,1092,824,449,1313,972,1168,2019,1563,650,90,247,90,70,92,108,110,230,,151,92,56,89,,115,,,,,9,2,512,,,,,,334,673,87,248,,74,190,29,0,,16,14,31,477,,,,86,,8,1018,,483,1531,,140,5,9,14,11,37,2,1006,494,0,24,37,16,,,0,9,12,0,8,24,,,,,,,,,,,,,,
2011-05-20,1615,1238,1091,828,450,1321,978,1166,2025,1563,668,87,255,90,83,99,104,115,231,,143,99,52,89,,117,,,,,9,3,512,,,,,,332,678,87,253,,66,189,29,0,,17,14,31,479,,,,84,,8,1017,,489,1509,,146,5,9,14,11,37,2,1007,496,0,23,37,16,,,0,9,8,0,8,24,,,,,,,,,,,,,,
2011-05-27,1612,1238,1095,823,449,1326,970,1168,2023,1559,675,102,263,90,83,101,95,116,236,,145,103,55,90,,115,,,,,9,3,512,,,,,,331,669,87,259,,50,198,29,0,,19,14,31,480,,,,82,,8,1017,,483,1522,,146,5,9,14,10,37,2,1003,493,0,23,37,16,,,0,9,8,0,6,23,,,,,,,,,,,,,,
2011-06-03,1629,1240,1090,819,442,1319,980,1168,2008,1542,663,92,266,85,83,99,91,115,232,,144,102,55,88,,110,,,,,9,3,510,,,,,,331,672,88,257,,34,202,29,0,,16,14,31,480,,,,83,,8,1015,,472,1521,,147,5,9,14,10,37,2,1003,483,0,23,37,16,,,0,9,7,0,6,23,,,,,,,,,,,,,,
2011-06-10,1630,1240,1090,822,448,1317,960,1165,2021,1534,677,88,259,85,89,100,92,113,226,,150,101,58,88,,113,,,,,9,3,511,,,,,,330,676,88,256,,27,219,29,0,,16,14,31,477,,,,83,,8,1009,,461,1518,,148,5,9,14,10,37,2,1006,488,0,23,37,16,,,0,9,6,0,6,23,,,,,,,,,,,,,,
2011-06-17,1622,1238,1087,832,450,1325,972,1168,2023,1549,672,87,255,81,91,99,88,112,230,,152,99,57,87,,114,,,,,9,3,508,,,,,,331,669,92,256,,0,230,29,0,,14,14,31,476,,,,81,,8,1002,,473,1506,,145,5,9,14,10,37,2,1008,491,0,23,37,16,,,0,8,4,0,6,24,,,,,,,,,,,,,,
2011-06-24,1624,1241,1091,826,450,1316,971,1167,2027,1551,671,102,260,82,88,99,82,112,224,,155,100,57,90,,117,,,,,9,4,510,,,,,,334,661,92,250,,0,234,29,0,,12,14,31,478,,,,85,,10,1016,,440,1503,,147,5,9,14,10,37,2,1013,496,0,24,37,16,,,0,8,4,0,6,24,,,,,,,,,,,,,,
2011-07-01,1622,1235,1091,824,450,1320,979,1164,2026,1558,674,94,255,86,88,101,90,110,220,,159,97,57,93,,114,,,,,9,5,510,,,,,,336,660,94,248,,0,248,29,0,,,13,31,475,,,,87,,10,1017,,468,1507,,145,5,9,14,10,37,2,1009,486,0,24,37,16,,,0,8,3,0,6,24,14,,,,,,,,,,,,,
2011-07-08,1635,1238,1089,822,450,1311,971,1157,2014,1553,674,88,261,87,88,100,88,108,217,,163,99,55,97,,113,,,,,9,5,512,,,,,,339,651,86,256,,0,246,29,0,,,13,31,470,,,,91,,10,1016,,467,1515,,144,5,9,14,10,37,2,1011,479,0,24,37,17,,,0,8,3,0,6,24,15,,,,,,,,,,,,,
2011-07-15,1622,1238,1091,825,448,1320,976,1162,2013,1553,671,85,263,84,90,102,85,108,224,,169,104,55,98,,110,,,,,9,5,511,,,,,,347,657,79,255,,0,246,29,0,,,13,31,472,,,,89,,10,1015,,473,1502,,142,5,9,14,10,37,2,1008,480,0,24,36,17,,,0,8,3,0,6,25,17,,,,,,,,,,,,,
2011-07-22,1606,1235,1087,823,447,1328,969,1165,2017,1557,670,85,258,87,92,103,88,116,226,,180,103,56,96,,113,,,,,9,5,505,,,,,,342,659,79,250,,0,257,29,0,,,13,31,469,,,,87,,10,1017,,475,1512,,142,5,9,14,10,37,2,1005,479,0,24,36,17,,,0,8,2,0,6,25,15,,,,,,,,,,,,,
2011-07-29,1633,1239,1087,826,445,1328,955,1166,2014,1554,677,95,259,82,85,103,83,113,222,,178,108,54,92,,111,,,,,9,5,509,,,,,,340,661,76,252,,0,245,28,0,,,13,31,468,,,,87,,10,1014,,472,1527,,148,5,9,14,10,37,2,1008,476,0,24,36,17,,,0,8,2,0,6,25,14,,,,,,,,,,,,,
2011-08-05,1600,1240,1091,829,450,1329,980,1166,2015,1552,672,91,260,84,92,103,79,113,215,,182,109,56,93,,110,,,,,9,6,504,,,,,,341,658,73,255,,0,243,29,0,,,13,31,474,,,,87,,10,1018,,476,1520,,147,5,9,14,10,37,3,1006,483,0,24,36,17,,,0,8,2,0,6,24,14,,,,,,,,,,,,,
2011-08-12,1632,1238,1086,828,450,1322,975,1165,2014,1558,673,85,259,83,87,100,82,113,222,,182,109,55,94,,106,,,,,9,7,507,,,,,,345,649,71,238,,0,250,29,0,,,13,31,470,,,,88,,10,1015,,461,1514,,141,5,9,14,10,37,3,1006,481,0,24,36,17,,,0,8,2,0,6,25,17,,,,,,,,,,,,,
2011-08-19,1630,1236,1094,828,449,1317,981,1172,2010,1567,669,84,261,85,88,95,80,112,223,,184,109,55,97,,103,,,,,9,7,510,,,,,,344,647,76,243,,0,245,29,0,,,13,31,464,,,,88,,10,1017,,459,1530,,142,5,9,14,10,37,3,1007,478,0,24,36,18,,,0,8,2,0,6,24,18,,,,,,,,,,,,,
2011-08-26,1634,1231,1094,827,450,1316,978,1168,2018,1568,664,96,256,88,83,102,78,113,225,,189,115,53,96,,103,,,,,9,7,508,,,,,,347,646,74,242,,0,249,29,0,,,13,31,468,,,,87,,10,1018,,464,1535,,141,5,9,14,10,37,3,1004,472,0,24,36,17,,,0,8,2,0,6,24,22,,,,,,,,,,,,,
2011-09-02,1617,1240,1090,827,450,1314,982,1165,2033,1575,665,94,250,88,87,101,89,115,226,,188,110,56,94,,104,,,,,9,6,510,,,,,,340,642,76,244,,0,259,29,0,,,12,31,471,,,,85,,10,1018,,451,1539,,141,4,9,14,10,37,3,1001,470,0,24,36,17,,,0,8,2,0,6,25,20,,,,,,,,,,,,,
2011-09-09,1606,1238,1086,828,448,1319,985,1167,2024,1563,664,90,253,88,84,102,83,110,224,,188,111,54,93,,104,,,,,9,6,508,,,,,,342,635,75,237,,0,261,29,0,,,12,31,472,,,,81,,10,1020,,452,1542,,139,4,9,14,10,37,3,1005,480,0,19,36,17,,,0,8,2,0,6,25,19,,,,,,,,,,,,,
2011-09-16,1620,1237,1078,828,447,1323,973,1167,2019,1561,657,90,249,89,81,99,86,113,225,,184,109,52,95,,100,,,,,9,6,503,,,,,,351,637,73,232,,0,258,28,0,,,12,31,472,,,,81,,10,1017,,437,1543,,137,4,9,14,10,37,3,1011,486,0,19,36,17,,,0,8,0,0,6,26,19,,,,,,,,,,,,,
2011-09-23,1610,1238,1081,830,449,1318,980,1164,2018,1563,671,89,250,89,76,101,82,116,229,,179,110,50,94,,99,,,,,8,6,506,,,,,,357,645,73,228,,0,261,29,0,,,12,31,478,,,,83,,10,1017,,440,1548,,136,4,9,14,10,37,3,1011,489,0,18,33,17,,,0,7,0,0,6,26,19,,,,,,,,,,,,,
2011-09-30,1631,1240,1081,830,449,1316,970,1167,2022,1571,673,100,262,89,73,102,78,118,235,,174,107,53,95,,98,,,,,9,5,500,,,,,,353,649,77,232,,0,272,29,0,,,12,31,477,,,,84,,10,1020,,433,1549,,138,4,9,14,10,37,3,1012,486,0,18,33,17,,,0,7,0,0,6,25,20,,,,,,,,,,,,,
2011-10-07,1631,1238,1079,827,449,1325,970,1164,2018,1560,678,96,264,87,75,103,82,115,242,,163,111,57,98,,96,,,,,9,5,503,,,,,,354,663,76,234,,0,272,29,0,,,12,31,488,,,,84,,9,1017,,444,1552,,143,4,9,13,10,37,3,1014,479,0,13,33,17,,,0,7,0,0,6,25,19,,,,,,,,,,,,,
2011-10-14,1593,1238,1078,829,450,1325,983,1169,2024,1564,672,91,265,85,76,97,81,118,246,,150,109,51,95,,102,,,,,5,5,513,,,,,,358,670,77,238,,0,278,28,0,,,12,31,490,,,,93,,2,1028,,457,1546,,138,4,9,13,5,36,3,1010,478,0,12,24,12,,,0,7,0,0,6,24,19,,,,,,,,,,,,,
2011-10-21,1630,1243,1083,830,450,1329,976,1176,2015,1577,672,99,269,78,73,97,79,110,243,,126,110,54,96,,101,,,,,5,3,506,,,,,,367,663,85,247,,0,277,30,0,,,6,20,490,,,,95,,2,1024,,441,1547,,137,0,5,8,5,35,3,1010,483,0,7,24,12,,,0,3,0,0,3,24,20,,,,,,,,,,,,,
2011-10-28,1625,1250,1075,832,449,1337,980,1178,2029,1573,681,95,267,73,76,93,80,111,244,,92,108,55,94,,108,,,,,5,3,515,,,,,,367,660,96,264,,0,278,29,0,,,6,20,488,,,,93,,2,1027,,446,1543,,138,0,5,8,4,28,3,1027,485,0,7,24,7,,,0,3,0,0,4,24,21,,,,,,,,,,,,,
2011-11-04,1632,1249,1083,837,450,1328,975,1177,2038,1578,677,88,263,69,72,90,82,112,248,,61,107,48,96,,118,,,,,5,3,513,,,,,,362,675,96,284,,0,284,29,0,,,6,20,487,,,,97,,2,1027,,458,1554,,141,0,5,8,4,28,2,1027,484,0,3,24,7,,,0,3,0,0,4,26,24,,,,,,,,,,,,,
2011-11-11,1622,1247,1087,838,450,1305,978,1179,2053,1579,682,85,262,72,76,90,80,106,253,,22,107,51,100,,120,,,,,0,3,515,,,,,,362,681,95,308,,0,278,29,0,,,6,20,486,,,,95,,2,1025,,455,1541,,142,0,5,8,0,28,2,1028,481,0,3,24,7,,,0,3,0,0,4,24,26,,,,,,,,,,,,,
2011-11-18,1632,1250,1087,838,449,1292,983,1181,2050,1582,687,84,266,71,80,89,80,108,262,,0,104,57,98,,118,,,,,0,4,516,,,,,,363,676,99,320,,0,274,29,0,,,6,18,487,,,,96,,1,1028,,438,1542,,145,0,5,8,0,28,2,1028,489,0,1,24,7,,,0,0,0,0,4,26,26,,,,,,,,,,,,,
2011-11-25,1609,1249,1092,837,446,1188,965,1170,2056,1572,683,101,274,77,85,87,78,115,264,,94,102,58,109,,119,,,,,0,4,517,,,,,,365,681,99,325,,0,275,29,0,,,6,18,490,,,,96,,1,1026,,446,1519,,143,0,5,8,0,28,2,1033,486,0,1,24,7,,,0,0,0,0,3,24,25,,,,,,,,,,,,,
2011-12-02,1611,1241,1087,837,450,1115,965,1180,2053,1573,685,99,274,81,89,88,92,115,260,,146,109,56,109,,116,,,,,0,4,517,,,,,,368,690,97,321,,0,270,29,0,,,6,18,486,,,,100,,1,1023,,453,1534,,148,0,5,8,0,28,2,1031,487,0,1,24,6,,,0,0,0,0,1,26,26,,,,,,,,,,,,,
2011-12-09,1625,1246,1084,840,449,1082,975,1178,2065,1573,680,89,268,79,95,91,88,116,256,,182,105,56,106,,117,,,,,0,4,516,,,,,,369,689,95,324,,0,267,29,0,,,6,18,489,,,,98,,1,1025,,442,1522,,147,0,5,8,0,28,2,1034,491,0,1,24,6,,,0,0,0,0,0,26,26,,,,,,,,,,,,,
2011-12-16,1627,1248,1088,836,450,1059,973,1179,2063,1578,681,86,265,81,92,94,89,114,261,,215,106,56,104,,118,,,,,0,4,516,,,,,,369,688,93,325,,0,261,28,0,,,6,18,482,,,,94,,1,1026,,480,1532,,139,0,5,8,0,28,2,1035,478,0,1,21,6,,,0,0,0,0,0,27,26,,,,,,,,,,,,,
2011-12-23,1609,1247,1088,838,450,1084,971,1182,2067,1581,682,104,276,85,95,97,88,116,254,,247,104,56,104,,113,,,,,0,4,516,,,,,,371,691,93,320,,0,272,28,0,,,6,18,484,,,,96,,0,1025,,453,1526,,138,0,5,7,0,18,2,1032,491,0,1,21,0,,,0,0,0,0,0,26,26,,,,,,,,,,,,,
2011-12-30,1637,1246,1088,839,450,1095,974,1180,2059,1584,670,101,277,85,96,97,84,116,256,,249,99,54,107,,115,,,,,0,4,516,,,,,,368,691,92,319,,0,272,29,0,,,6,18,479,,,,97,,0,1024,,450,1536,,138,0,5,7,0,18,1,1029,490,0,1,11,0,,,0,0,0,0,0,26,27,,,,,,,,,,,,,
2012-01-06,1623,1248,1086,834,450,1101,977,1179,2055,1580,666,86,268,82,94,96,77,117,258,,250,100,53,107,,111,,,,,0,4,510,,,,,,370,700,91,315,,0,273,29,0,,,6,18,480,,,,97,,0,1022,,450,1517,,147,0,5,7,0,18,1,1027,491,0,1,11,0,,,0,0,0,0,0,26,25,,,,,,,,,,,,,
2012-01-13,1609,1247,1084,838,450,1141,964,1186,2040,1573,671,85,260,83,88,96,88,118,254,,247,103,58,103,,107,,,,,0,4,514,,,,,,375,705,87,322,,0,283,29,0,,,0,0,480,,,,91,,0,1025,,470,1529,,145,0,0,0,0,8,1,1029,491,0,1,11,1,,,0,0,0,0,0,26,26,,,,,,,,,,,,,
2012-01-20,1619,1247,1086,837,450,1158,968,1180,2037,1566,669,84,258,87,87,95,87,118,243,,240,105,56,99,,110,,,,,0,4,514,,,,,,374,702,90,320,,0,286,29,0,,,0,0,475,,,,94,,0,1025,,463,1527,,140,0,0,0,0,8,1,1031,489,0,1,4,1,,,0,0,0,0,0,26,28,,,,,,,,,,,,,
2012-01-27,1609,1249,1095,839,450,1204,960,1180,2047,1570,666,99,260,90,93,97,83,113,245,,246,107,56,101,,115,,,,,0,4,510,,,,,,370,712,87,322,,,281,28,,,,0,0,472,,,,97,,0,1025,,449,1526,,144,0,0,0,0,0,1,1027,475,0,1,0,1,,,0,0,0,0,0,26,27,,,,,,,,,,,,,
2012-02-03,1611,1249,1087,838,450,1231,972,1174,2050,1578,670,95,250,90,95,96,88,116,249,,239,107,56,105,,115,,,,,0,4,514,,,,,,374,714,91,323,,,279,29,,,,0,0,480,,,,99,,0,1026,,496,1519,,138,0,0,0,0,0,1,1023,472,0,1,0,1,,,0,0,0,0,0,26,26,,,,,,,,,,,,,
2012-02-10,1599,1246,1081,838,450,1265,971,1168,2049,1568,664,88,252,89,94,95,87,117,254,,242,99,56,108,,114,,,,,0,4,511,,,,,,376,719,92,323,,,271,29,,,,0,0,480,,,,100,,0,1026,,485,1522,,141,0,0,0,0,0,1,1021,483,0,1,0,1,,,0,1,0,0,0,26,28,,,,,,,,,,,,,
2012-02-17,1542,1243,1089,825,450,1302,971,1169,2060,1574,670,86,259,88,90,97,75,116,252,,244,93,57,110,,114,,,,,0,4,512,,,,,,378,727,91,320,,,272,27,,,,0,0,479,,,,97,,0,1024,,470,1530,,142,0,0,0,0,0,1,1025,476,0,2,0,1,,,0,1,0,0,0,25,27,,,,,,,,,,,,,
2012-02-24,1585,1239,1089,831,449,1321,962,1168,2041,1568,679,101,261,85,88,101,84,117,251,,246,90,55,111,,117,,,,,0,4,509,,,,,,375,726,91,309,,,269,29,,,,0,0,485,,,,95,,0,1016,,453,1516,,144,0,0,0,0,0,1,1022,469,0,2,0,1,,,0,1,0,0,0,26,27,,,,,,,,,,,,,
2012-03-02,1566,1240,1087,830,449,1321,966,1167,2043,1566,685,96,275,90,88,98,96,115,248,,242,94,54,107,,118,,,,,0,4,512,,,,,,373,724,94,318,,,269,29,,,,0,0,488,,,,95,,0,1019,,448,1517,,138,0,0,0,0,0,0,1023,476,0,1,0,1,,,0,1,0,0,0,26,27,,,,,,,,,,,,,
2012-03-09,1573,1235,1084,831,450,1325,975,1168,2037,1567,682,95,270,86,89,100,94,118,246,,244,95,55,106,,120,,,,,0,5,507,,,,,,359,729,99,321,,,270,29,,,,0,0,491,,,,97,,0,1017,,472,1520,,141,0,0,0,0,0,0,1025,473,0,1,0,1,,,0,1,0,0,0,25,25,,,,,,,,,,,,,
2012-03-16,1553,1238,1087,829,450,1327,964,1168,2028,1560,679,90,266,86,91,99,104,118,249,,245,105,54,109,,118,,,,,0,4,504,,,,,,362,726,95,325,,,266,28,,,,0,0,487,,,,99,,0,1017,,482,1524,,146,0,0,0,1,0,0,1022,481,0,1,0,1,,,0,1,0,0,0,25,24,,,,,,,,,,,,,
2012-03-23,1556,1241,1087,832,450,1333,982,1166,2026,1559,680,87,276,88,92,96,103,118,253,,245,103,50,105,,119,,,,,0,4,511,,,,,,360,722,98,329,,,267,29,,,,0,0,485,,,,97,,0,1021,,490,1529,,142,0,1,0,1,0,0,1019,478,0,2,0,1,,,0,1,0,0,0,25,27,,,,,,,,,,,,,
2012-03-30,1591,1238,1086,832,449,1332,968,1166,2032,1566,678,104,277,88,89,99,101,116,251,,244,108,56,106,,116,,,,,0,3,513,,,,,,360,725,98,324,,,265,29,,,,0,0,487,,,,97,,0,1018,,475,1527,,145,0,1,0,1,0,0,1019,468,0,3,0,1,,,0,1,0,0,0,25,24,,,,,,,,,,,,,
2012-04-06,1576,1237,1087,828,449,1336,955,1165,2031,1568,685,99,273,89,91,101,112,116,250,,248,101,55,108,,123,,,,,0,3,511,,,,,,363,724,101,325,,,264,29,,,,0,0,483,,,,98,,0,1017,,500,1526,,144,0,1,0,1,0,0,1011,461,0,3,0,0,,,0,1,0,0,0,25,26,,,,,,,,,,,,,
2012-04-13,1567,1240,1088,830,450,1338,962,1166,2030,1570,677,96,276,91,91,101,111,117,253,,243,103,54,108,,122,,,,,0,2,512,,,,,,365,711,100,334,,,265,29,,,,0,0,482,,,,94,,0,1018,,495,1529,,146,0,1,0,1,0,0,1012,456,0,3,1,0,,,0,1,0,0,0,25,25,,,,,,,,,,,,,
2012-04-20,1578,1241,1091,829,450,1343,966,1168,2033,1559,675,112,274,90,90,101,111,114,257,,249,106,51,112,,119,,,,,0,2,510,,,,,,363,713,97,334,,,265,29,,,,0,0,487,,,,91,,0,1018,,517,1531,,142,0,1,0,1,0,0,1012,445,0,4,1,0,,,0,1,0,0,0,25,23,,,,,,,,,,,,,
2012-04-27,1565,1246,1091,828,450,1337,960,1159,2035,1550,681,106,272,89,90,106,127,116,249,,245,110,49,106,,120,,,,,0,2,511,,,,,,366,714,103,333,,,258,29,,,,0,0,479,,,,94,,0,1017,,520,1538,,145,0,1,0,1,0,0,1011,443,0,3,1,0,,,0,1,0,0,0,25,24,,,,,,,,,,,,,
2012-05-04,1548,1248,1089,827,450,1330,976,1167,2023,1559,683,103,270,90,89,105,125,113,253,,244,112,49,106,,119,,,,,0,2,511,,,,,,372,712,101,335,,,264,29,,,,0,0,482,,,,95,,0,1023,,510,1537,,141,0,1,0,1,0,0,1011,442,0,3,1,0,,,0,1,0,0,0,25,22,,,,,,,,,,,,,
2012-05-11,1555,1245,1091,827,450,1336,985,1168,2035,1560,676,95,263,90,90,106,125,117,243,,244,112,54,108,,121,,,,,0,2,509,,,,,,367,718,100,337,,,264,28,,,,0,0,481,,,,97,,0,1022,,502,1538,,138,0,1,0,2,0,0,1012,445,0,3,1,0,,,0,1,0,0,0,25,20,,,,,,,,,,,,,
2012-05-18,1576,1242,1090,829,449,1339,986,1163,2026,1555,683,95,265,90,88,106,120,115,247,,240,113,56,108,,121,,,,,0,2,510,,,,,,365,721,102,335,,,262,27,,,,0,0,480,,,,99,,0,1024,,483,1539,,145,0,1,0,2,0,0,1016,447,0,3,1,0,,,0,1,0,0,0,25,22,,,,,,,,,,,,,
2012-05-25,1568,1242,1086,828,449,1335,975,1168,2032,1553,679,113,277,90,87,106,114,115,244,,238,114,56,112,,117,,,,,0,2,512,,,,,,359,723,101,341,,,258,29,,,,0,0,483,,,,96,,0,1016,,499,1540,,153,0,1,0,2,0,0,1020,435,0,3,1,0,,,0,1,0,0,0,25,22,,,,,,,,,,,,,
2012-06-01,1540,1242,1093,831,450,1332,962,1167,2038,1552,680,108,279,90,85,105,119,114,243,,242,111,57,110,,119,,,,,0,2,504,,,,,,356,723,104,335,,,247,28,,,,0,0,484,,,,97,,0,1021,,495,1545,,149,0,1,0,2,0,1,1018,439,0,2,1,0,,,0,1,0,0,0,24,22,,,,,,,,,,,,,
2012-06-08,1529,1240,1089,830,450,1327,970,1166,2046,1572,682,99,282,89,87,106,114,118,247,,240,114,57,112,,121,,,,,0,2,510,,,,,,347,735,103,340,,,249,27,,,,0,0,483,,,,98,,0,1018,,509,1544,,141,0,1,0,2,0,1,1017,448,0,2,1,0,,,0,1,0,0,0,24,24,,,,,,,,,,,,,
2012-06-15,1542,1242,1091,828,447,1343,980,1160,2049,1553,671,96,286,89,88,105,114,116,244,,246,114,57,110,,123,,,,,0,2,508,,,,,,352,717,102,348,,,250,29,,,,0,0,489,,,,97,,0,1018,,505,1538,,141,0,1,0,1,0,1,1019,455,0,2,1,0,,,0,1,0,0,0,24,23,,,,,,,,,,,,,
2012-06-22,1572,1244,1088,830,448,1332,966,1167,2045,1558,679,93,283,90,91,105,129,116,246,,248,105,54,106,,120,,,,,0,2,510,,,,,,361,706,102,352,,,245,28,,,,0,0,486,,,,100,,0,1014,,497,1541,,141,0,1,0,1,0,1,1019,457,0,2,1,0,,,0,1,0,0,0,24,23,,,,,,,,,,,,,
2012-06-29,1572,1242,1088,829,450,1326,967,1167,2042,1570,684,108,282,90,95,103,126,114,244,,247,115,56,111,,121,,,,,0,2,510,,,,,,360,708,104,348,,,246,29,,,,0,0,492,,,,96,,0,1021,,497,1531,,129,0,1,0,0,0,0,1017,453,0,2,0,0,,,0,1,0,0,0,24,24,,,,,,,,,,,,,
2012-07-06,1582,1240,1092,824,449,1324,988,1164,2042,1547,673,97,287,84,93,102,126,120,244,,248,112,55,110,,122,,,,,0,1,510,,,,,,360,712,102,345,,,243,28,,,,0,0,492,,,,98,,0,1015,,480,1536,,130,0,1,0,0,0,0,1018,446,0,3,0,0,,,0,1,0,0,0,24,25,,,,,,,,,,,,,
2012-07-13,1570,1236,1089,827,450,1320,991,1165,2037,1560,681,95,282,82,90,101,124,119,249,,246,109,54,107,,124,,,,,0,1,510,,,,,,359,714,103,353,,,242,29,,,,0,0,490,,,,99,,0,1016,,497,1536,,141,0,1,0,0,1,0,1015,453,0,3,1,0,,,0,1,0,0,0,24,26,,,,,,,,,,,,,
2012-07-20,1579,1239,1088,823,448,1327,987,1166,2037,1562,677,88,283,84,90,102,124,117,252,,245,113,57,109,,123,,,,,0,1,510,,,,,,357,715,104,356,,,240,29,,,,0,0,487,,,,100,,0,1018,,462,1537,,143,0,0,0,0,1,0,1012,455,0,3,1,0,,,0,1,0,0,0,24,27,,,,,,,,,,,,,
2012-07-27,1609,1244,1087,830,450,1340,970,1168,2032,1571,680,103,281,85,88,100,124,119,249,,249,110,54,107,,122,,,,,0,1,510,,,,,,357,718,104,361,,,232,29,,,,0,0,483,,,,97,,0,1020,,468,1534,,142,0,0,0,0,1,0,1016,464,0,3,1,0,,,0,1,0,0,0,24,27,,,,,,,,,,,,,
2012-08-03,1595,1245,1088,829,450,1343,982,1167,2035,1565,689,97,275,89,86,103,124,118,256,,251,111,55,107,,118,,,,,0,2,512,,,,,,361,729,104,351,,,239,29,,,,0,0,484,,,,96,,0,1020,,468,1534,,141,0,0,0,0,1,0,1014,458,0,3,1,0,,,0,0,0,0,0,24,27,,,,,,,,,,,,,
2012-08-10,1597,1243,1089,828,450,1339,990,1165,2044,1557,675,93,266,88,88,100,109,117,256,,245,108,54,111,,118,,,,,0,2,502,,,,,,366,735,98,351,,,233,29,,,,0,0,484,,,,97,,0,1023,,498,1523,,138,0,0,0,0,1,0,1016,460,0,3,1,0,,,0,0,0,0,0,24,27,,,,,,,,,,,,,
2012-08-17,1560,1241,1092,827,450,1329,994,1164,2040,1561,675,87,273,88,90,99,118,118,253,,246,115,57,112,,118,,,,,0,2,512,,,,,,363,742,94,350,,,231,29,,,,0,0,477,,,,98,,0,1022,,502,1522,,141,0,0,0,0,1,0,1016,462,0,3,1,0,,,0,0,0,0,0,24,27,,,,,,,,,,,,,
2012-08-24,1570,1240,1088,823,450,1335,969,1168,2045,1555,681,102,273,88,87,98,112,114,257,,241,115,56,111,,117,,,,,0,2,511,,,,,,361,733,97,357,,,228,29,,,,0,0,480,,,,93,,0,1019,,490,1537,,140,0,0,0,0,1,0,1019,460,0,3,1,0,,,0,0,0,0,0,24,28,,,,,,,,,,,,,
2012-08-31,1578,1246,1083,823,450,1326,983,1168,2046,1566,686,100,269,89,87,98,103,113,252,,241,112,58,107,,116,,,,,0,3,511,,,,,,361,729,96,360,,,233,29,,,,0,0,481,,,,94,,0,1021,,486,1541,,146,0,0,0,0,1,0,1022,458,0,3,1,0,,,0,0,0,0,0,25,27,,,,,,,,,,,,,
2012-09-07,1595,1237,1086,827,449,1336,984,1164,2048,1568,676,94,267,88,86,99,102,113,248,,246,114,54,110,,115,,,,,0,3,511,,,,,,362,731,94,360,,,237,29,,,,0,0,472,,,,97,,0,1022,,488,1542,,142,0,0,0,0,1,0,1015,452,0,2,1,0,,,0,0,0,0,0,24,27,,,,,,,,,,,,,
2012-09-14,1595,1245,1090,823,449,1334,980,1164,2047,1570,680,90,269,87,85,97,100,116,249,,241,109,57,108,,116,,,,,0,2,511,,,,,,359,728,98,363,,,236,27,,,,0,0,469,,,,95,,0,1021,,471,1525,,147,0,0,0,0,1,0,1014,459,0,2,1,0,,,0,0,0,0,0,24,26,,,,,,,,,,,,,
2012-09-21,1581,1242,1087,826,449,1330,981,1168,2043,1566,680,87,273,88,86,97,94,117,248,,241,111,56,104,,116,,,,,0,1,510,,,,,,365,726,94,358,,,232,29,,,,0,0,479,,,,95,,0,1020,,469,1532,,151,0,0,0,0,1,0,1013,458,0,2,1,0,,,0,0,0,0,0,22,26,,,,,,,,,,,,,
2012-09-28,1577,1240,1088,826,449,1322,963,1165,2053,1565,683,102,274,86,83,96,84,115,247,,244,108,53,105,,113,,,,,0,2,511,,,,,,364,722,94,358,,,231,29,,,,0,0,477,,,,95,,0,1017,,490,1541,,152,0,1,0,0,1,0,1012,467,0,2,1,0,,,0,0,0,0,0,22,25,,,,,,,,,,,,,
2012-10-05,1589,1240,1090,828,450,1333,981,1168,2045,1573,698,96,276,87,79,99,78,117,243,,242,106,56,102,,115,,,,,0,2,514,,,,,,362,728,92,354,,,233,29,,,,0,0,477,,,,97,,0,1022,,459,1521,,149,0,1,0,0,1,0,1008,464,0,1,2,0,,,0,0,0,0,0,22,29,,,,,,,,,,,,,
2012-10-12,1585,1238,1088,827,449,1337,967,1168,2061,1566,689,92,276,87,85,99,85,114,232,,247,106,54,100,,117,,,,,0,2,511,,,,,,359,735,93,354,,,233,29,,,,0,0,481,,,,95,,0,1023,,507,1536,,150,0,2,0,0,1,0,1010,464,0,1,2,0,,,0,0,0,0,0,22,28,,,,,,,,,,,,,
2012-10-19,1617,1238,1086,825,450,1337,976,1167,2053,1559,681,103,276,87,86,102,77,111,235,,244,104,56,103,,124,,,,,0,3,509,,,,,,358,735,93,358,,,235,29,,,,0,0,481,,,,98,,0,1022,,508,1524,,152,0,1,0,0,0,0,1011,466,0,1,2,0,,,0,0,0,0,0,22,28,,,,,,,,,,,,,
2012-10-26,1615,1247,1089,813,450,1337,986,1168,2048,1566,684,101,279,81,87,98,89,109,230,,246,102,54,101,,124,,,,,0,3,512,,,,,,355,738,95,362,,,235,29,,,,0,0,479,,,,97,,0,1021,,502,1522,,151,0,1,0,0,0,0,1015,462,0,1,2,0,,,0,0,0,0,0,23,28,,,,,,,,,,,,,
2012-11-02,1627,1249,1086,815,449,1337,986,1164,2048,1563,680,96,288,85,89,99,86,112,238,,241,107,52,104,,123,,,,,0,3,509,,,,,,354,745,93,359,,,234,29,,,,0,0,471,,,,97,,0,1020,,516,1526,,151,0,1,0,0,0,0,1015,454,0,1,2,0,,,0,0,0,0,0,24,31,,,,,,,,,,,,,
2012-11-09,1605,1249,1089,816,450,1343,980,1168,2050,1571,688,89,288,87,90,99,88,113,239,,250,104,50,100,,121,,,,,0,3,510,,,,,,353,726,99,355,,,228,28,,,,0,0,473,,,,94,,0,1019,,501,1526,,149,0,1,0,0,0,0,1030,466,0,1,4,0,,,0,0,0,0,0,24,28,,,,,,,,,,,,,
2012-11-16,1618,1247,1091,815,450,1339,962,1165,2046,1568,678,88,282,90,92,98,94,113,244,,250,106,51,104,,118,,,,,0,3,512,,,,,,356,733,101,353,,,224,29,,,,0,0,474,,,,96,,0,1020,,514,1530,,144,0,1,0,0,0,0,1027,462,0,1,4,0,,,0,0,0,0,0,24,27,,,,,,,,,,,,,
2012-11-23,1590,1249,1093,813,449,1332,973,1164,2045,1565,682,88,283,87,94,100,93,116,247,,248,100,54,108,,122,,,,,0,3,512,,,,,,355,741,99,349,,,216,29,,,,0,0,477,,,,95,,0,1021,,508,1527,,145,0,1,0,0,0,0,1025,458,0,1,4,0,,,0,0,0,0,0,23,26,,,,,,,,,,,,,
2012-11-30,1622,1245,1089,812,450,1338,958,1167,2047,1568,677,103,280,85,92,99,93,117,244,,245,102,55,108,,116,,,,,0,3,511,,,,,,357,730,99,360,,,206,27,,,,0,0,479,,,,91,,0,1021,,511,1526,,143,0,1,0,0,0,0,1026,463,0,1,3,0,,,0,0,0,0,0,23,26,,,,,,,,,,,,,
2012-12-07,1610,1250,1090,815,449,1333,979,1166,2046,1570,678,92,280,87,91,102,88,116,234,,242,102,55,110,,116,,,,,0,3,513,,,,,,360,725,96,359,,,207,29,,,,0,0,480,,,,94,,0,1020,,504,1520,,153,0,1,0,0,0,0,1024,461,0,1,3,0,,,0,0,0,0,0,23,27,,,,,,,,,,,,,
2012-12-14,1610,1250,1084,816,450,1334,969,1160,2044,1564,669,90,288,83,89,104,99,115,230,,247,112,54,112,,110,,,,,0,3,512,,,,,,358,722,91,357,,,206,29,,,,0,0,481,,,,89,,0,1020,,487,1523,,149,0,1,0,0,0,0,1022,461,0,1,2,0,,,0,0,0,0,0,23,26,,,,,,,,,,,,,
2012-12-21,1644,1248,1080,810,448,1334,981,1158,2046,1557,681,89,282,75,88,104,92,110,239,,242,109,55,107,,114,,,,,0,3,511,,,,,,361,726,89,357,,,210,28,,,,0,0,476,,,,90,,0,1021,,483,1532,,149,0,1,0,0,0,0,1022,455,0,1,2,0,,,0,0,0,0,0,23,24,,,,,,,,,,,,,
2012-12-28,1610,1249,1077,808,449,1331,973,1165,2043,1559,681,107,280,74,88,103,86,112,240,,243,108,56,105,,121,,,,,0,2,512,,,,,,362,713,89,353,,,210,29,,,,0,0,475,,,,88,,0,1027,,500,1535,,145,0,1,0,0,0,0,1024,443,0,1,2,0,,,0,0,0,0,0,23,25,,,,,,,,,,,,,
2013-01-11,1550,1250,1086,819,450,1331,968,1166,2054,1570,675,95,285,74,82,106,94,114,236,,244,112,53,105,,119,,,,,0,2,508,,,,,,356,713,91,342,,,214,29,,,,0,0,468,,,,92,,0,1027,,512,1535,,254,0,1,0,0,0,0,1021,448,0,1,2,0,,,0,0,0,0,0,23,23,,,,,,,,,,,,,
2013-01-18,1565,1249,1083,824,450,1337,976,1163,2046,1569,668,92,277,79,88,105,93,109,236,,246,109,57,103,,118,,,,,0,2,509,,,,,,366,704,92,356,,,218,29,,,,0,0,473,,,,94,,0,1025,,488,1533,,144,0,1,0,0,0,0,1020,451,0,2,2,0,,,0,0,0,0,0,23,26,,,,,,,,,,,,,
2013-01-25,1586,1247,1086,823,449,1329,965,1160,2051,1561,665,90,278,83,84,100,98,104,233,,245,106,54,102,,115,,,,,0,2,512,,,,,,360,709,91,356,,,220,29,,,,0,0,471,,,,94,,0,1020,,488,1538,,148,0,1,0,0,0,0,1021,443,0,2,3,0,,,0,0,0,0,0,23,26,,,,,,,,,,,,,
2013-02-01,1579,1240,1089,827,450,1322,968,1162,2044,1566,687,93,278,82,79,96,102,105,244,,244,108,53,97,,115,,,,,0,3,512,,,,,,365,698,94,357,,,218,29,,,,0,0,469,,,,92,,0,1019,,478,1536,,149,0,1,0,0,0,0,1019,454,0,3,3,0,,,0,0,0,0,0,23,27,,,,,,,,,,,,,
2013-02-08,1592,1240,1088,828,450,1319,985,1160,2042,1564,684,90,277,82,75,94,100,108,251,,247,99,51,92,,118,,,,,0,4,512,,,,,,364,705,95,355,,,215,27,,,,0,0,472,,,,92,,0,1020,,499,1539,,149,0,1,0,0,0,0,1017,453,0,2,3,0,,,0,0,0,0,0,23,33,,,,,,,,,,,,,
2013-02-15,1597,1234,1088,829,450,1327,990,1161,2043,1557,678,86,272,80,74,94,99,106,242,,247,98,58,94,,119,,,,,0,4,512,,,,,,366,703,96,354,,,219,29,,,,0,0,469,,,,91,,0,1018,,495,1548,,147,0,1,0,0,0,0,1015,448,0,2,2,0,,,0,0,0,0,0,23,32,,,,,,,,,,,,,
2013-02-22,1616,1239,1089,829,449,1325,975,1162,2042,1566,678,83,275,80,73,94,109,106,240,,248,101,56,92,,116,,,,,0,3,510,,,,,,366,706,95,356,,,211,29,,,,0,0,474,,,,89,,0,1018,,472,1535,,149,0,1,0,0,0,1,1016,464,0,2,2,0,,,0,0,0,0,0,23,31,,,,,,,,,,,,,
2013-03-01,1606,1234,1090,827,450,1325,967,1160,2053,1566,682,94,271,81,71,92,108,107,237,,248,107,55,92,,113,,,,,0,3,513,,,,,,366,700,94,358,,,217,29,,,,0,0,480,,,,88,,0,1016,,495,1523,,149,0,1,0,0,0,1,1017,464,0,2,2,0,,,0,0,0,0,0,23,32,,,,,,,,,,,,,
2013-03-08,1632,1238,1090,824,450,1326,987,1162,2048,1567,679,89,268,83,68,90,107,106,233,,246,108,55,93,,112,,,,,0,3,512,,,,,,365,688,97,357,,,221,29,,,,0,0,484,,,,90,,0,1016,,495,1525,,150,0,1,0,0,0,0,1015,463,0,2,2,0,,,0,0,0,0,0,23,29,,,,,,,,,,,,,
2013-03-15,1612,1238,1086,826,450,1319,976,1162,2043,1568,684,86,264,77,70,89,113,107,237,,248,111,55,97,,111,,,,,0,3,511,,,,,,367,694,97,355,,,221,29,,,,0,0,482,,,,87,,0,1016,,505,1525,,153,0,1,0,0,0,0,1027,464,0,3,2,0,,,0,0,0,0,0,23,29,,,,,,,,,,,,,
2013-03-22,1617,1240,1089,828,450,1316,978,1167,2032,1570,682,85,274,79,76,92,113,110,234,,241,108,54,99,,108,,,,,0,3,512,,,,,,367,699,98,352,,,226,29,,,,0,0,479,,,,88,,0,1017,,497,1523,,152,0,1,0,0,0,0,1022,462,0,3,2,0,,,0,0,0,0,0,23,31,,,,,,,,,,,,,
2013-03-29,1607,1240,1091,826,450,1315,974,1168,2033,1568,684,96,276,76,75,90,112,110,237,,238,113,53,95,,107,,,,,0,2,513,,,,,,366,704,99,350,,,232,28,,,,0,0,477,,,,86,,1,1015,,517,1521,,152,0,1,0,0,0,0,1020,454,0,3,2,0,,,0,0,0,0,0,23,32,,,,,,,,,,,,,
2013-04-05,1628,1240,1092,824,446,1320,976,1166,2029,1560,679,92,277,75,75,92,117,109,232,,245,110,54,100,,111,,,,,0,2,511,,,,,,361,708,100,354,,,227,29,,,,0,0,478,,,,88,,1,1017,,538,1519,,151,0,1,0,0,0,0,1019,459,0,3,2,0,,,0,0,0,0,0,23,34,,,,,,,,,,,,,
2013-04-12,1606,1235,1091,828,450,1324,970,1167,2031,1565,689,88,272,72,77,92,117,111,239,,244,113,55,97,,116,,,,,0,1,514,,,,,,359,706,103,351,,,220,29,,,,0,0,479,,,,93,,1,1016,,489,1527,,153,0,1,0,0,0,0,1018,458,0,3,4,0,,,0,0,0,0,0,23,34,,,,,,,,,,,,,
2013-04-19,1611,1240,1090,826,450,1323,963,1166,2032,1565,686,99,270,75,78,90,116,110,254,,245,110,56,100,,118,,,,,0,1,512,,,,,,358,715,101,335,,,228,29,,,,0,0,477,,,,90,,1,1020,,530,1519,,149,0,0,0,0,0,0,1019,464,0,3,4,0,,,0,0,0,0,0,23,36,,,,,,,,,,,,,
2013-04-26,1612,1241,1090,829,450,1323,965,1168,2036,1568,684,89,267,75,80,83,125,111,259,,241,113,52,102,,119,,,,,0,1,512,,,,,,360,712,103,353,,,225,29,,,,0,0,477,,,,92,,0,1020,,511,1518,,150,0,0,0,0,0,0,1019,463,0,3,4,0,,,0,0,0,0,0,23,38,,,,,,,,,,,,,
2013-05-03,1615,1240,1082,828,450,1316,985,1167,2046,1558,683,81,266,73,82,84,120,116,258,,249,111,50,102,,117,,,,,0,1,513,,,,,,363,713,101,358,,,220,29,,,,0,0,477,,,,90,,0,1019,,495,1519,,152,0,0,0,0,0,0,1020,460,0,3,4,0,,,0,0,0,0,0,24,36,,,,,,,,,,,,,
2013-05-10,1617,1239,1089,826,450,1317,989,1167,2050,1568,685,78,266,70,81,81,116,113,254,,244,114,55,104,,117,,,,,0,1,511,,,,,,366,717,103,353,,,214,29,,,,0,0,475,,,,92,,0,1019,,525,1526,,148,0,0,0,0,0,0,1018,457,0,4,3,0,,,0,0,0,0,0,24,35,,,,,,,,,,,,,
2013-05-17,1622,1237,1087,829,450,1325,990,1163,2043,1567,687,77,274,71,86,85,114,114,258,,250,112,55,108,,116,,,,,0,1,512,,,,,,367,729,99,355,,,210,29,,,,0,0,476,,,,89,,0,1022,,565,1516,,149,0,0,0,0,0,0,1016,459,0,4,3,0,,,0,0,0,0,0,24,33,,,,,,,,,,,,,
2013-05-24,1632,1237,1084,829,450,1322,973,1163,2040,1568,687,75,277,73,85,85,125,116,255,,247,113,54,105,,117,,,,,0,1,512,,,,,,363,725,98,357,,,212,27,,,,0,0,479,,,,93,,0,1024,,563,1509,,148,0,0,0,0,0,0,1015,464,0,4,2,0,,,0,0,0,0,0,24,34,,,,,,,,,,,,,
2013-05-31,1609,1237,1083,830,450,1318,962,1166,2044,1570,685,91,275,77,88,85,120,114,252,,250,112,54,111,,121,,,,,0,1,512,,,,,,362,716,101,354,,,210,29,,,,0,0,477,,,,95,,0,1020,,557,1508,,148,0,0,0,0,0,0,1016,460,0,3,2,0,,,0,0,0,0,0,24,32,,,,,,,,,,,,,
2013-06-07,1628,1240,1089,830,450,1314,978,1168,2046,1569,682,88,273,76,88,87,120,114,245,,248,108,52,110,,123,,,,,0,1,512,,,,,,362,716,101,356,,,210,29,,,,0,0,480,,,,91,,1,1019,,565,1511,,149,0,0,0,0,0,0,1018,465,0,3,2,0,,,0,0,0,0,0,26,30,,,,,,,,,,,,,
2013-06-14,1606,1247,1091,831,450,1313,971,1164,2042,1559,684,81,280,80,91,88,129,118,241,,247,110,56,107,,124,,,,,0,1,510,,,,,,363,721,100,360,,,212,29,,,,0,0,478,,,,93,,1,1022,,573,1509,,147,0,0,0,0,0,0,1025,450,0,3,2,0,,,0,0,0,0,0,26,29,,,,,,,,,,,,,
2013-06-21,1613,1246,1088,830,449,1321,954,1167,2053,1567,683,95,282,84,86,88,126,115,239,,246,109,57,110,,120,,,,,0,1,511,,,,,,357,726,99,357,,,209,29,,,,0,0,472,,,,91,,1,1022,,564,1515,,147,0,0,0,0,0,0,1025,462,0,3,2,0,,,0,0,0,0,0,26,30,,,,,,,,,,,,,
2013-06-28,1608,1246,1086,820,450,1316,984,1167,2051,1560,686,95,288,80,82,92,118,114,241,,246,110,57,109,,120,,,,,0,1,512,,,,,,357,724,97,355,,,212,29,,,,0,0,470,,,,97,,1,1021,,538,1522,,149,0,0,0,0,0,0,1024,458,0,3,2,0,,,0,0,0,0,0,26,30,,,,,,,,,,,,,
2013-07-05,1618,1247,1087,826,448,1321,964,1160,2046,1550,683,93,289,84,83,96,131,114,247,,245,110,57,109,,119,,,,,0,1,510,,,,,,354,724,97,353,,,210,29,,,,0,0,477,,,,95,,1,1025,,552,1510,,146,0,0,0,0,0,0,1030,458,0,3,2,0,,,0,0,0,0,0,26,29,,,,,,,,,,,,,
2013-07-12,1599,1247,1089,827,449,1318,979,1166,2051,1568,682,85,284,85,83,99,131,111,240,,248,111,56,106,,119,,,,,0,1,512,,,,,,351,712,100,358,,,207,29,,,,0,0,476,,,,96,,0,1027,,529,1509,,147,0,0,0,0,0,0,1027,461,0,3,3,0,,,0,0,0,0,0,26,31,,,,,,,,,,,,,
2013-07-19,1577,1248,1086,828,450,1324,974,1164,2042,1570,683,99,284,84,83,99,124,108,246,,244,104,55,106,,119,,,,,0,1,511,,,,,,338,724,102,356,,,210,29,,,,0,0,474,,,,92,,0,1028,,512,1509,,149,0,0,0,0,0,0,1027,460,0,4,3,0,,,0,0,0,0,0,25,30,,,,,,,,,,,,,
2013-07-26,1580,1247,1087,828,450,1321,976,1168,2044,1569,686,92,282,81,82,101,126,106,248,,242,106,55,106,,116,,,,,0,2,511,,,,,,336,725,103,338,,,209,29,,,,0,0,473,,,,92,,0,1025,,539,1522,,143,0,0,0,0,0,0,1023,460,0,4,3,0,,,0,0,0,0,0,25,28,,,,,,,,,,,,,
2013-08-02,1597,1249,1088,827,448,1325,978,1167,2051,1566,685,92,289,79,82,100,122,111,247,,246,107,54,109,,121,,,,,0,2,511,,,,,,345,725,103,340,,,212,28,,,,0,0,469,,,,95,,0,1020,,524,1522,,143,0,0,0,0,0,0,1025,459,0,4,2,0,,,0,0,0,0,0,25,27,,,,,,,,,,,,,
2013-08-09,1599,1250,1089,826,449,1328,955,1167,2042,1561,687,110,284,79,85,102,116,115,251,,241,109,54,109,,120,,,,,0,2,510,,,,,,344,728,102,348,,,218,28,,,,0,0,463,,,,95,,0,1017,,510,1533,,147,0,0,0,0,0,0,1022,459,0,4,4,0,,,0,0,0,0,0,25,28,,,,,,,,,,,,,
2013-08-16,1558,1249,1089,826,449,1331,967,1165,2046,1567,682,108,288,79,87,102,114,117,246,,246,106,53,111,,121,,,,,0,2,509,,,,,,344,725,100,359,,,213,29,,,,0,0,458,,,,94,,0,1014,,511,1534,,151,0,0,0,0,0,0,1023,451,0,4,3,0,,,0,0,0,0,0,26,26,,,,,,,,,,,,,
2013-08-23,1590,1245,1087,828,449,1337,966,1166,2053,1561,681,104,287,79,84,103,127,114,241,,247,112,53,106,,122,,,,,0,2,512,,,,,,344,728,96,358,,,220,29,,,,0,0,454,,,,92,,0,1017,,510,1533,,151,0,0,0,0,0,0,1019,449,0,4,3,0,,,0,0,0,0,0,26,27,,,,,,,,,,,,,
2013-08-30,1590,1250,1090,829,449,1325,977,1167,2053,1568,684,100,283,78,86,101,128,114,240,,248,114,56,106,,120,,,,,0,3,512,,,,,,346,729,99,351,,,222,29,,,,0,0,457,,,,94,,0,1019,,590,1531,,153,0,0,0,0,0,0,1020,449,0,4,4,0,,,0,0,0,0,0,26,29,,,,,,,,,,,,,
2013-09-06,1570,1246,1090,826,449,1328,975,1168,2054,1566,684,99,286,77,87,99,136,110,234,,245,114,56,104,,119,,,,,0,3,510,,,,,,340,719,99,354,,,227,28,,,,0,0,453,,,,96,,0,1023,,518,1531,,153,0,0,0,0,0,2,1028,452,0,5,4,0,,,0,0,0,0,0,27,26,,,,,,,,,,,,,
2013-09-13,1578,1249,1088,825,448,1332,974,1167,2049,1563,681,97,282,79,87,99,136,114,237,,245,108,55,106,,117,,,,,0,3,513,,,,,,339,722,91,357,,,228,29,,,,0,0,460,,,,95,,0,1021,,507,1523,,147,0,0,1,0,0,2,1026,458,0,5,4,0,,,0,0,0,0,0,27,27,,,,,,,,,,,,,
2013-09-20,1606,1245,1091,824,450,1326,970,1168,2042,1559,685,107,284,76,89,101,129,114,241,,244,103,57,110,,119,,,,,0,2,513,,,,,,341,732,90,354,,,235,29,,,,0,0,462,,,,95,,0,1021,,495,1515,,148,0,0,1,0,0,2,1025,458,0,4,5,0,,,0,0,0,0,0,27,28,,,,,,,,,,,,,
2013-09-27,1595,1247,1081,826,448,1335,967,1168,2046,1568,689,107,276,78,88,99,131,117,248,,247,107,58,104,,118,,,,,0,2,511,,,,,,337,732,94,347,,,235,29,,,,0,0,454,,,,89,,0,1022,,509,1518,,146,0,0,1,0,0,1,1028,459,0,4,5,0,,,0,0,0,0,0,27,27,,,,,,,,,,,,,
2013-10-04,1592,1248,1086,826,449,1329,974,1165,2052,1567,684,105,280,77,87,97,129,113,244,,247,106,55,106,,119,,,,,0,2,511,,,,,,337,731,97,345,,,223,28,,,,0,0,457,,,,86,,0,1019,,499,1525,,147,0,0,1,0,0,1,1027,463,0,4,5,0,,,0,0,0,0,0,27,25,,,,,,,,,,,,,
2013-10-11,1597,1251,1088,824,445,1314,962,1166,2052,1564,681,115,282,80,87,96,129,114,241,,243,111,54,104,,116,,,,,0,1,511,,,,,,334,735,95,346,,,220,29,,,,0,0,465,,,,86,,0,1024,,489,1513,,148,0,0,1,0,0,1,1025,474,0,4,5,0,,,0,0,0,0,0,27,27,,,,,,,,,,,,,
2013-10-18,1607,1249,1089,829,450,1322,962,1168,2052,1567,676,110,276,79,84,96,138,115,240,,242,111,53,107,,116,,,,,0,1,514,,,,,,332,734,95,343,,,219,29,,,,0,0,464,,,,90,,0,1022,,519,1510,,153,0,0,1,0,0,1,1023,479,0,4,5,0,,,0,0,0,0,0,27,27,,,,,,,,,,,,,
2013-10-25,1603,1248,1090,829,450,1339,976,1165,2049,1562,687,105,278,75,85,95,133,117,231,,243,112,52,110,,108,,,,,0,1,511,,,,,,335,747,94,339,,,214,29,,,,0,0,463,,,,88,,0,1026,,503,1515,,153,0,0,1,0,0,1,1026,478,0,4,5,0,,,0,0,0,0,0,27,26,,,,,,,,,,,,,
2013-11-01,1613,1246,1087,826,450,1334,975,1165,2049,1563,681,99,277,73,81,98,127,117,227,,243,114,51,108,,119,,,,,0,1,514,,,,,,345,735,95,330,,,215,29,,,,0,0,462,,,,87,,0,1027,,521,1519,,167,0,0,1,0,0,1,1033,484,0,4,5,0,,,0,0,0,0,0,27,25,,,,,,,,,,,,,
2013-11-08,1611,1248,1088,828,449,1338,973,1166,2042,1561,680,92,275,73,80,97,126,118,223,,243,112,53,105,,117,,,,,0,1,513,,,,,,351,733,94,344,,,214,29,,,,0,0,465,,,,88,,0,1028,,512,1524,,169,0,0,1,0,0,1,1031,489,0,4,5,0,,,0,0,0,0,0,27,25,,,,,,,,,,,,,
2013-11-15,1622,1250,1090,826,450,1335,956,1168,2051,1554,678,108,270,73,82,97,124,115,221,,247,108,51,102,,121,,,,,0,1,513,,,,,,350,740,95,344,,,212,29,,,,0,0,463,,,,85,,0,1027,,506,1540,,163,0,0,1,0,0,1,1030,484,0,4,5,0,,,0,0,0,0,0,27,27,,,,,,,,,,,,,
2013-11-22,1611,1250,1088,828,450,1345,973,1168,2054,1562,676,106,266,69,82,102,121,114,220,,246,109,48,98,,119,,,,,0,1,510,,,,,,348,748,97,341,,,200,29,,,,0,0,465,,,,86,,0,1026,,500,1532,,166,0,0,1,0,0,1,1030,482,0,4,5,0,,,0,0,0,0,0,26,29,,,,,,,,,,,,,
2013-11-29,1608,1250,1089,829,448,1338,969,1165,2056,1552,684,105,267,67,82,102,130,118,222,,247,106,51,99,,117,,,,,0,1,512,,,,,,347,741,93,351,,,206,29,,,,0,0,475,,,,85,,0,1026,,501,1534,,165,0,0,1,0,0,1,1027,477,0,5,5,0,,,0,0,0,0,0,26,28,,,,,,,,,,,,,
2013-12-06,1615,1250,1089,829,450,1336,973,1168,2047,1564,674,103,265,66,83,100,127,109,217,,247,103,51,98,,114,,,,,0,1,512,,,,,,347,746,93,346,,,198,29,,,,0,0,477,,,,84,,0,1026,,511,1534,,162,0,0,1,0,0,1,1029,482,0,5,5,0,,,0,0,0,0,0,25,29,,,,,,,,,,,,,
2013-12-13,1601,1247,1092,829,450,1328,972,1167,2041,1574,685,112,261,66,83,97,125,110,216,,247,102,55,96,,114,,,,,0,1,512,,,,,,348,732,93,341,,,204,29,,,,0,0,475,,,,88,,0,1022,,524,1537,,161,0,0,1,0,0,1,1031,466,0,5,4,0,,,0,0,0,0,0,26,29,,,,,,,,,,,,,
2013-12-20,1628,1250,1092,826,450,1328,976,1162,2052,1567,682,106,265,69,79,96,146,111,223,,245,106,55,101,,117,,,,,0,0,512,,,,,,350,734,94,340,,,203,29,,,,0,0,476,,,,89,,0,1018,,507,1511,,168,0,0,0,0,0,1,1026,473,0,5,5,0,,,0,0,0,0,0,27,29,,,,,,,,,,,,,
2013-12-27,1600,1250,1091,826,450,1327,975,1168,2053,1567,682,103,263,68,79,95,135,114,235,,243,107,55,102,,118,,,,,0,0,508,,,,,,349,733,90,335,,,201,29,,,,0,0,482,,,,93,,0,1012,,506,1532,,158,0,0,0,0,0,1,1018,470,0,5,5,0,,,0,1,0,0,0,27,30,,,,,,,,,,,,,
2014-01-03,1604,1247,1092,823,447,1334,975,1168,2048,1564,683,100,263,68,79,95,135,114,233,,242,104,55,98,,118,,,,,0,0,504,,,,,,349,730,90,334,,,201,28,,,,0,0,485,,,,93,,0,1015,,499,1534,,152,0,0,0,0,0,0,1013,462,0,5,5,0,,,0,1,0,0,0,27,29,,,,,,,,,,,,,
2014-01-10,1635,1246,1090,826,447,1329,972,1166,2045,1565,683,90,267,65,78,92,132,115,227,,242,97,54,101,,118,,,,,0,0,509,,,,,,352,743,86,338,,,200,29,,,,0,0,484,,,,91,,0,1016,,487,1524,,154,0,0,0,0,0,0,1008,469,0,5,5,0,,,0,1,0,0,0,27,26,,,,,,,,,,,,,
2014-01-17,1591,1250,1090,829,449,1321,963,1164,2050,1568,679,107,247,65,79,86,125,117,218,,242,94,53,101,,118,,,,,0,0,511,,,,,,353,749,90,339,,,205,29,,,,0,0,486,,,,93,,0,1020,,485,1524,,155,0,0,0,0,0,0,1007,467,0,3,2,0,,,0,1,0,0,0,27,29,,,,,,,,,,,,,
2014-01-24,1581,1245,1093,821,450,1318,966,1165,2051,1566,676,102,246,69,80,92,123,113,222,,242,90,53,100,,113,,,,,0,0,507,,,,,,351,754,82,345,,,214,28,,,,0,0,488,,,,96,,0,1024,,493,1524,,163,0,0,0,0,0,0,1009,467,0,3,2,0,,,0,1,0,0,0,27,29,,,,,,,,,,,,,
2014-01-31,1587,1250,1088,820,449,1320,981,1165,2048,1566,682,99,250,70,80,89,120,112,226,,246,91,55,100,,113,,,,,0,0,510,,,,,,349,750,87,356,,,213,26,,,,0,0,494,,,,97,,0,1025,,458,1524,,163,0,0,0,0,0,0,1008,479,0,3,2,0,,,0,1,0,0,0,27,28,,,,,,,,,,,,,
2014-02-07,1575,1249,1091,828,444,1310,982,1165,2046,1566,683,94,255,68,76,85,134,110,224,,245,86,56,100,,116,,,,,0,0,512,,,,,,344,743,87,333,,,214,29,,,,0,0,496,,,,96,,0,1025,,471,1515,,162,0,1,0,0,0,0,1015,495,0,3,2,0,,,0,1,0,0,0,27,27,,,,,,,,,,,,,
2014-02-14,1568,1248,1087,826,450,1312,973,1165,2048,1567,683,109,259,73,69,79,131,106,231,,245,85,55,99,,117,,,,,0,0,512,,,,,,340,745,90,349,,,214,29,,,,0,0,488,,,,89,,0,1021,,481,1522,,156,0,1,0,0,0,0,1012,490,0,3,2,0,,,0,1,0,0,0,27,29,,,,,,,,,,,,,
2014-02-21,1612,1247,1089,827,445,1311,987,1161,2040,1572,687,103,261,74,69,80,130,87,243,,241,84,47,100,,117,,,,,0,1,513,,,,,,347,743,92,359,,,212,29,,,,0,0,493,,,,85,,0,1020,,479,1520,,153,0,1,0,0,0,0,1007,477,0,3,2,0,,,0,1,0,0,0,27,30,,,,,,,,,,,,,
2014-02-28,1595,1249,1090,831,448,1311,984,1166,2029,1567,687,100,258,77,75,77,126,82,244,,247,90,50,102,,111,,,,,0,1,512,,,,,,356,741,91,355,,,221,29,,,,0,0,493,,,,85,,0,1015,,473,1530,,157,0,1,0,0,0,0,1008,490,0,3,2,0,,,0,1,0,0,0,27,32,,,,,,,,,,,,,
2014-03-07,1619,1249,1085,831,449,1317,978,1168,2031,1567,685,97,254,80,76,77,123,75,248,,247,91,51,103,,108,,,,,0,1,510,,,,,,348,744,94,353,,,229,29,,,,0,0,490,,,,89,,0,1020,,501,1536,,159,0,1,0,0,0,0,1013,492,0,3,2,0,,,0,1,0,0,0,28,34,,,,,,,,,,,,,
2014-03-14,1600,1250,1091,830,450,1323,974,1168,2027,1559,681,111,253,82,72,78,119,70,246,,247,96,55,105,,110,,,,,0,1,513,,,,,,349,742,95,356,,,236,27,,,,0,0,492,,,,92,,0,1021,,528,1533,,157,0,1,0,0,0,0,1018,489,0,1,2,0,,,0,1,0,0,0,28,35,,,,,,,,,,,,,
2014-03-21,1626,1250,1090,830,450,1325,972,1166,2020,1567,685,110,259,82,66,79,133,69,240,,249,95,57,103,,108,,,,,0,1,512,,,,,,349,752,94,356,,,230,29,,,,0,0,487,,,,94,,0,1021,,530,1537,,165,0,0,0,0,0,0,1024,489,0,1,4,0,,,0,1,0,0,0,28,36,,,,,,,,,,,,,
2014-03-28,1617,1250,1090,828,450,1334,989,1168,2036,1565,685,105,264,82,64,79,131,67,240,,246,96,57,106,,110,,,,,0,1,507,,,,,,347,761,86,353,,,238,29,,,,0,0,489,,,,96,,0,1029,,537,1540,,163,0,0,0,0,0,0,1023,488,0,1,3,0,,,0,1,0,0,0,28,35,,,,,,,,,,,,,
2014-04-04,1608,1249,1082,830,449,1332,988,1173,2037,1574,684,98,266,85,67,79,125,64,245,,245,98,55,106,,111,,,,,0,1,511,,,,,,352,758,80,359,,,236,29,,,,0,0,491,,,,95,,0,1028,,531,1539,,167,0,0,0,0,0,0,1025,489,0,1,3,0,,,0,1,0,0,0,28,35,,,,,,,,,,,,,
2014-04-11,1615,1248,1087,829,450,1326,972,1170,2049,1568,677,112,264,81,64,81,126,61,239,,247,96,54,107,,111,,,,,0,1,512,,,,,,351,763,84,358,,,235,29,,,,0,0,486,,,,97,,0,1027,,535,1537,,165,0,0,0,0,0,0,1031,485,0,0,2,0,,,0,1,0,0,1,30,35,,,,,,,,,,,,,
2014-04-18,1610,1250,1089,830,450,1318,959,1170,2045,1566,683,106,273,79,68,81,136,63,238,,247,95,53,106,,111,,,,,0,1,512,,,,,,348,767,87,359,,,247,29,,,,0,0,485,,,,95,,0,1026,,502,1534,,160,0,0,0,0,0,0,1029,488,0,0,2,0,,,0,0,0,0,1,30,38,,,,,,,,,,,,,
2014-04-25,1623,1246,1088,829,450,1309,973,1172,2037,1565,683,96,278,79,69,83,129,70,236,,249,96,54,104,,109,,,,,0,1,513,,,,,,348,762,90,356,,,245,29,,,,0,0,477,,,,94,,0,1027,,537,1527,,167,0,0,0,0,0,0,1022,488,0,0,1,0,,,0,0,0,0,1,30,34,,,,,,,,,,,,,
2014-05-02,1609,1248,1089,831,450,1312,975,1168,2032,1576,677,94,279,79,71,86,122,78,236,,248,102,55,103,,109,,,,,0,1,513,,,,,,349,760,91,360,,,243,29,,,,0,0,476,,,,94,,0,1027,,556,1528,,167,0,0,0,0,0,0,1021,476,0,0,1,0,,,0,0,0,0,1,30,36,,,,,,,,,,,,,
2014-05-09,1594,1249,1088,826,449,1312,971,1169,2044,1576,689,94,276,80,69,87,135,82,235,,245,104,54,104,,108,,,,,0,1,516,,,,,,347,768,94,359,,,246,29,,,,0,0,481,,,,95,,0,1028,,518,1525,,162,0,1,0,0,0,0,1021,481,0,0,1,0,,,0,0,0,0,1,29,33,,,,,,,,,,,,,
2014-05-16,1619,1243,1088,830,449,1314,977,1172,2044,1573,683,92,272,78,71,90,134,85,233,,246,106,55,102,,106,,,,,0,1,516,,,,,,344,779,96,347,,,246,29,,,,0,0,479,,,,93,,0,1026,,533,1525,,158,0,1,0,0,0,0,1020,480,0,0,1,0,,,0,0,0,0,1,29,34,,,,,,,,,,,,,
2014-05-23,1623,1240,1094,835,448,1319,977,1177,2047,1582,687,92,273,69,63,96,130,91,223,,250,101,57,103,,109,,,,,0,1,515,,,,,,345,768,96,351,,,235,29,,,,0,0,481,,,,91,,0,1028,,509,1535,,163,0,1,0,0,0,0,1019,470,0,0,1,0,,,0,0,0,0,1,29,32,,,,,,,,,,,,,
2014-05-30,1629,1238,1093,840,448,1320,962,1178,2059,1573,684,88,273,69,72,99,144,96,216,,245,101,54,110,,108,,,,,0,1,515,,,,,,355,770,96,355,,,234,29,,,,0,0,478,,,,94,,0,1028,,507,1525,,163,0,1,0,0,0,0,1016,484,0,0,1,0,,,0,0,0,0,1,29,33,,,,,,,,,,,,,
2014-06-06,1613,1237,1091,839,448,1315,983,1176,2056,1574,682,84,270,69,73,98,142,102,214,,242,103,54,109,,111,,,,,0,1,515,,,,,,363,773,96,356,,,243,29,,,,0,0,476,,,,89,,0,1029,,560,1522,,157,0,1,0,0,0,0,1017,487,0,0,1,0,,,0,0,0,0,1,29,37,,,,,,,,,,,,,
2014-06-13,1589,1237,1091,835,448,1321,980,1176,2056,1574,672,80,263,69,75,94,134,107,212,,246,106,56,108,,113,,,,,0,1,516,,,,,,364,780,98,354,,,244,29,,,,0,0,476,,,,83,,0,1027,,544,1521,,160,0,1,0,0,0,0,1015,493,0,0,1,0,,,0,0,0,0,1,29,37,0,,,,,,,,,,,,
2014-06-20,1597,1238,1094,839,449,1324,978,1177,2049,1575,685,76,268,70,73,91,134,113,209,,247,108,56,108,,114,,,,,0,1,516,,,,,,369,779,96,359,,,238,29,,,,0,0,476,,,,85,,0,1028,,556,1522,,160,0,0,0,0,0,0,1012,488,0,0,1,0,,,0,0,0,0,1,29,38,2,,,,,,,,,,,,
2014-06-27,1624,1239,1093,838,447,1320,990,1177,2041,1570,690,72,259,70,76,92,128,115,220,,243,109,57,100,,113,,,,,0,1,515,,,,,,367,773,97,353,,,236,29,,,,0,0,467,,,,82,,0,1029,,541,1521,,165,0,0,0,0,0,0,1015,489,0,0,1,0,,,0,0,0,0,1,29,37,3,,,,,,,,,,,,
2014-07-04,1607,1238,1090,839,446,1326,985,1177,2051,1580,686,68,255,75,77,98,117,113,223,,247,109,56,100,,115,,,,,0,1,515,,,,,,366,779,94,357,,,233,29,,,,0,0,474,,,,76,,0,1027,,563,1527,,168,0,0,0,0,0,0,1018,493,0,0,1,0,,,0,0,0,0,1,29,40,5,,,,,,,,,,,,
2014-07-11,1617,1238,1091,839,447,1323,985,1174,2052,1574,681,67,247,82,79,98,132,115,217,,247,110,54,98,,108,,,,,0,1,516,,,,,,361,762,96,357,,,230,29,,,,0,0,469,,,,78,,0,1027,,561,1527,,167,0,0,0,0,0,0,1018,489,0,0,1,0,,,0,0,0,0,1,29,37,6,,,,,,,,,,,,
2014-07-18,1603,1239,1092,833,446,1341,975,1177,2053,1570,678,66,242,86,83,97,141,115,231,,248,109,52,100,,106,,,,,0,1,516,,,,,,357,760,97,355,,,235,28,,,,0,0,471,,,,86,,0,1025,,544,1524,,166,0,0,0,0,0,0,1021,489,0,0,0,0,,,0,0,0,0,1,29,36,4,,,,,,,,,,,,
2014-07-25,1596,1234,1094,839,447,1332,974,1177,2034,1578,680,61,236,82,88,101,140,118,242,,247,110,55,100,,110,,,,,0,1,516,,,,,,363,768,94,357,,,244,28,,,,0,0,469,,,,85,,0,1024,,529,1521,,164,0,0,0,0,0,0,1019,492,0,0,0,0,,,0,0,0,0,1,30,36,4,,,,,,,,,,,,
2014-08-01,1610,1237,1095,840,448,1326,987,1175,2041,1576,680,56,232,82,89,103,134,117,246,,246,112,53,103,,111,,,,,0,1,516,,,,,,360,775,95,359,,,248,29,,,,0,0,459,,,,87,,0,1026,,533,1508,,167,0,1,0,0,0,0,1015,491,0,0,0,0,,,0,0,0,0,1,30,36,5,,,,,,,,,,,,
2014-08-08,1626,1235,1093,837,449,1332,970,1175,2056,1571,674,54,240,80,90,102,146,118,251,,245,112,57,105,,114,,,,,0,1,515,,,,,,356,785,94,358,,,248,29,,,,0,0,462,,,,87,,0,1027,,538,1499,,166,0,1,0,0,0,0,1022,489,0,0,0,0,,,0,0,0,0,0,30,38,6,,,,,,,,,,,,
2014-08-15,1603,1237,1090,834,449,1325,984,1174,2052,1579,677,52,243,83,92,102,141,117,248,,246,113,57,107,,115,,,,,0,1,515,,,,,,365,785,100,357,,,254,29,,,,0,0,461,,,,95,,0,1026,,521,1500,,166,0,1,0,0,0,0,1018,491,0,0,0,0,,,0,0,0,0,0,30,34,6,,,,,,,,,,,,
2014-08-22,1609,1238,1093,840,450,1326,979,1174,2047,1573,684,59,249,84,92,103,135,120,253,,243,114,57,108,,117,,,,,0,1,516,,,,,,365,776,100,351,,,253,29,,,,0,0,459,,,,95,,0,1028,,535,1500,,166,0,1,0,0,0,0,1014,495,0,0,0,0,,,0,0,0,0,0,29,35,6,,,,,,,,,,,,
2014-08-29,1592,1236,1090,838,450,1324,973,1175,2044,1583,681,60,253,83,92,105,132,117,245,,246,114,55,106,,117,,,,,0,1,515,,,,,,368,780,100,348,,,248,29,,,,0,0,458,,,,93,,0,1028,,518,1507,,167,0,1,0,0,0,0,1023,496,0,0,0,0,,,0,0,0,0,0,29,33,6,,,,,,,,,,,,
2014-09-05,1580,1235,1089,835,450,1315,973,1174,2046,1580,685,51,262,84,90,98,142,118,240,,246,108,58,109,,118,,,,,0,1,516,,,,,,367,774,100,351,,,255,29,,,,0,0,457,,,,90,,0,1025,,502,1504,,166,0,1,0,0,0,0,1028,491,0,0,0,0,,,0,0,0,0,0,29,34,6,,,,,,,,,,,,
2014-09-12,1585,1236,1091,838,450,1314,977,1174,2036,1572,688,58,256,83,89,102,141,117,245,,242,111,57,111,,120,,,,,0,1,516,,,,,,365,778,101,348,,,262,29,,,,0,0,455,,,,94,,0,1020,,541,1504,,167,0,1,0,0,0,0,1023,486,0,0,0,0,,,0,0,0,0,0,29,34,6,,,,,,,,,,,,
2014-09-19,1619,1239,1089,839,450,1318,977,1179,2038,1578,684,65,269,83,89,102,132,119,251,,244,109,55,110,,122,,,,,0,1,514,,,,,,365,771,105,354,,,268,29,,,,0,0,447,,,,91,,0,1015,,507,1507,,170,0,0,0,0,0,0,1018,490,0,0,0,0,,,0,0,0,0,0,28,34,4,,,,,,,,,,,,
2014-09-26,1628,1239,1090,839,449,1322,967,1177,2054,1577,684,56,271,82,90,103,136,117,255,,246,111,54,112,,123,,,,,0,1,513,,,,,,370,770,102,345,,,270,29,,,,0,0,446,,,,92,,0,1027,,525,1505,,167,0,1,0,0,0,0,1025,486,0,0,0,0,,,0,0,0,0,0,28,37,5,,,,,,,,,,,,
2014-10-03,1630,1240,1091,837,445,1330,967,1176,2051,1577,685,63,271,83,90,103,125,117,256,,248,113,54,108,,125,,,,,0,1,516,,,,,,371,771,103,356,,,266,29,,,,0,0,450,,,,93,,0,1026,,523,1505,,167,0,1,0,0,0,0,1021,481,0,0,0,0,,,0,0,0,0,0,28,38,8,,,,,,,,,,,,
2014-10-10,1616,1234,1095,838,450,1327,970,1179,2053,1571,681,65,265,84,90,102,120,115,260,,247,114,56,111,,124,,,,,0,1,514,,,,,,370,769,103,358,,,261,30,,,,0,0,450,,,,91,,0,1028,,539,1499,,168,0,1,0,0,0,0,1019,477,0,0,1,0,,,0,0,0,0,0,26,38,7,,,,,,,,,,,,
2014-10-17,1594,1238,1092,837,450,1321,976,1177,2036,1571,677,69,276,83,87,101,123,118,261,,244,110,55,112,,123,,,,,0,1,515,,,,,,373,775,103,360,,,255,29,,,,0,0,446,,,,91,,0,1029,,554,1492,,165,0,1,0,0,0,0,1018,477,0,0,2,0,,,0,0,0,0,0,26,40,6,,,,,,,,,,,,
2014-10-24,1595,1240,1092,836,449,1326,951,1176,2048,1571,680,63,281,83,88,101,137,119,253,,244,108,57,111,,124,,,,,0,2,515,,,,,,376,779,106,359,,,261,29,,,,0,0,446,,,,91,,0,1024,,555,1483,,166,0,1,0,0,0,0,1011,479,0,0,2,0,,,0,0,0,0,0,25,38,4,,,,,,,,,,,,
2014-10-31,1631,1240,1091,828,449,1329,966,1178,2038,1565,677,71,277,83,88,98,127,119,255,,245,109,57,109,,124,,,,,0,1,514,,,,,,377,789,111,359,,,261,29,,,,0,0,443,,,,91,,0,1027,,548,1488,,163,0,1,0,0,0,0,1004,480,0,0,2,0,,,0,0,0,0,0,25,36,4,,,,,,,,,,,,
2014-11-07,1616,1239,1098,839,449,1340,962,1178,2051,1567,678,71,266,79,87,101,125,116,256,,242,112,54,109,,125,,,,,0,1,515,,,,,,377,796,111,361,,,257,29,,,,0,0,444,,,,88,,0,1024,,571,1494,,166,0,1,0,0,0,0,1007,480,0,0,2,1,,,0,0,0,0,0,25,36,3,,,,,,,,,,,,
2014-11-14,1609,1237,1097,838,449,1331,956,1178,2040,1577,683,81,268,80,89,101,133,115,252,,244,117,55,109,,124,,,,,0,1,514,,,,,,375,806,112,359,,,262,29,,,,0,0,446,,,,88,,0,1027,,551,1471,,165,0,1,0,0,0,0,1009,480,0,0,6,1,,,0,0,0,0,0,25,38,3,,,,,,,,,,,,
2014-11-21,1631,1240,1087,833,448,1332,961,1178,2042,1578,678,83,271,82,86,104,127,119,245,,244,115,56,111,,120,,,,,0,1,515,,,,,,372,801,112,359,,,255,29,,,,0,0,452,,,,95,,0,1024,,573,1460,,165,0,1,0,0,0,0,1013,483,0,0,6,1,,,0,0,0,0,0,25,39,4,,,,,,,,,,,,
2014-11-28,1607,1239,1085,835,446,1339,977,1169,2054,1568,681,89,287,84,85,100,124,120,245,,244,114,56,111,,123,,,,,0,1,516,,,,,,367,808,112,356,,,260,29,,,,0,0,451,,,,96,,0,1021,,594,1453,,165,0,1,0,0,0,0,1017,478,0,0,5,1,,,0,0,0,0,0,25,36,5,,,,,,,,,,,,
2014-12-05,1617,1239,1083,829,447,1328,964,1174,2044,1559,676,94,281,82,87,97,141,118,244,,246,111,57,110,,122,,,,,0,2,515,,,,,,368,816,112,361,,,262,28,,,,0,0,453,,,,94,,0,1017,,587,1453,,167,0,1,0,0,0,0,1016,490,0,0,5,1,,,0,0,0,0,1,25,34,4,,,,,,,,,,,,
2014-12-12,1628,1238,1081,825,449,1318,967,1173,2053,1559,671,99,269,82,88,95,133,117,247,,243,107,54,110,,121,,,,,0,1,516,,,,,,375,825,112,355,,,259,29,,,,0,0,452,,,,92,,0,1013,,614,1480,,165,0,1,0,0,0,0,1011,482,0,0,5,1,,,0,0,0,0,1,25,35,4,,,,,,,,,,,,
2014-12-19,1632,1248,1079,832,448,1320,983,1172,2044,1557,684,98,273,87,88,99,128,118,248,,239,109,51,111,,120,,,,,0,1,515,,,,,,374,826,112,364,,,249,28,,,,0,0,452,,,,94,,0,1012,,610,1495,,167,0,1,0,0,0,0,1002,474,0,0,5,1,,,0,0,0,0,1,25,33,5,,,,,,,,,,,,
2014-12-26,1625,1242,1078,828,449,1329,987,1175,2051,1546,678,98,284,87,87,98,127,116,248,,244,107,55,108,,122,,,,,0,1,510,,,,,,371,820,112,367,,,245,29,,,,0,0,452,,,,92,,0,1005,,589,1489,,164,0,1,0,0,0,0,1003,467,0,0,5,0,,,0,0,0,0,1,25,34,5,,,,,,,,,,,,
2015-01-02,1601,1239,1075,835,449,1322,989,1167,2045,1543,671,98,288,85,86,96,127,113,250,,239,109,53,107,,120,,,,,0,1,508,,,,,,371,811,112,369,,,248,29,,,,0,0,451,,,,90,,0,1012,,628,1494,,168,0,1,0,0,0,0,1004,463,0,0,5,0,,,0,0,0,0,0,25,32,5,,,,,,,,,,,,
2015-01-09,1627,1238,1071,825,442,1324,971,1177,2053,1552,664,99,276,82,88,100,141,113,244,,236,109,53,109,,117,,,,,0,1,510,,,,,,375,808,113,364,,,244,29,,,,0,0,451,,,,85,,0,1012,,655,1485,,162,0,1,0,0,0,0,1002,467,0,0,5,0,,,0,0,0,0,0,25,34,6,,,,,,,,,,,,
2015-01-16,1600,1236,1075,832,449,1319,972,1177,2046,1558,664,100,288,86,89,99,137,115,246,,242,107,55,107,,120,,,,,0,1,509,,,,,,371,807,112,372,,,250,29,,,,0,0,451,,,,86,,0,1012,,642,1481,,167,0,1,0,0,0,0,1001,480,0,0,5,0,,,0,0,0,0,0,22,36,7,,,,,,,,,,,,
2015-01-23,1582,1241,1072,832,449,1316,983,1178,2045,1553,665,99,289,77,89,102,137,114,255,,245,109,56,109,,120,,,,,0,1,516,,,,,,371,793,112,373,,,243,27,,,,0,0,450,,,,90,,0,1017,,625,1482,,163,0,1,0,0,0,0,1003,486,0,0,5,0,,,0,0,0,0,0,22,34,5,,,,,,,,,,,,
2015-01-30,1618,1243,1069,824,450,1321,975,1178,2055,1543,675,101,281,82,88,102,136,115,261,,244,111,56,111,,122,,,,,0,0,516,,,,,,374,802,110,373,,,243,26,,,,0,0,444,,,,88,,0,1019,,631,1469,,170,0,1,0,0,0,0,997,487,0,0,5,0,,,0,0,0,0,0,22,34,6,,,,,,,,,,,,
2015-02-06,1603,1244,1079,836,449,1314,964,1175,2043,1539,686,103,284,84,88,102,130,116,256,,248,111,53,111,,121,,,,,0,0,516,,,,,,375,808,107,373,,,240,26,,,,0,0,445,,,,91,,0,1025,,600,1488,,169,0,1,0,0,0,0,1011,488,0,0,5,0,,,0,0,0,0,0,22,34,6,,,,,,,,,,,,
2015-02-13,1583,1243,1078,833,450,1305,969,1175,2046,1535,686,105,283,86,90,100,123,119,261,,249,113,52,112,,117,,,,,0,0,514,,,,,,376,819,107,373,,,242,28,,,,0,0,446,,,,89,,0,1022,,627,1498,,164,0,1,0,0,0,0,1009,494,0,0,5,0,,,0,0,0,0,0,22,33,6,,,,,,,,,,,,
2015-02-20,1622,1241,1072,837,449,1310,952,1177,2041,1540,682,110,290,88,86,102,133,120,264,,248,112,54,109,,122,,,,,0,1,515,,,,,,378,827,106,371,,,249,29,,,,0,0,449,,,,88,,0,1019,,622,1496,,162,0,1,0,0,0,0,1013,493,0,0,4,0,,,0,0,0,0,0,22,33,6,,,,,,,,,,,,
2015-02-27,1619,1248,1067,832,449,1317,970,1170,2041,1542,675,100,289,86,85,102,131,119,264,,248,113,52,111,,122,,,,,0,1,515,,,,,,381,822,108,371,,,243,29,,,,0,0,449,,,,90,,0,1026,,605,1503,,153,0,1,0,0,0,0,1016,486,0,0,3,0,,,0,0,0,0,0,22,33,6,,,,,,,,,,,,
2015-03-06,1627,1249,1069,829,449,1319,969,1178,2055,1557,688,103,284,87,89,102,126,118,261,,247,115,54,107,,125,,,,,0,1,513,,,,,,383,821,110,355,,,247,28,,,,0,0,451,,,,91,,0,1026,,606,1501,,147,0,1,0,0,0,0,1024,493,0,0,3,0,,,0,0,0,0,0,22,34,4,,,,,,,,,,,,
2015-03-13,1601,1248,1063,829,450,1316,970,1177,2055,1552,684,109,279,88,87,102,119,119,263,,247,114,54,112,,125,,,,,0,1,515,,,,,,381,819,109,367,,,243,29,,,,0,0,455,,,,96,,0,1022,,593,1500,,159,0,1,0,0,0,0,1025,494,0,0,2,0,,,0,0,0,0,0,22,34,4,,,,,,,,,,,,
2015-03-20,1631,1249,1059,831,450,1325,959,1180,2042,1555,682,112,288,89,87,102,128,117,260,,248,113,53,112,,125,,,,,0,1,515,,,,,,384,819,109,375,,,231,29,,,,0,0,457,,,,97,,0,1019,,585,1508,,161,0,0,0,0,0,0,1017,487,0,0,2,0,,,0,0,0,0,0,22,33,6,,,,,,,,,,,,
2015-03-27,1620,1250,1061,830,450,1319,965,1181,2049,1559,677,112,282,90,89,102,125,117,265,,246,115,52,112,,123,,,,,0,1,516,,,,,,390,816,110,374,,,224,29,,,,0,0,460,,,,96,,0,1013,,624,1510,,167,0,0,0,0,0,0,1017,492,0,0,0,0,,,0,0,0,0,0,22,31,7,,,,,,,,,,,,
2015-04-03,1625,1250,1057,831,450,1326,969,1180,2055,1565,680,114,278,89,89,102,120,117,260,,248,114,56,110,,125,,,,,0,1,515,,,,,,389,830,109,374,,,221,29,,,,0,0,459,,,,96,,0,1014,,603,1503,,169,0,0,0,0,0,0,1016,492,0,0,0,0,,,0,0,0,0,0,22,30,6,,,,,,,,,,,,
2015-04-10,1642,1249,1055,830,450,1322,960,1183,2056,1570,682,104,289,87,89,102,128,119,259,,246,113,55,111,,125,,,,,0,3,517,,,,,,386,829,109,375,,,227,29,,,,0,0,458,,,,96,,0,1019,,576,1504,,164,0,0,1,0,0,0,1016,494,0,0,0,0,,,0,0,0,0,0,22,29,6,,,,,,,,,,,,
2015-04-17,1616,1248,1054,830,449,1314,962,1172,2045,1596,675,104,288,88,89,102,128,118,258,,248,111,57,112,,123,,,,,0,3,517,,,,,,386,832,109,373,,,226,29,,,,0,0,455,,,,96,,0,1023,,589,1511,,155,0,0,1,0,0,0,1017,493,0,0,0,0,,,0,0,0,0,0,22,28,6,,,,,,,,,,,,
2015-04-24,1600,1249,1050,829,449,1318,967,1182,2050,1616,680,112,288,89,88,100,128,120,265,,243,113,57,112,,123,,,,,0,4,516,,,,,,386,837,105,374,,,226,29,,,,0,0,454,,,,97,,0,1026,,599,1511,,151,0,0,1,0,0,0,1010,485,0,0,0,0,,,0,0,0,0,0,22,28,8,,,,,,,,,,,,
2015-05-01,1604,1249,1051,829,450,1319,958,1183,2046,1635,686,113,293,89,90,102,136,120,260,,248,113,57,107,,123,,,,,0,4,511,,,,,,375,852,102,374,,,231,29,,,,0,0,452,,,,97,,0,1026,,572,1493,,150,0,0,1,0,0,0,1010,492,0,0,0,0,,,0,0,0,0,0,24,27,8,,,,,,,,,,,,
2015-05-08,1612,1250,1049,824,447,1316,969,1183,2046,1635,676,113,284,87,85,102,122,118,261,,247,114,57,111,,124,,,,,0,4,516,,,,,,385,841,105,376,,,228,29,,,,0,0,447,,,,93,,0,1025,,580,1500,,148,0,0,1,0,0,0,1006,500,0,0,0,0,,,0,0,0,0,0,24,30,10,,,,,,,,,,,,
2015-05-15,1630,1244,1047,820,450,1318,972,1181,2054,1625,679,114,281,88,87,101,122,118,262,,247,115,58,112,,121,,,,,0,4,517,,,,,,383,859,109,376,,,236,28,,,,0,0,445,,,,96,,1,1022,,575,1499,,151,0,0,1,0,0,0,1006,504,0,0,0,0,,,0,0,0,0,0,24,30,8,,,,,,,,,,,,
2015-05-22,1617,1247,1041,819,450,1313,964,1183,2052,1631,684,114,285,90,85,102,133,119,264,,246,113,57,111,,120,,,,,0,4,513,,,,,,382,863,107,376,,,225,28,,,,0,0,441,,,,96,,1,1022,,589,1511,,151,0,0,1,0,0,0,1014,498,0,0,0,0,,,0,0,0,0,0,24,32,9,,,,,,,,,,,,
2015-05-29,1624,1247,1042,819,450,1304,963,1183,2049,1627,689,114,286,89,88,101,129,118,263,,243,113,54,112,,123,,,,,0,3,513,,,,,,377,875,107,376,,,232,28,,,,0,0,441,,,,98,,0,1028,,590,1511,,152,0,0,1,0,0,0,1016,501,0,0,0,0,,,0,0,0,0,0,24,30,9,,,,,,,,,,,,
2015-06-05,1621,1247,1041,809,450,1302,974,1183,2057,1620,688,113,290,90,89,102,124,119,266,,246,111,55,112,,122,,,,,0,3,516,,,,,,381,873,110,373,,,230,29,,,,0,0,438,,,,100,,0,1027,,581,1516,,156,0,0,1,0,0,0,1015,499,0,0,0,0,,,0,0,0,0,0,24,30,9,,,,,,,,,,,,
2015-06-12,1611,1246,1038,815,450,1308,972,1173,2052,1627,687,105,288,88,89,102,128,120,263,,250,112,55,111,,123,,,,,0,3,516,,,,,,373,884,110,364,,,227,29,,,,0,0,437,,,,98,,0,1024,,561,1528,,162,0,0,1,0,0,0,1013,498,0,0,0,0,,,0,0,0,0,0,24,29,9,,,,,,,,,,,,
2015-06-19,1640,1250,1039,826,450,1312,978,1173,2052,1611,688,103,288,88,87,102,123,119,264,,246,113,53,112,,124,,,,,0,3,515,,,,,,377,894,110,365,,,213,29,,,,0,0,438,,,,98,,0,1026,,554,1526,,166,0,0,1,0,0,2,1011,501,0,0,0,0,,,0,0,0,0,0,24,28,8,,,,,,,,,,,,
2015-06-26,1637,1247,1041,825,450,1308,981,1180,2052,1609,685,109,289,88,88,102,118,118,265,,246,115,53,112,,124,,,,,0,3,515,,,,,,382,892,109,377,,,220,29,,,,0,0,438,,,,93,,0,1028,,549,1534,,173,0,0,1,0,0,2,1010,496,0,0,0,0,,,0,0,0,0,0,24,27,8,,,,,,,,,,,,
2015-07-03,1615,1249,1038,830,447,1307,981,1181,2052,1609,690,113,285,89,88,100,118,116,263,,246,115,54,112,,122,,,,,0,2,516,,,,,,380,898,109,376,,,223,29,,,,0,0,438,,,,96,,1,1024,,574,1543,,174,0,0,1,0,0,2,1007,504,0,0,0,0,,,0,0,0,0,0,24,28,8,,,,,,,,,,,,
2015-07-10,1625,1247,1032,828,448,1295,961,1183,2053,1619,694,114,285,88,88,101,131,119,257,,246,114,54,111,,124,,,,,0,2,514,,,,,,376,897,112,367,,,217,29,,,,0,0,441,,,,94,,1,1019,,572,1538,,172,0,0,1,0,0,2,1020,497,0,0,0,0,,,0,0,0,0,0,24,27,9,,,,,,,,,,,,
2015-07-17,1614,1247,1030,828,450,1303,969,1180,2044,1620,687,114,279,89,88,101,128,119,264,,245,115,54,113,,125,,,,,0,2,511,,,,,,379,896,110,371,,,217,28,,,,0,0,439,,,,93,,1,1020,,562,1537,,173,0,0,1,0,0,2,1023,503,0,0,0,0,,,0,0,0,0,0,24,28,10,,,,,,,,,,,,
2015-07-24,1617,1245,1029,825,448,1307,978,1180,2026,1619,680,110,280,90,89,101,123,120,268,,244,116,54,115,,122,,,,,0,2,516,,,,,,378,898,109,367,,,223,29,,,,0,2,436,,,,90,,1,1017,,584,1543,,170,0,0,1,0,0,2,1027,504,0,0,0,0,,,0,0,0,0,0,24,27,8,,,,,,,,,,,,
2015-07-31,1636,1246,1028,820,449,1321,980,1183,2035,1617,691,99,283,86,88,103,115,119,260,,247,120,54,117,,120,,,,,0,2,512,,,,,,379,897,112,373,,,224,29,,,,0,1,437,,,,91,,1,1018,,582,1537,,171,0,0,1,0,0,2,1026,503,0,0,1,0,,,0,0,0,0,0,24,27,11,,,,,,,,,,,,
2015-08-07,1638,1248,1024,832,449,1324,977,1182,2025,1614,687,93,288,87,90,105,105,118,267,,247,120,56,119,,123,,,,,0,2,515,,,,,,382,897,110,375,,,232,29,,,,0,0,437,,,,92,,1,1023,,588,1533,,172,0,0,1,0,0,1,1026,499,0,1,0,0,,,0,0,0,0,0,24,28,11,,,,,,,,,,,,
2015-08-14,1626,1245,1033,828,449,1321,959,1181,2029,1608,686,102,291,89,92,107,126,120,266,,247,120,56,118,,123,,,,,0,2,513,,,,,,385,891,108,376,,,226,28,,,,0,0,433,,,,94,,1,1026,,577,1533,,176,0,0,1,0,0,1,1022,502,0,1,0,0,,,0,0,0,0,0,24,27,9,,,,,,,,,,,,
2015-08-21,1641,1247,1032,823,448,1310,968,1181,2027,1605,687,106,289,90,91,107,119,118,268,,249,119,57,119,,124,,,,,0,2,516,,,,,,383,885,109,376,,,232,28,,,,0,0,432,,,,94,,1,1026,,555,1531,,169,0,0,1,0,0,1,1024,499,0,1,0,0,,,0,0,0,0,0,24,27,9,,,,,,,,,,,,
2015-08-28,1616,1246,1035,830,450,1315,965,1180,2024,1605,684,113,288,89,90,105,129,118,268,,248,119,55,119,,124,,,,,0,2,513,,,,,,385,900,108,376,,,229,29,,,,0,0,430,,,,94,,1,1024,,592,1548,,171,0,0,1,0,0,1,1025,488,0,1,0,0,,,0,0,0,0,0,23,27,6,,,,,,,,,,,,
2015-09-04,1618,1245,1037,828,448,1310,978,1181,2021,1612,685,113,281,90,93,106,124,119,265,,249,117,57,119,,124,,,,,0,2,516,,,,,,383,903,109,376,,,227,29,,,,0,0,429,,,,93,,1,1022,,577,1548,,170,0,0,1,0,0,1,1026,495,0,1,0,0,,,0,0,0,0,0,24,28,6,,,,,,,,,,,,
2015-09-11,1597,1249,1041,825,449,1317,971,1176,2021,1614,681,112,282,89,92,106,118,115,266,,249,117,57,119,,126,,,,,0,2,516,,,,,,380,899,111,377,,,231,29,,,,0,0,421,,,,98,,1,1025,,560,1549,,168,0,0,1,0,0,1,1026,496,0,0,0,0,,,0,0,0,0,0,25,25,6,,,,,,,,,,,,
2015-09-18,1622,1248,1048,829,448,1315,976,1181,2030,1624,683,113,286,88,92,103,114,118,265,,249,118,57,118,,123,,,,,0,3,515,,,,,,381,899,110,360,,,237,29,,,,0,0,421,,,,95,,1,1025,,579,1550,,168,0,0,1,0,0,1,1025,499,0,0,0,0,,,0,0,0,0,0,25,26,5,,,,,,,,,,,,
2015-09-25,1595,1249,1048,829,449,1317,969,1177,2044,1621,683,113,284,90,93,103,124,115,267,,248,120,58,117,,123,,,,,0,3,515,,,,,,386,903,106,373,,,238,29,,,,0,0,415,,,,97,,1,1025,,571,1553,,171,0,0,1,0,0,0,1025,502,0,0,0,0,,,0,0,0,0,0,25,24,7,,,,,,,,,,,,
2015-10-02,1624,1246,1053,830,449,1309,985,1182,2040,1625,687,113,291,90,92,102,112,118,267,,247,118,58,118,,125,,,,,0,2,516,,,,,,385,900,102,375,,,237,27,,,,0,0,416,,,,95,,1,1025,,588,1550,,169,0,0,0,0,0,0,1025,501,0,0,0,0,,,0,0,0,0,0,25,27,5,,,,,,,,,,,,
2015-10-09,1645,1248,1056,829,449,1309,984,1183,2044,1637,687,114,283,90,91,105,110,119,267,,248,119,57,117,,123,,,,,0,2,516,,,,,,382,897,101,375,,,230,29,,,,0,0,416,,,,96,,1,1026,,601,1554,,171,0,0,0,0,0,0,1030,502,0,0,0,0,,,0,0,0,0,0,25,30,6,,,,,,,,,,,,
2015-10-16,1615,1249,1056,828,449,1297,982,1183,2060,1627,689,114,281,97,91,107,106,119,266,,245,120,58,117,,129,,,,,0,3,516,,,,,,384,901,104,374,,,230,29,,,,0,0,417,,,,96,,1,1019,,607,1567,,167,0,0,0,0,0,0,1032,491,0,0,0,0,,,0,0,0,0,0,25,30,6,,,,,,,,,,,,
2015-10-23,1609,1248,1058,828,449,1313,979,1184,2051,1622,688,114,284,92,91,106,119,118,265,,250,117,54,117,,130,,,,,0,3,516,,,,,,383,898,105,376,,,232,29,,,,0,0,418,,,,93,,1,1017,,575,1563,,166,0,0,0,0,0,0,1033,500,0,0,1,0,,,0,0,0,0,0,25,30,7,,,,,,,,,,,,
2015-10-30,1634,1248,1056,828,449,1316,982,1183,2052,1622,687,114,285,93,93,105,117,120,268,,250,116,56,119,,129,,,,,0,3,517,,,,,,381,904,105,376,,,230,29,,,,0,0,416,,,,92,,1,1017,,585,1563,,167,0,0,0,0,0,0,1028,489,0,0,1,0,,,0,0,0,0,0,27,33,8,,,,,,,,,,,,
2015-11-06,1630,1248,1054,829,449,1322,967,1182,2044,1633,704,111,293,95,92,104,127,118,267,,250,118,58,119,,126,,,,,0,3,516,,,,,,377,909,107,371,,,229,29,,,,0,0,417,,,,92,,1,1015,,616,1571,,166,0,0,0,0,0,0,1036,485,0,0,1,0,,,0,0,0,0,0,27,34,7,,,,,,,,,,,,
2015-11-13,1644,1249,1054,826,449,1316,972,1184,2040,1643,697,104,288,95,93,104,122,115,266,,245,120,58,118,,128,,,,,0,2,515,,,,,,373,903,110,365,,,230,29,,,,0,0,419,,,,93,,1,1008,,619,1569,,161,0,0,0,0,0,0,1034,483,0,0,1,0,,,0,0,0,0,0,27,34,7,,,,,,,,,,,,
2015-11-20,1632,1264,1055,825,449,1319,974,1184,2055,1633,686,106,290,93,88,104,121,120,263,,250,117,56,118,,129,,,,,0,2,513,,,,,,376,890,112,360,,,228,28,,,,0,0,417,,,,93,,1,1010,,572,1570,,161,0,0,0,0,0,0,1039,491,0,0,1,0,,,0,0,0,0,0,27,34,7,,,,,,,,,,,,
2015-11-27,1624,1262,1059,828,446,1326,980,1176,2068,1622,685,95,288,94,83,105,118,120,261,,244,117,56,118,,129,,,,,0,2,515,,,,,,376,882,112,348,,,227,29,,,,0,0,416,,,,91,,1,1018,,542,1571,,170,0,0,0,0,0,0,1037,474,0,0,1,0,,,0,0,0,0,0,27,35,8,,,,,,,,,,,,
2015-12-04,1621,1258,1063,824,450,1323,982,1177,2064,1629,685,97,277,94,80,104,119,116,259,,246,118,53,119,,128,,,,,0,2,517,,,,,,373,867,111,361,,,228,29,,,,0,0,415,,,,88,,0,1016,,597,1577,,167,0,0,0,0,0,0,1033,484,0,0,1,0,,,0,0,0,0,0,27,36,7,,,,,,,,,,,,
2015-12-11,1603,1257,1062,821,450,1321,989,1179,2064,1637,688,99,274,90,75,103,117,115,256,,249,117,53,118,,130,,,,,0,2,515,,,,,,375,863,112,372,,,232,29,,,,0,0,418,,,,92,,0,1015,,609,1573,,164,0,0,0,0,0,0,1028,480,0,0,1,0,,,0,7,0,0,0,27,38,6,,,,,,,,,,,,
2015-12-18,1604,1260,1057,823,450,1325,988,1180,2063,1637,690,107,275,92,80,105,125,118,266,,247,121,56,119,,126,,,,,0,2,515,,,,,,373,871,110,372,,,230,28,,,,0,0,420,,,,90,,0,1022,,593,1567,,166,0,0,0,0,0,0,1027,466,0,0,1,0,,,0,12,7,0,0,28,36,5,,,,,,,,,,,,
2015-12-25,1612,1264,1050,826,443,1331,987,1177,2063,1627,692,111,291,93,85,104,121,116,266,,243,119,58,119,,129,,,,,0,2,515,,,,,,375,870,111,347,,,223,29,,,,0,0,421,,,,88,,0,1019,,639,1568,,161,0,0,0,0,0,0,1025,467,0,0,1,0,,,0,12,7,0,0,28,35,5,,,,,,,,,,,,
2016-01-01,1617,1264,1050,829,446,1320,991,1176,2077,1620,691,113,292,92,85,102,120,114,264,,246,117,58,117,,130,,,,,0,2,516,,,,,,374,869,110,340,,,226,29,,,,0,0,420,,,,90,,0,1020,,622,1562,,162,0,0,0,0,0,0,1021,465,0,1,1,0,,,0,16,7,0,0,28,35,6,,,,,,,,,,,,
2016-01-08,1633,1262,1043,829,445,1330,982,1183,2067,1618,685,112,291,86,83,105,130,114,259,,247,114,55,115,,126,,,,,0,2,507,,,,,,376,872,109,354,,,218,29,,,,0,0,423,,,,90,,0,1017,,605,1567,,164,0,0,0,0,0,0,1020,468,0,1,1,0,,,0,16,7,0,0,28,35,5,,,,,,,,,,,,
2016-01-15,1619,1262,1044,824,444,1326,981,1182,2072,1619,687,112,282,84,85,105,125,119,257,,247,111,56,117,,127,,,,,0,2,505,,,,,,379,874,112,363,,,219,29,,,,0,0,425,,,,91,,0,1018,,644,1558,,166,0,0,0,0,0,0,1017,469,0,1,1,0,,,0,16,11,0,0,28,35,4,,,,,,,,,,,,
2016-01-22,1626,1263,1044,819,446,1332,978,1182,2075,1621,682,112,280,81,85,102,119,115,261,,250,113,54,116,,126,,,,,0,2,515,,,,,,386,865,111,373,,,218,29,,,,0,0,431,,,,92,,0,1019,,656,1554,,165,0,0,0,0,0,0,1010,472,0,0,1,0,,,0,18,11,0,0,28,36,4,,,,,,,,,,,,
2016-01-29,1630,1259,1046,823,447,1331,984,1184,2070,1619,688,114,283,84,84,101,116,117,257,,248,116,55,118,,127,,,,,0,2,509,,,,,,387,871,110,375,,,214,29,,,,0,0,431,,,,92,,0,1022,,623,1558,,169,0,0,0,0,0,0,1022,465,0,0,1,0,,,0,18,11,0,0,29,35,3,,,,,,,,,,,,
2016-02-05,1619,1262,1041,825,450,1323,987,1182,2077,1660,687,114,286,84,84,101,115,119,259,,250,117,56,119,,125,,,,,0,3,508,,,,,,388,866,111,374,,,208,29,,,,0,0,431,,,,90,,0,1016,,634,1553,,148,0,0,0,0,0,0,1023,462,0,0,1,0,,,0,17,11,0,0,29,34,3,,,,,,,,,,,,
2016-02-12,1617,1261,1042,818,450,1327,986,1182,2072,1657,687,114,286,82,85,101,128,119,266,,248,120,55,116,,126,,,,,0,3,508,,,,,,389,856,112,370,,,210,29,,,,0,0,432,,,,90,,0,1012,,633,1551,,149,0,0,0,1,0,0,1024,474,0,0,1,0,,,0,17,11,0,0,29,33,2,,,,,,,,,,,,
2016-02-19,1605,1258,1042,819,450,1336,988,1184,2068,1674,688,114,285,82,84,102,124,119,266,,248,113,57,118,,128,,,,,0,3,508,,,,,,388,871,111,370,,,200,29,,,,0,0,430,,,,93,,0,1015,,617,1555,,148,0,0,0,1,0,0,1033,479,0,0,1,0,,,0,17,11,0,0,29,32,2,,,,,,,,,,,,
2016-02-26,1621,1251,1046,819,450,1330,981,1184,2060,1661,688,110,282,86,85,102,128,117,266,,250,118,57,119,,128,,,,,0,3,511,,,,,,385,871,100,375,,,204,30,,,,0,0,428,,,,93,,0,1014,,612,1551,,146,0,0,0,1,0,0,1033,486,0,0,0,0,,,0,19,11,0,0,30,31,2,,,,,,,,,,,,
2016-03-04,1609,1252,1044,825,450,1333,986,1184,2070,1655,696,100,282,87,88,99,123,117,262,,247,116,57,118,,129,,,,,0,3,510,,,,,,379,873,103,370,,,203,29,,,,0,0,425,,,,93,,0,1018,,552,1564,,146,0,0,0,1,0,0,1031,480,0,0,0,0,,,0,24,11,0,0,30,31,2,,,,,,,,,,,,
2016-03-11,1611,1253,1051,828,450,1330,983,1184,2062,1671,696,107,277,84,84,102,114,112,265,,247,113,58,112,,128,,,,,0,4,510,,,,,,374,867,105,369,,,204,29,,,,0,0,426,,,,93,,0,1019,,585,1562,,144,0,0,0,0,0,0,1034,487,0,0,0,0,,,0,24,11,0,0,30,28,2,,,,,,,,,,,,
2016-03-18,1624,1257,1052,824,450,1322,977,1181,2057,1670,695,110,269,85,87,102,123,117,265,,248,113,58,112,,125,,,,,0,3,511,,,,,,376,871,107,366,,,202,29,,,,0,0,427,,,,91,,0,1022,,610,1552,,144,0,0,0,0,0,0,1036,495,0,0,0,0,,,0,24,11,0,0,30,27,2,,,,,,,,,,,,
2016-03-25,1622,1256,1056,826,450,1319,981,1184,2055,1667,692,103,277,87,89,98,121,115,261,,246,115,56,113,,129,,,,,0,3,508,,,,,,386,872,106,365,,,198,30,,,,0,0,422,,,,94,,0,1023,,595,1575,,140,0,0,0,0,0,0,1032,499,0,0,0,0,,,0,25,11,0,0,30,26,2,,,,,,,,,,,,
2016-04-01,1614,1260,1063,828,450,1315,987,1184,2049,1659,689,101,281,91,91,100,117,115,265,,246,114,55,115,,129,,,,,0,3,511,,,,,,386,884,103,365,,,201,30,,,,0,1,419,,,,97,,0,1021,,605,1575,,138,0,0,0,0,0,0,1041,504,0,0,0,0,,,0,25,11,0,0,30,25,1,,,,,,,,,,,,
2016-04-08,1604,1256,1055,826,449,1321,989,1183,2056,1667,682,109,276,88,90,103,113,116,256,,246,117,57,114,,130,,,,,0,4,513,,,,,,386,885,103,357,,,194,30,,,,0,1,414,,,,96,,0,1015,,595,1572,,144,0,0,0,0,0,0,1033,497,0,0,0,0,,,0,25,11,0,0,30,25,2,,,,,,,,,,,,
2016-04-15,1590,1261,1059,819,449,1315,984,1180,2053,1671,686,110,276,87,90,106,112,116,262,,249,115,57,118,,127,,,,,0,4,515,,,,,,386,880,111,363,,,197,30,,,,0,1,415,,,,93,,0,1013,,568,1568,,142,0,0,0,0,0,0,1030,501,0,2,0,0,,,0,24,15,0,0,30,24,4,,,,,,,,,,,,
2016-04-22,1626,1254,1064,824,450,1324,980,1182,2050,1670,690,112,283,86,90,105,107,114,259,,247,116,57,118,,128,,,,,0,4,516,,,,,,384,882,109,363,,,188,29,,,,0,1,416,,,,97,,0,1020,,606,1572,,143,0,0,0,0,0,0,1025,495,0,2,0,0,,,0,23,15,0,0,30,25,2,,,,,,,,,,,,
2016-04-29,1624,1252,1068,826,450,1326,960,1182,2052,1684,691,114,278,91,93,105,122,116,266,,246,114,56,118,,127,,,,,0,4,516,,,,,,382,879,108,363,,,184,29,,,,0,0,417,,,,97,,0,1020,,597,1573,,144,0,0,0,0,0,0,1028,488,0,2,0,0,,,0,23,15,0,0,29,25,4,,,,,,,,,,,,
2016-05-06,1601,1249,1070,829,450,1329,970,1181,2049,1685,694,113,286,93,92,103,116,118,265,,248,117,59,116,,128,,,,,0,4,516,,,,,,382,874,108,367,,,185,29,,,,0,0,410,,,,92,,0,1019,,574,1573,,144,0,0,0,0,0,0,1023,490,0,1,0,0,,,0,23,14,0,0,29,27,3,,,,,,,,,,,,
2016-05-13,1626,1244,1072,829,448,1336,961,1181,2062,1683,692,113,274,95,92,101,114,119,263,,248,116,58,115,,129,,,,,0,4,514,,,,,,382,872,108,374,,,182,29,,,,0,0,409,,,,96,,0,1018,,564,1570,,144,0,0,0,0,0,0,1021,490,0,1,0,0,,,0,22,14,0,0,29,27,3,,,,,,,,,,,,
2016-05-20,1626,1246,1071,832,449,1339,978,1177,2059,1694,692,114,277,94,86,101,107,120,263,,249,117,60,114,,129,,,,,0,5,512,,,,,,374,876,108,376,,,176,29,,,,0,0,407,,,,94,,0,1018,,587,1575,,146,0,0,0,0,0,0,1021,485,0,1,1,0,,,0,21,14,0,0,29,25,2,,,,,,,,,,,,
2016-05-27,1629,1240,1073,830,449,1341,981,1182,2066,1699,691,113,283,93,87,98,106,117,263,,249,115,60,114,,130,,,,,0,5,515,,,,,,375,880,107,381,,,173,28,,,,0,0,409,,,,94,,0,1018,,582,1568,,149,0,0,0,0,0,0,1026,500,0,1,1,1,,,0,23,14,0,0,29,22,2,,,,,,,,,,,,
2016-06-03,1631,1236,1070,830,449,1334,970,1181,2067,1694,694,105,286,94,87,98,115,119,265,,250,116,59,113,,128,,,,,0,4,514,,,,,,376,882,107,383,,,171,26,,,,0,0,414,,,,94,,0,1022,,578,1571,,148,0,0,0,0,0,0,1025,500,0,1,1,1,,,0,23,14,0,0,29,20,3,,,,,,,,,,,,
2016-06-10,1625,1236,1079,830,449,1333,986,1181,2064,1684,695,104,290,94,89,102,112,118,268,,249,116,58,116,,130,,,,,0,4,514,,,,,,375,881,104,373,,,167,27,,,,0,11,415,,,,93,,0,1019,,543,1574,,149,0,0,2,0,0,0,1025,492,0,0,2,1,,,0,22,14,0,0,29,20,4,,,,,,,,,,,,
2016-06-17,1628,1227,1079,829,447,1323,977,1177,2056,1687,691,109,294,91,85,100,112,120,269,,250,116,59,113,,129,,,,,0,4,516,,,,,,372,872,102,384,,,169,28,,,,0,19,417,,,,89,,0,1021,,596,1568,,147,0,0,2,0,0,0,1033,498,0,0,2,1,,,0,20,14,0,0,29,18,4,,,,,,,,,,,,
2016-06-24,1624,1231,1084,830,450,1325,980,1177,2051,1696,694,107,291,95,88,101,107,119,268,,250,113,59,118,,130,,,,,0,4,515,,,,,,372,871,100,389,,,167,28,,,,0,27,416,,,,88,,0,1018,,590,1574,,150,0,0,2,0,0,0,1037,495,0,0,2,1,,,0,19,13,0,0,29,17,4,,,,,,,,,,,,
2016-07-01,1634,1229,1083,829,450,1326,983,1181,2065,1689,691,103,280,93,89,104,99,120,269,,249,114,58,118,,130,,,,,0,4,515,,,,,,376,882,100,392,,,162,28,,,,0,41,412,,,,91,,0,1018,,605,1573,,149,0,0,1,1,0,0,1036,488,0,0,2,1,,,0,21,13,0,0,29,16,6,,,,,,,,,,,,
2016-07-08,1631,1233,1081,828,450,1328,981,1181,2063,1695,693,101,287,94,91,102,97,120,268,,249,114,58,119,,129,,,,,0,3,516,,,,,,376,882,100,397,,,163,29,,,,0,50,411,,,,88,,0,1018,,596,1566,,148,0,0,0,0,0,0,1033,490,0,0,2,1,,,0,21,13,0,0,29,15,6,,,,,,,,,,,,
2016-07-15,1642,1226,1081,831,449,1330,969,1170,2064,1682,686,107,284,88,89,101,106,118,267,,243,117,59,118,,129,,,,,0,3,517,,,,,,376,886,101,385,,,161,30,,,,0,58,412,,,,85,,0,1022,,586,1573,,149,0,0,0,0,0,0,1027,505,0,0,2,1,,,0,24,13,0,0,29,15,7,,,,,,,,,,,,
2016-07-22,1635,1224,1086,830,450,1336,978,1180,2062,1694,691,101,285,93,92,102,97,119,264,,245,114,59,116,,124,,,,,0,3,515,,,,,,381,882,102,383,,,159,30,,,,0,66,415,,,,88,,0,1019,,564,1558,,145,0,0,0,0,0,0,1026,505,0,0,1,1,,,0,23,12,0,0,29,18,6,,,,,,,,,,,,
2016-07-29,1639,1220,1083,832,450,1344,986,1184,2062,1696,689,100,278,92,83,102,90,118,266,,248,112,58,118,,128,,,,,0,3,515,,,,,,384,873,93,388,,,156,29,,,,0,73,412,,,,89,,0,1023,,591,1566,,148,0,0,0,0,0,0,1032,500,0,0,1,1,,,0,22,11,0,0,29,18,7,,,,,,,,,,,,
2016-08-05,1636,1223,1086,831,448,1351,972,1180,2062,1692,686,111,280,93,85,104,105,118,264,,250,109,59,116,,125,,,,,0,3,516,,,,,,384,879,89,392,,,148,28,,,,0,73,414,,,,86,,0,1023,,614,1570,,146,0,0,0,0,0,0,1036,498,0,0,1,1,,,0,23,11,0,0,28,18,5,,,,,,,,,,,,
2016-08-12,1628,1228,1084,830,450,1342,971,1181,2067,1691,680,111,272,95,84,105,103,118,264,,246,110,60,118,,128,,,,,0,3,514,,,,,,378,879,90,396,,,143,26,,,,0,78,415,,,,92,,0,1025,,574,1573,,145,0,0,0,0,0,0,1029,496,0,0,1,1,,,0,22,11,0,0,28,18,4,,,,,,,,,,,,
2016-08-19,1621,1236,1085,825,449,1350,972,1173,2071,1691,688,112,276,94,87,102,109,118,254,,248,111,56,119,,127,,,,,0,3,516,,,,,,377,885,90,406,,,136,26,,,,0,78,413,,,,90,,0,1022,,607,1573,,145,0,0,0,0,0,0,1035,488,0,0,1,1,,,0,22,14,0,0,28,19,5,,,,,,,,,,,,
2016-08-26,1638,1229,1088,829,449,1347,976,1180,2064,1687,689,113,275,94,89,102,100,115,258,,248,114,58,117,,124,,,,,0,2,514,,,,,,377,884,93,410,,,139,29,,,,0,78,415,,,,89,,0,1021,,608,1577,,145,0,0,0,0,0,0,1040,488,0,0,1,1,,,0,20,13,0,0,28,20,5,,,,,,,,,,,,
2016-09-02,1622,1230,1085,830,450,1351,977,1179,2063,1689,691,113,279,90,92,103,93,120,260,,249,114,58,116,,127,,,,,0,2,514,,,,,,383,882,95,426,,,143,29,,,,0,83,418,,,,89,,0,1019,,612,1574,,144,0,0,0,0,0,0,1038,493,0,0,1,1,,,0,23,13,0,0,28,20,2,,,,,,,,,,,,
2016-09-09,1625,1228,1081,826,450,1349,969,1180,2060,1689,694,113,283,90,90,106,101,118,262,,244,111,57,118,,126,,,,,0,2,509,,,,,,384,875,94,431,,,141,27,,,,0,87,421,,,,90,,0,1018,,600,1573,,141,0,0,0,0,0,1,1035,491,0,1,1,1,,,0,23,13,0,0,28,18,6,,,,,,,,,,,,
2016-09-16,1599,1236,1081,831,449,1352,978,1183,2065,1687,687,113,288,90,91,106,98,120,264,,244,108,59,118,,129,,,,,0,1,504,,,,,,377,853,97,448,,,137,27,,,,0,91,420,,,,89,,0,1013,,567,1573,,147,0,0,0,0,0,1,1029,487,0,1,1,1,,,0,24,13,0,0,28,18,8,,,,,,,,,,,,
2016-09-23,1626,1238,1083,831,450,1332,984,1181,2068,1684,692,113,294,89,92,104,96,117,259,,247,107,58,118,,129,,,,,0,1,510,,,,,,379,858,95,448,,,140,29,,,,0,94,424,,,,93,,0,1013,,584,1574,,146,0,0,0,0,0,1,1037,483,0,0,0,1,,,0,23,12,0,0,28,20,5,,,,,,,,,,,,
2016-09-30,1633,1263,1086,826,450,1302,985,1181,2067,1677,681,104,290,92,90,104,89,117,264,,246,105,57,119,,127,,,,,0,1,512,,,,,,374,864,98,449,,,150,29,,,,0,94,421,,,,90,,0,1013,,589,1575,,144,0,0,0,0,0,1,1045,489,0,0,0,1,,,0,21,11,0,0,28,19,7,,,,,,,,,,,,
2016-10-07,1628,1261,1092,830,448,1301,989,1178,2064,1682,692,104,283,92,92,104,85,117,259,,249,107,57,118,,126,,,,,0,0,511,,,,,,371,873,96,443,,,148,27,,,,0,98,429,,,,92,,0,1013,,588,1575,,145,0,0,0,0,0,0,1044,485,0,0,0,1,,,0,22,11,0,0,28,18,7,,,,,,,,,,,,
2016-10-14,1621,1267,1089,826,449,1300,980,1180,2060,1693,691,112,277,93,92,101,78,113,257,,249,110,58,118,,125,,,,,0,0,511,,,,,,371,864,102,443,,,146,29,,,,0,98,429,,,,88,,0,1014,,588,1573,,145,0,0,0,0,0,0,1040,481,0,0,0,1,,,0,25,11,0,0,29,17,7,,,,,,,,,,,,
2016-10-21,1638,1256,1091,830,447,1311,961,1176,2060,1694,694,106,274,94,89,99,94,117,256,,250,111,56,111,,124,,,,,0,0,512,,,,,,369,863,102,436,,,141,29,,,,0,100,433,,,,88,,0,1010,,551,1577,,144,0,0,0,0,0,0,1043,488,0,0,0,1,,,0,23,10,0,0,29,19,7,,,,,,,,,,,,
2016-10-28,1640,1261,1088,832,449,1330,970,1181,2063,1698,693,99,271,89,90,96,101,116,261,,245,111,60,107,,122,,,,,0,0,512,,,,,,369,848,107,452,,,149,26,,,,0,100,436,,,,95,,0,1011,,529,1575,,147,0,0,0,0,0,0,1041,490,0,0,0,1,,,0,24,9,0,0,29,20,6,,,,,,,,,,,,
2016-11-04,1678,1265,1094,833,446,1331,977,1180,2056,1691,687,104,274,90,87,99,95,118,263,,243,110,57,109,,127,,,,,0,0,511,,,,,,370,858,107,454,,,150,28,,,,0,100,442,,,,94,,0,1014,,570,1576,,114,0,0,0,0,0,0,1039,498,0,0,0,1,,,0,25,7,0,0,29,22,6,,,,,,,,,,,,
2016-11-11,1664,1263,1093,829,446,1330,968,1169,2054,1685,681,109,284,85,89,100,100,118,263,,248,104,58,111,,127,,,,,0,0,516,,,,,,371,856,110,460,,,153,28,,,,0,100,445,,,,97,,0,1013,,592,1575,,149,0,0,0,0,0,0,1035,485,0,0,5,1,,,0,23,13,0,0,29,21,6,,,,,,,,,,,,
2016-11-18,1659,1264,1098,838,447,1345,970,1180,2052,1693,685,101,283,84,93,101,97,118,267,,245,106,57,113,,127,,,,,0,0,514,,,,,,376,856,109,456,,,151,29,,,,0,100,446,,,,94,,0,1008,,611,1574,,142,0,0,0,0,0,0,1038,477,0,0,9,1,,,0,25,13,0,0,29,22,4,,,,,,,,,,,,
2016-11-25,1640,1264,1089,826,445,1338,981,1176,2057,1693,688,103,285,86,92,103,91,117,265,,240,110,56,114,,129,,,,,0,1,512,,,,,,379,856,109,444,,,145,29,,,,0,100,440,,,,97,,0,1005,,618,1567,,146,0,0,0,0,0,1,1032,475,0,0,23,1,,,0,25,15,0,0,29,21,4,,,,,,,,,,,,
2016-12-02,1658,1261,1091,827,450,1336,983,1175,2053,1693,683,101,284,86,91,98,85,119,259,,240,118,56,113,,128,,,,,0,1,506,,,,,,379,845,110,450,,,144,27,,,,8,100,441,,,,97,,0,1010,,626,1566,,145,0,0,0,0,0,1,1023,463,0,0,23,1,,,0,25,12,0,0,29,20,3,,,,,,,,,,,,
2016-12-09,1638,1261,1090,825,449,1339,990,1179,2051,1693,689,108,284,91,88,99,80,115,259,,248,116,59,113,,127,,,,,0,1,515,,,,,,377,845,109,453,,,146,29,,,,12,100,442,,,,93,,0,1008,,627,1562,,147,0,0,0,0,0,1,1036,469,0,0,25,1,,,0,25,12,0,0,29,21,3,,,,,,,,,,,,
2016-12-16,1641,1257,1092,827,449,1335,974,1180,2050,1694,694,116,284,89,87,98,98,114,250,,246,117,58,111,,124,,,,,0,2,516,,,,,,376,852,110,441,,,142,28,,,,20,100,443,,,,95,,1,1011,,621,1578,,143,0,0,0,0,0,1,1025,474,0,0,25,1,,,0,25,12,0,0,29,22,3,,,,,,,,,,,,
2016-12-23,1623,1255,1090,829,449,1348,984,1181,2049,1697,703,117,287,91,86,101,93,117,253,,245,116,59,107,,125,,,,,0,2,515,,,,,,375,853,110,442,,,143,29,,,,25,99,443,,,,90,,1,1009,,585,1576,,142,0,0,0,0,0,1,1024,476,0,0,25,0,,,0,24,12,0,0,29,23,3,,,,,,,,,,,,
2016-12-30,1646,1260,1087,831,450,1350,984,1181,2046,1692,704,117,289,85,84,99,89,117,250,,249,117,57,105,,124,,,,,0,1,514,,,,,,377,850,108,439,,,145,29,,,,25,99,442,,,,88,,1,1008,,609,1573,,141,0,0,0,0,0,1,1028,471,0,0,25,0,,,0,24,12,0,0,29,23,3,,,,,,,,,,,,
2017-01-06,1662,1257,1087,826,446,1347,980,1179,2038,1687,706,118,285,85,84,100,89,117,258,,248,116,56,113,,123,,,,,0,1,511,,,,,,375,841,102,451,,,148,28,,,,25,99,445,,,,89,,1,1011,,604,1575,,141,0,0,0,0,0,1,1034,468,0,0,25,0,,,0,23,12,0,0,29,24,3,,,,,,,,,,,,
2017-01-13,1658,1252,1086,827,445,1343,985,1175,2040,1693,695,118,290,84,84,98,87,118,255,,245,114,55,114,,126,,,,,0,1,509,,,,,,377,836,102,462,,,146,29,,,,25,100,442,,,,92,,1,1012,,628,1576,,142,0,0,0,0,0,1,1033,467,0,0,25,0,,,0,23,11,0,0,29,23,2,,,,,,,,,,,,
2017-01-20,1643,1260,1084,830,444,1350,973,1171,2045,1700,689,112,278,88,82,98,96,116,255,,241,114,52,117,,126,,,,,0,1,514,,,,,,376,840,100,462,,,151,29,,,,25,100,443,,,,91,,0,1018,,615,1568,,142,0,0,0,0,0,1,1033,474,0,0,24,0,,,0,25,11,0,0,29,22,2,,,,,,,,,,,,
2017-01-27,1664,1258,1084,828,442,1342,979,1179,2064,1698,693,108,276,88,79,97,90,116,253,,241,115,56,114,,124,,,,,0,1,516,,,,,,371,844,101,452,,,153,29,,,,25,100,447,,,,91,,0,1022,,594,1572,,145,0,0,0,0,0,1,1031,472,0,0,24,0,,,0,27,10,0,0,30,21,5,,,,,,,,,,,,
2017-02-03,1658,1257,1088,832,448,1343,987,1181,2059,1692,694,116,284,86,81,100,91,114,251,,247,116,56,117,,126,,,,,0,1,516,,,,,,373,845,100,469,,,157,29,,,,25,100,446,,,,92,,0,1021,,605,1570,,148,0,0,0,0,0,1,1028,474,0,0,24,0,,,0,28,10,0,0,29,22,2,,,,,,,,,,,,
2017-02-10,1646,1256,1092,832,449,1351,978,1180,2058,1690,704,118,284,85,81,99,102,114,249,,247,117,54,117,,126,,,,,0,1,516,,,,,,373,850,100,467,,,155,29,,,,17,100,443,,,,91,,0,1024,,626,1570,,146,0,0,0,0,0,1,1030,478,0,2,24,0,,,0,30,10,0,0,28,22,3,,,,,,,,,,,,
2017-02-17,1643,1263,1087,829,449,1352,979,1174,2061,1692,692,108,289,83,86,99,100,116,254,,247,117,52,119,,128,,,,,0,1,512,,,,,,375,858,99,469,,,157,28,,,,17,100,446,,,,93,,0,1023,,636,1569,,143,0,0,0,0,0,1,1026,465,0,0,24,0,,,0,29,11,0,0,27,22,3,,,,,,,,,,,,
2017-02-24,1646,1262,1089,829,450,1345,983,1182,2057,1686,694,107,279,84,85,100,95,117,255,,243,120,56,119,,130,,,,,0,1,515,,,,,,368,847,100,478,,,158,28,,,,17,100,445,,,,89,,0,1019,,633,1560,,145,0,0,0,0,0,1,1030,452,0,0,24,0,,,0,27,12,0,0,27,22,4,,,,,,,,,,,,
2017-03-03,1642,1258,1091,827,450,1336,962,1182,2062,1690,702,112,281,86,88,101,107,117,251,,242,118,56,119,,125,,,,,0,1,514,,,,,,372,854,102,477,,,156,29,,,,17,100,445,,,,94,,0,1020,,665,1565,,146,0,0,0,0,0,1,1028,457,0,0,24,0,,,0,27,11,0,0,27,21,3,,,,,,,,,,,,
2017-03-10,1646,1260,1094,818,448,1342,981,1180,2050,1686,696,117,286,84,93,99,102,117,246,,246,119,57,119,,126,,,,,0,1,515,,,,,,374,858,104,468,,,164,29,,,,17,100,440,,,,95,,0,1024,,656,1574,,148,0,0,0,0,0,1,1034,450,0,0,24,0,,,0,24,13,0,0,27,21,4,19,,,,,,,,,,,
2017-03-17,1634,1263,1094,826,449,1337,985,1173,2057,1683,698,115,284,83,89,97,98,118,250,,244,117,57,117,,127,,,,,0,0,515,,,,,,380,862,103,469,,,163,29,,,,17,99,440,,,,94,,0,1023,,637,1571,,147,0,0,0,0,0,1,1032,441,0,0,24,0,,,0,25,15,0,0,27,21,4,,25,,,,,,,,,,
2017-03-24,1649,1262,1089,829,446,1340,975,1182,2039,1696,703,116,280,81,88,98,109,118,254,,246,118,56,116,,129,,,,,0,0,516,,,,,,379,851,108,473,,,165,29,,,,16,99,437,,,,90,,0,1020,,670,1577,,144,0,0,0,0,0,1,1041,438,0,0,24,0,,,0,25,15,0,0,26,22,5,,25,,,,,,,,,,
2017-03-31,1670,1262,1091,832,447,1332,997,1178,2059,1692,699,109,281,80,88,99,109,117,258,,246,117,57,118,,128,,,,,0,0,515,,,,,,376,860,109,468,,,168,28,,,,16,99,435,,,,95,,0,1023,,639,1573,,147,0,0,0,0,0,1,1041,451,0,0,25,0,,,0,23,14,0,0,26,21,3,,25,,,,,,,,,,
2017-04-07,1689,1263,1092,829,449,1325,982,1182,2055,1698,700,116,282,84,87,101,107,115,237,,244,116,59,119,,128,,,,,0,0,514,,,,,,375,861,112,469,,,165,29,,,,16,99,438,,,,92,,0,1027,,660,1576,,145,0,0,0,0,0,1,1039,475,0,0,25,0,,,0,23,14,0,0,26,19,3,,25,,,,,,,,,,
2017-04-14,1663,1259,1097,824,446,1326,995,1182,2038,1696,699,118,285,89,85,102,104,111,240,,246,116,59,119,,127,,,,,0,0,516,,,,,,376,874,110,474,,,165,29,,,,17,98,445,,,,95,,0,1023,,662,1572,,143,0,0,0,0,0,2,1044,498,0,0,25,0,,,0,24,14,0,0,26,19,4,,25,,,,,,,,,,
2017-04-21,1644,1263,1089,830,449,1334,994,1181,2030,1689,701,118,280,89,89,102,104,114,257,,245,117,59,119,,129,,,,,0,0,517,,,,,,377,881,109,476,,,166,27,,,,17,99,446,,,,94,,0,1019,,649,1575,,144,0,0,0,0,0,2,1040,499,0,0,25,0,,,0,24,15,0,0,26,22,4,,25,,,,,,,,,,
2017-04-28,1641,1262,1096,827,448,1341,975,1182,2028,1677,701,117,289,87,90,103,126,113,262,,247,116,58,118,,130,,,,,0,0,516,,,,,,378,881,105,476,,,160,28,,,,17,98,451,,,,92,,0,1020,,642,1575,,144,0,0,0,0,0,2,1046,494,0,0,26,1,,,0,24,15,0,0,26,21,4,,25,,,,,,,,,,
2017-05-05,1646,1256,1098,825,449,1343,978,1180,2029,1683,702,114,288,92,91,104,123,116,266,,246,119,60,116,,127,,,,,0,0,516,,,,,,383,884,108,470,,,155,28,,,,17,99,452,,,,95,,0,1018,,616,1574,,142,0,0,0,0,0,1,1044,494,0,0,26,1,,,0,22,15,0,0,26,22,3,,25,,,,,,,,,,
2017-05-12,1611,1260,1095,829,450,1340,982,1180,2024,1684,703,113,286,94,89,106,114,119,266,,240,118,57,115,,128,,,,,0,0,516,,,,,,381,886,108,479,,,152,29,,,,17,99,452,,,,95,,0,1017,,597,1574,,142,0,0,0,0,0,0,1042,502,0,0,25,1,,,0,21,13,0,0,26,23,3,,25,,,,,,,,,,
2017-05-19,1607,1260,1097,830,450,1341,968,1182,2045,1698,697,113,285,94,93,106,129,119,265,,247,119,58,116,,130,,,,,0,0,515,,,,,,379,889,108,488,,,152,26,,,,17,99,454,,,,91,,0,1016,,628,1575,,146,0,0,0,0,0,0,1041,502,0,0,25,1,,,0,20,13,0,0,26,27,3,,25,,,,,,,,,,
2017-05-26,1614,1262,1093,831,450,1351,974,1182,2043,1698,707,110,285,95,92,105,122,115,266,,250,117,59,115,,126,,,,7,0,0,516,,,,,,378,888,103,490,,,156,28,,,,17,99,456,,,,93,,0,1018,,618,1574,,150,0,0,0,0,0,0,1037,501,0,0,26,1,,,9,25,12,0,0,26,27,3,,25,,,,,,,,,,
2017-06-02,1606,1262,1094,830,449,1344,977,1182,2036,1694,709,110,287,94,92,102,111,118,265,,247,117,57,118,,129,,,,14,0,0,515,,,,,,379,890,88,491,,,151,28,,,,17,99,453,,,,92,,0,1028,,601,1576,,149,0,0,0,0,0,0,1044,499,0,0,27,9,,,15,24,11,0,0,26,27,3,,25,,,,,,,,,,
2017-06-09,1624,1264,1099,830,450,1347,968,1181,2011,1695,713,105,284,95,92,106,108,118,264,,248,118,57,118,,129,,,,20,0,0,516,,,,,,377,902,91,478,,,151,28,,,,18,99,455,,,,92,,0,1027,,621,1573,,150,0,0,0,0,0,0,1043,504,0,0,27,16,,,18,25,10,0,0,26,28,3,,25,,,,,,,,,,
2017-06-16,1609,1260,1099,830,450,1344,978,1181,1996,1697,711,112,286,95,92,102,118,117,261,,244,118,57,117,,130,,,,20,0,0,514,,,,,,376,898,94,480,,,149,28,,,,18,100,460,,,,86,,0,1026,,625,1576,,148,0,0,0,0,0,0,1043,503,0,0,27,24,,,26,24,10,0,0,26,25,3,,25,,,,,,,,,,
2017-06-23,1585,1260,1100,833,450,1350,987,1182,2030,1698,711,101,273,93,93,102,106,115,264,,242,118,58,115,,127,,,,20,0,0,516,,,,,,376,881,100,484,,,151,27,,,,18,101,458,,,,82,,0,1024,,626,1576,,152,0,0,0,0,0,0,1043,502,0,0,27,25,,,29,24,14,0,0,25,25,3,,25,,,,,,,,,,
2017-06-30,1620,1260,1103,830,450,1344,996,1181,2050,1696,708,98,280,93,92,103,101,116,261,,245,116,57,115,,126,,,,20,0,0,513,,,,,,373,885,103,486,,,152,28,,,,18,101,462,,,,80,,0,1027,,597,1576,,149,0,0,0,0,0,0,1040,498,0,0,27,25,,,32,24,14,0,0,25,27,4,,24,,,,,,,,,,
2017-07-07,1613,1261,1098,828,449,1348,992,1180,2056,1692,711,97,274,92,93,103,101,115,264,,243,116,56,119,,129,,,,20,0,0,516,,,,,,378,891,101,486,,,149,29,,,,18,100,462,,,,85,,0,1027,,580,1570,,146,0,0,0,0,0,0,1038,494,0,0,27,25,,,33,23,14,0,0,25,26,4,,24,,,,,,,,,,
2017-07-14,1588,1258,1099,829,450,1345,976,1182,2056,1691,705,91,282,92,89,104,101,119,262,,245,117,55,117,,128,,,,20,0,0,514,,,,,,373,901,100,488,,,153,29,,,,18,100,463,,,,83,,0,1026,,603,1569,,149,0,0,0,0,0,0,1034,493,0,0,26,25,,,41,23,14,0,0,25,25,4,,25,,,,,,,,,,
2017-07-21,1610,1255,1099,829,450,1339,974,1182,2046,1693,714,94,286,95,90,105,112,120,269,,247,117,55,115,,129,,,,19,0,0,514,,,,,,371,906,105,487,,,150,29,,,,24,100,462,,,,86,,0,1019,,590,1564,,149,0,0,0,0,0,0,1032,490,0,0,25,25,,,52,22,14,0,0,25,26,4,,25,,,,,,,,,,
2017-07-28,1633,1263,1095,829,449,1339,975,1181,2049,1694,714,97,281,94,90,106,105,120,270,,247,116,56,114,,128,,,,19,0,0,515,,,,,,371,908,100,487,,,150,29,,,,24,99,461,,,,86,,0,1019,,590,1575,,149,0,0,0,0,0,0,1030,486,0,0,25,25,,,64,22,14,0,0,25,25,4,,25,,,,,,,,,,
2017-08-04,1639,1262,1095,827,448,1337,981,1181,2051,1693,715,118,280,92,90,105,100,118,267,,243,118,55,119,,128,,,,19,0,0,512,,,,,,368,912,104,474,,,143,29,,,,24,100,458,,,,91,,0,1018,,567,1577,,147,0,0,0,0,0,0,1033,494,0,0,25,25,,,68,22,14,0,0,25,25,3,,25,,,,,,,,,,
2017-08-11,1602,1261,1093,827,449,1352,964,1180,2049,1698,714,118,282,92,91,106,117,119,264,,248,118,57,117,,128,,,,19,0,0,512,,,,,,368,915,105,469,,,147,29,,,,24,100,459,,,,93,,0,1019,,580,1576,,148,0,0,0,0,0,0,1039,497,0,0,25,25,,,77,20,14,0,0,25,26,4,,25,,,,,,,,,,
2017-08-18,1616,1262,1096,823,449,1349,969,1183,2047,1695,718,118,288,91,90,105,113,119,265,,248,119,57,119,,126,,,,19,0,0,516,,,,,,369,915,108,488,,,144,29,,,,24,99,461,,,,92,,0,1023,,569,1575,,149,0,0,0,0,0,0,1040,494,0,0,25,25,,,86,23,13,0,0,25,25,4,,25,,,,,,,,,,
2017-08-25,1629,1262,1096,830,448,1353,969,1182,2055,1693,715,115,282,92,88,103,108,119,266,,242,118,60,118,,128,,,,19,0,0,515,,,,,,375,919,108,487,,,141,29,,,,24,99,461,,,,89,,0,1024,,561,1573,,150,0,0,0,0,0,0,1040,492,0,0,25,25,,,90,22,13,0,0,25,25,4,,25,,,,,,,,,,
2017-09-01,1627,1260,1098,830,448,1353,979,1183,2041,1689,715,108,284,95,89,105,107,119,264,,249,120,59,117,,129,,,,19,0,0,514,,,,,,377,923,109,489,,,140,29,,,,24,99,461,,,,91,,0,1027,,624,1573,,149,0,0,0,0,0,0,1041,503,0,0,25,25,,,98,22,12,0,0,25,22,4,,25,,,,,,,,,,
2017-09-08,1605,1261,1100,827,448,1346,976,1180,2041,1685,712,112,290,93,88,105,119,119,265,,249,118,58,116,,129,,,,19,0,0,513,,,,,,374,928,110,490,,,136,29,,,,24,99,459,,,,88,,0,1027,,595,1573,,149,0,0,0,0,0,0,1042,500,0,0,25,25,,,113,21,11,0,0,25,22,3,,25,,,,,,,,,,
2017-09-15,1575,1259,1095,826,447,1351,992,1181,2030,1696,713,116,290,93,85,106,112,120,268,,248,120,60,118,,129,,,,19,0,0,515,,,,,,375,926,110,486,,,133,28,,,,24,99,459,,,,92,,0,1025,,621,1560,,146,0,0,0,0,0,0,1043,497,0,0,25,25,,,123,21,10,0,0,25,21,4,,25,,,,,,,,,,
2017-09-22,1610,1251,1097,826,448,1345,986,1176,2030,1689,712,115,289,94,86,106,109,120,269,,248,119,58,119,,128,,,,19,0,0,516,,,,,,377,921,108,479,,,134,26,,,,24,99,459,,,,92,,0,1023,,616,1573,,149,0,0,0,0,0,1,1038,491,0,0,25,25,,,130,20,10,0,0,25,21,4,,25,,,,,,,,,,
2017-09-29,1602,1258,1098,831,449,1340,965,1180,2038,1694,702,111,289,93,83,107,118,120,269,,249,117,59,119,,130,,,,19,0,0,516,,,,,,382,917,108,482,,,140,28,,,,24,99,456,,,,90,,0,1025,,607,1571,,147,0,0,0,0,0,1,1036,491,0,0,25,25,,,130,21,10,0,0,25,22,3,,25,,,,,,,,,,
2017-10-06,1619,1258,1101,831,450,1336,977,1180,2043,1701,719,114,284,93,88,107,112,118,267,,250,118,56,118,,124,,,,19,0,0,516,,,,,,380,922,105,483,,,138,27,,,,25,99,458,,,,87,,0,1025,,602,1562,,146,0,0,0,0,0,1,1034,495,0,0,25,25,,,127,22,18,0,0,25,23,4,,25,,,,,,,,,,
2017-10-13,1601,1262,1096,829,450,1338,978,1178,2054,1697,716,113,283,95,87,106,109,117,264,,245,118,55,117,,129,,,,19,0,0,515,,,,,,383,926,102,487,,,135,28,,,,25,98,455,,,,83,,0,1021,,568,1573,,146,0,0,0,0,0,1,1041,496,0,0,25,25,,,129,22,24,0,0,25,22,4,,25,,,,,,,,,,
2017-10-20,1645,1262,1101,829,450,1333,984,1179,2042,1696,713,115,280,95,87,106,108,119,262,,250,116,56,116,,128,,,,19,0,0,514,,,,,,379,928,107,482,,,138,29,,,,25,100,455,,,,86,,0,1022,,627,1575,,145,0,0,0,0,0,1,1034,499,0,0,25,25,,,130,25,24,0,0,25,22,4,,24,,,,,,,,,,
2017-10-27,1636,1263,1098,830,450,1327,989,1181,2037,1694,709,115,278,95,87,106,126,119,267,,245,119,57,118,,129,,,,19,0,0,516,,,,,,372,921,110,491,,,136,29,,,,25,100,454,,,,88,,0,1023,,622,1574,,145,0,0,0,0,0,1,1037,501,0,0,25,25,,,130,29,29,0,0,25,22,3,,24,0,,,,,,,,,
2017-11-03,1667,1260,1097,832,448,1330,999,1180,2039,1692,708,114,280,93,88,107,124,118,263,,249,119,58,119,,127,,,,19,0,0,516,,,,,,372,919,106,484,,,131,29,,,,25,100,453,,,,85,,0,1014,,628,1573,,144,0,0,0,0,0,1,1035,499,0,0,24,25,,,129,29,29,0,0,25,22,4,,33,0,0,,,,,,,,
2017-11-10,1669,1257,1097,828,449,1336,993,1182,2040,1697,712,116,291,94,87,105,116,116,262,,250,119,55,118,,126,,,,19,0,0,516,,,,,,376,924,101,475,,,129,30,,,,25,100,458,,,,87,,0,1013,,622,1572,,144,0,0,0,0,0,1,1044,503,0,0,24,25,,,129,30,29,0,0,25,21,5,,40,0,0,,,,,,,,
2017-11-17,1669,1259,1096,831,449,1337,986,1180,2048,1696,716,117,282,92,88,106,129,117,262,,248,118,57,118,,127,,,,19,0,0,516,,,,,,373,914,104,463,,,133,29,,,,25,100,461,,,,85,,0,1019,,608,1572,,146,0,0,0,0,0,1,1038,503,0,0,25,25,,,130,29,27,0,0,26,19,4,,40,0,0,,,,,,,,
2017-11-24,1676,1251,1098,829,445,1338,996,1178,2040,1698,713,117,292,92,90,105,125,119,267,,247,117,59,118,,125,,,,19,0,1,516,,,,,,372,928,100,475,,,137,30,,,,25,99,469,,,,84,,0,1028,,646,1571,,147,0,0,0,0,0,1,1035,503,0,0,25,25,,,131,29,27,0,0,26,18,4,,40,0,0,,,,,,,,
2017-12-01,1704,1250,1095,827,450,1354,988,1181,2033,1698,709,117,283,91,88,105,121,119,268,,249,119,56,118,,130,,,,19,0,1,516,,,,,,376,926,98,476,,,137,30,,,,25,99,468,,,,84,,0,1024,,604,1568,,145,0,0,0,0,0,1,1031,498,0,0,25,25,,,130,28,27,0,0,26,17,5,,40,0,0,,,,,,,,
2017-12-08,1706,1252,1091,831,449,1351,976,1182,2038,1691,716,112,273,93,89,106,130,119,269,,247,119,58,118,,129,,,,19,0,1,513,,,,,,381,937,99,473,,,139,29,,,,25,99,467,,,,81,,0,1025,,624,1580,,145,0,0,0,0,0,1,1040,497,0,0,25,25,,,128,30,27,0,0,27,17,5,,39,0,0,,,,,,,,
2017-12-15,1650,1253,1092,835,450,1356,987,1177,2031,1696,718,124,284,94,92,105,129,119,269,,246,116,54,119,,129,,,,19,0,1,513,,,,,,383,936,102,480,,,143,29,,,,25,99,467,,,,84,,0,1024,,621,1590,,146,0,0,0,0,0,1,1041,483,0,1,24,24,,,128,30,31,0,0,27,20,5,,40,8,0,,,,,,,,
2017-12-22,1689,1253,1096,833,450,1353,988,1181,2034,1687,719,129,280,95,91,107,125,114,268,,244,115,56,119,,128,,,,19,0,1,507,,,,,,384,931,105,491,,,146,27,,,,25,99,465,,,,85,,0,1025,,620,1591,,146,0,0,0,0,0,1,1040,483,0,1,24,24,,,121,29,30,0,0,27,18,5,,40,8,0,,,,,,,,
2017-12-29,1675,1271,1099,826,450,1327,995,1175,2039,1689,729,130,286,95,90,107,120,120,268,,243,119,56,116,,128,,,,19,0,1,505,,,,,,385,925,109,490,,,149,28,,,,25,99,465,,,,81,,0,1027,,642,1582,,147,0,0,0,0,0,1,1047,490,0,1,24,24,,,123,28,30,0,0,27,17,5,,40,8,0,,,,,,,,
2018-01-05,1693,1262,1091,834,450,1313,999,1174,2043,1686,724,129,281,95,89,105,119,118,269,,249,120,56,114,,128,,,,19,0,1,509,,,,,,382,928,106,490,,,148,27,,,,25,99,469,,,,81,,0,1025,,656,1590,,148,0,0,0,0,0,0,1045,482,0,1,24,24,,,117,28,28,0,0,27,18,6,,40,8,0,,,,,,,,
2018-01-12,1684,1259,1096,839,448,1306,981,1174,2031,1688,721,127,281,95,89,105,126,119,265,,249,119,51,110,,128,,,,19,0,1,515,,,,,,380,928,106,478,,,148,28,,,,26,100,470,,,,95,,0,1025,,647,1578,,149,0,0,0,0,0,0,1040,489,0,0,23,29,,,119,28,33,0,0,27,17,7,,40,8,0,,,,,,,,
2018-01-19,1680,1241,1097,839,449,1317,974,1180,2029,1686,716,122,286,95,90,106,126,119,265,,246,115,56,117,,126,,,,19,0,1,515,,,,,,379,921,105,487,,,148,28,,,,26,99,467,,,,93,,0,1024,,623,1580,,148,0,0,0,0,0,0,1045,485,0,0,23,29,,,115,30,33,0,0,27,19,4,,40,8,0,,,,,,,,
2018-01-26,1696,1242,1088,825,450,1315,978,1175,2039,1678,724,114,283,94,90,105,121,118,263,,241,116,58,114,,125,,,,20,0,1,516,,,,,,380,923,105,489,,,153,27,,,,25,99,466,,,,96,,1,1024,,646,1579,,150,0,0,0,0,0,0,1046,489,0,0,23,30,,,120,28,33,0,0,27,19,5,,40,10,0,,,,,,,,
2018-02-02,1719,1249,1090,832,450,1325,974,1174,2030,1670,719,121,282,94,90,106,120,114,262,,243,116,60,116,,129,,,,24,0,1,502,,,,,,383,928,106,491,,,152,27,,,,25,99,467,,,,96,,1,1027,,638,1578,,151,0,0,0,0,0,0,1046,488,0,0,22,31,,,123,28,35,0,0,27,18,5,,40,10,0,,,,,,,,
2018-02-09,1715,1252,1095,841,448,1334,970,1180,2031,1667,723,122,283,93,91,107,118,120,265,,246,120,58,117,,128,,,,24,0,0,508,,,,,,375,929,107,486,,,150,26,,,,24,100,471,,,,98,,1,1025,,637,1573,,150,0,0,0,0,0,0,1042,483,0,0,22,31,,,130,30,35,0,0,29,18,7,,40,10,0,,,,,,,,
2018-02-16,1682,1255,1093,835,448,1336,966,1178,2041,1669,716,122,287,95,92,106,125,118,266,,247,119,56,118,,127,,,,24,0,0,511,,,,,,371,933,107,480,,,150,25,,,,24,100,479,,,,96,,1,1020,,633,1569,,149,0,0,0,0,0,0,1037,479,0,0,22,34,,,130,30,34,0,0,29,18,6,,40,10,0,,,,,,,,
2018-02-23,1698,1257,1085,839,447,1341,972,1179,2038,1684,717,121,288,94,92,105,118,119,268,,247,119,57,118,,129,,,,24,0,0,509,,,,,,370,923,110,476,,,147,27,,,,24,100,483,,,,97,,1,1016,,617,1571,,145,0,0,0,0,0,0,1030,474,0,0,22,34,,,128,30,34,0,0,29,17,7,,39,10,0,,,,,,,,
2018-03-02,1703,1257,1080,836,446,1343,975,1182,2046,1671,717,124,289,91,93,107,117,115,264,,246,113,58,113,,128,,,,24,0,0,511,,,,,,371,920,108,482,,,146,27,,,,25,100,488,,,,97,,1,1025,,613,1573,,146,0,0,0,0,0,0,1040,474,0,0,22,34,,,130,30,34,0,0,29,15,7,,39,10,0,,,,,,,,
2018-03-09,1693,1251,1081,840,448,1342,982,1182,2053,1670,722,135,290,95,93,106,114,118,266,,249,113,58,118,,129,,,,26,0,0,513,,,,,,372,913,108,495,,,142,29,,,,25,99,488,,,,96,,1,1027,,629,1578,,147,0,0,0,0,0,0,1043,474,0,0,22,34,,,130,30,35,0,0,28,15,5,,39,10,0,,,,,,,,
2018-03-16,1654,1245,1082,839,449,1344,981,1180,2049,1676,730,131,286,93,92,107,120,118,270,,250,112,58,118,,128,,,,26,0,0,515,,,,,,368,922,108,492,,,137,28,,,,25,99,487,,,,93,,1,1026,,640,1587,,148,0,0,0,0,0,0,1044,487,0,0,22,34,,,129,29,35,0,0,29,13,4,,39,9,0,,,,,,,,
2018-03-23,1717,1245,1086,839,450,1342,979,1181,2043,1678,723,134,282,95,93,107,113,118,268,,244,111,58,119,,130,,,,26,0,0,514,,,,,,367,931,108,492,,,133,28,,,,25,99,484,,,,94,,2,1025,,631,1586,,147,0,0,0,0,0,0,1041,489,0,0,22,34,,,130,28,35,0,0,29,12,4,,39,9,0,,,,,,,,
2018-03-30,1707,1257,1079,843,450,1343,981,1181,2057,1675,726,135,285,92,91,104,118,119,267,,248,118,60,118,,128,,,,28,0,0,514,,,,,,368,943,106,492,,,135,28,,,,25,99,486,,,,93,,2,1025,,670,1586,,147,0,0,0,0,0,0,1051,492,0,0,22,35,,,130,28,35,0,0,29,13,3,,40,9,0,,,,,,,,
2018-04-06,1725,1260,1085,842,448,1342,974,1181,2055,1672,720,137,283,95,92,107,118,119,267,,246,120,60,117,,129,,,,28,0,0,513,,,,,,364,929,108,488,,,132,28,,,,25,99,487,,,,94,,2,1020,,670,1587,,146,0,0,0,0,0,0,1048,502,0,0,25,35,,,127,30,35,0,0,29,13,5,,40,9,0,,,,,,,,
2018-04-13,1717,1259,1086,835,448,1337,974,1183,2054,1675,722,124,283,95,90,107,116,116,265,,247,118,59,118,,125,,,,28,0,0,510,,,,,,366,932,105,471,,,131,28,,,,25,99,485,,,,92,,2,1027,,669,1586,,146,0,0,0,0,0,0,1045,503,0,0,25,35,,,120,30,35,0,0,31,13,5,,40,8,0,,,,,,,,
2018-04-20,1734,1262,1086,836,454,1334,991,1179,2048,1668,722,132,279,95,91,107,116,120,270,,249,118,59,118,,129,,,,28,0,0,513,,,,,,369,912,108,485,,,132,27,,,,25,99,485,,,,92,,1,1023,,643,1580,,142,0,0,0,0,0,0,1046,502,0,0,25,36,,,124,30,35,0,0,31,13,5,,40,17,0,,,,,,,,
2018-04-27,1753,1259,1087,840,458,1341,992,1181,2048,1673,728,132,271,95,93,107,123,120,267,,250,114,60,114,,128,,,,28,0,0,511,,,,,,365,930,107,477,,,133,27,,,,25,99,485,,,,97,,1,1026,,605,1582,,144,0,0,0,0,0,0,1043,503,0,0,25,35,,,122,29,35,0,0,31,13,5,,40,17,0,,,,,,,,
2018-05-04,1739,1260,1084,839,452,1341,993,1190,2046,1680,733,134,270,95,93,106,114,119,267,,243,117,59,119,,125,,,,28,0,0,511,,,,,,361,924,107,494,,,131,27,,,,16,100,485,,,,95,,1,1023,,614,1576,,142,0,0,0,0,0,0,1046,495,0,0,25,35,,,122,27,35,0,0,31,14,5,,40,17,0,,,,,,,,
2018-05-11,1756,1261,1085,837,451,1352,999,1188,2036,1674,730,137,268,100,92,105,112,119,263,,238,116,57,116,,123,,,,28,0,0,514,,,,,,367,933,107,489,,,128,26,,,,16,100,486,,,,95,,0,1026,,601,1571,,144,0,0,0,0,0,1,1043,493,0,0,25,35,,,124,26,35,0,0,32,14,4,,40,17,0,,,,,,,,
2018-05-18,1779,1264,1081,839,457,1356,993,1183,2036,1665,732,136,278,101,91,105,110,120,264,,247,118,57,117,,130,,,,28,0,0,512,,,,,,370,933,107,487,,,127,27,,,,17,100,484,,,,96,,0,1022,,609,1583,,145,0,0,0,0,0,1,1045,500,0,0,25,34,,,121,27,35,0,0,32,16,4,,40,15,0,,,,,,,,
2018-05-25,1800,1264,1086,842,459,1355,999,1184,2035,1652,732,134,285,101,90,104,107,118,261,,247,118,56,118,,130,,,,28,0,0,516,,,,,,370,940,106,491,,,126,29,,,,17,100,485,,,,97,,0,1028,,595,1573,,144,0,0,0,0,0,1,1042,503,0,1,25,34,,,123,26,35,0,0,32,16,6,,40,15,0,,,,,,,,
2018-06-01,1799,1264,1084,843,459,1352,1000,1180,2041,1675,735,131,283,101,89,109,104,120,263,,248,117,57,115,,129,,,,28,0,0,504,,,,,,367,937,108,481,,,128,29,,,,17,100,484,,,,97,,0,1026,,576,1583,,145,0,0,0,0,0,0,1041,499,0,1,25,34,,,123,25,35,0,0,32,16,6,,40,15,0,,,,,,,,
2018-06-08,1778,1263,1095,847,458,1346,996,1179,2052,1670,733,138,280,101,89,110,103,119,261,,246,116,58,119,,136,,,,28,0,0,508,,,,,,367,940,107,488,,,124,29,,,,18,100,483,,,,99,,0,1029,,584,1584,,142,0,0,0,0,0,0,1040,500,0,1,25,34,,,127,28,35,0,0,32,16,5,,40,15,0,,,,,,,,
2018-06-15,1767,1262,1099,847,457,1342,991,1172,2058,1666,731,134,286,101,89,111,103,117,267,,260,114,59,117,,141,,,,28,0,0,511,,,,,,369,936,106,487,,,125,27,,,,18,100,480,,,,99,,0,1025,,551,1583,,147,0,0,0,0,0,0,1044,494,0,1,25,34,,,122,25,32,0,0,32,16,6,,40,14,0,,,,,,,,
2018-06-22,1764,1263,1094,847,456,1344,983,1181,2052,1674,731,128,293,100,92,111,103,116,262,,264,117,57,117,,141,,,,28,0,0,512,,,,,,371,939,102,490,,,123,27,,,,18,100,481,,,,100,,0,1026,,545,1586,,146,0,0,0,0,0,0,1041,482,0,1,25,34,,,122,26,35,0,0,32,16,5,,40,13,0,,,,,,,,
2018-06-29,1763,1262,1090,850,448,1349,988,1178,2048,1677,738,135,291,101,93,112,101,116,261,,267,115,59,119,,140,,,,28,0,0,505,,,,,,368,934,109,490,,,121,27,,,,20,100,479,,,,100,,0,1022,,562,1584,,147,0,0,0,0,0,0,1039,496,0,1,25,34,,,128,29,35,0,0,33,17,3,,40,12,0,,,,,,,,
2018-07-06,1771,1260,1091,848,448,1351,990,1181,2051,1678,737,138,286,100,93,111,103,119,259,,268,115,57,119,,142,,,,28,0,0,510,,,,,,371,942,108,483,,,121,28,,,,20,100,476,,,,99,,0,1025,,582,1587,,145,0,0,0,0,0,0,1038,499,0,1,25,34,,,123,29,35,0,0,33,17,2,,40,12,0,,,,,,,,
2018-07-13,1768,1262,1095,844,453,1347,978,1181,2033,1682,746,136,290,100,93,111,102,118,266,,267,116,55,119,,142,,,,28,0,0,511,,,,,,370,940,107,481,,,119,28,,,,20,100,474,,,,102,,0,1023,,606,1586,,140,0,0,0,0,0,0,1047,497,0,1,25,35,,,123,29,35,0,0,33,17,2,,40,12,0,,,,,,,,
2018-07-20,1774,1262,1101,845,456,1343,992,1183,2037,1692,753,133,290,101,93,110,99,119,261,,268,115,58,117,,143,,,,28,0,0,511,,,,,,367,948,109,466,,,117,28,,,,20,100,474,,,,106,,0,1025,,575,1584,,142,0,0,0,0,0,0,1042,482,0,1,25,34,,,125,27,35,0,0,33,18,3,,40,11,0,,,,,,,,
2018-07-27,1773,1264,1096,831,456,1347,995,1182,2063,1683,759,137,292,101,93,112,99,116,265,,265,115,56,119,,144,,,,28,0,0,510,,,,,,376,943,108,468,,,116,28,,,,20,99,477,,,,106,,0,1027,,593,1582,,147,0,0,0,0,0,0,1039,480,0,1,25,34,,,120,29,35,0,0,33,18,3,,40,8,0,,,,,,,,
2018-08-03,1779,1262,1093,836,457,1360,993,1186,2054,1678,762,137,293,101,92,110,107,115,268,,268,115,56,119,,143,,,,28,0,0,508,,,,,,377,953,106,465,,,116,27,,,,19,99,475,,,,106,,0,1026,,619,1574,,148,0,0,0,0,0,0,1036,474,0,1,25,34,,,123,29,35,0,0,34,17,3,,40,6,0,,,,,,,,
2018-08-10,1777,1262,1089,842,458,1368,1001,1185,2069,1691,761,138,286,101,92,107,105,120,268,,268,115,59,119,,141,,,,28,0,0,513,,,,,,376,963,103,452,,,112,29,,,,19,99,477,,,,100,,0,1025,,649,1566,,149,0,1,0,0,0,0,1043,478,0,1,25,34,,,118,28,35,0,0,32,17,3,,40,6,0,,,,,,,,
2018-08-17,1749,1264,1091,842,457,1360,994,1185,2061,1690,753,138,288,101,92,109,110,119,269,,270,109,58,118,,144,,,,28,0,0,513,,,,,,377,970,102,452,,,111,28,,,,19,99,479,,,,104,,0,1027,,647,1594,,145,0,1,0,0,0,0,1034,499,0,1,25,34,,,118,26,35,0,0,30,17,2,,40,14,0,,,,,,,,
2018-08-24,1740,1261,1093,844,459,1354,1001,1187,2048,1685,757,136,288,101,93,109,107,117,270,,269,112,60,116,,145,,,,28,0,0,512,,,,,,381,961,100,466,,,110,27,,,,19,99,479,,,,102,,0,1019,,622,1595,,143,0,1,0,0,0,0,1047,501,0,1,25,34,,,115,24,35,0,0,30,17,3,,40,60,0,,,,,,,,
2018-08-31,1675,1265,1099,850,460,1350,993,1187,2053,1692,757,128,284,101,93,105,114,119,268,,263,114,59,114,,141,,,,28,0,0,512,,,,,,378,961,103,462,,,110,25,,,,19,99,482,,,,104,,0,1026,,672,1603,,142,0,0,0,0,0,0,1047,500,0,1,25,34,,,120,24,35,0,0,30,19,3,,40,60,0,,,,,,,,
2018-09-07,1684,1265,1100,843,457,1338,993,1185,2052,1683,755,130,284,101,92,97,113,119,266,,265,111,59,118,,142,,,,28,0,0,510,,,,,,386,952,109,459,,,112,27,,,,19,98,481,,,,107,,0,1025,,663,1594,,144,0,0,0,0,0,0,1040,495,0,1,25,34,,,119,26,35,0,0,30,19,3,,40,60,0,,,,,,,,
2018-09-14,1634,1264,1097,848,459,1345,999,1187,2059,1665,758,128,289,93,91,100,115,118,261,,269,115,59,116,,142,,,,28,0,0,515,,,,,,401,951,107,463,,,112,26,,,,19,98,483,,,,104,,0,1024,,674,1593,,142,0,0,0,0,0,0,1032,493,0,1,25,34,,,121,26,35,0,0,30,20,3,,40,59,0,,,,,,,,
2018-09-21,1578,1271,1094,817,460,1342,1000,1187,2064,1678,760,129,281,93,93,102,111,119,267,,267,114,58,117,,143,,,,28,0,0,517,,,,,,410,958,106,462,,,116,25,,,,19,99,486,,,,108,,0,1027,,678,1585,,145,0,0,0,0,0,0,1045,498,0,1,25,34,,,126,28,35,0,0,30,20,4,,45,59,0,,,,,,,,
2018-09-28,1572,1271,1099,812,460,1341,997,1187,2059,1699,762,123,279,93,92,109,115,119,267,,265,115,56,117,,142,,,,27,0,0,518,,,,,,418,947,107,470,,,113,26,,,,19,99,486,,,,106,,0,1024,,676,1588,,146,0,0,0,0,0,0,1049,496,0,1,25,34,,,121,30,35,0,0,30,20,5,,45,56,0,,,,,,,,
2018-10-05,1583,1266,1104,810,459,1341,1000,1184,2051,1700,762,122,268,93,93,107,112,119,264,,266,114,53,118,,142,,,,27,0,0,520,,,,,,428,949,106,468,,,115,26,,,,19,99,484,,,,105,,0,1028,,661,1589,,148,0,0,0,0,0,0,1044,498,0,1,25,34,,,116,29,35,0,0,30,20,6,,45,57,0,,,,,,,,
2018-10-12,1560,1264,1100,806,460,1344,1002,1187,2054,1697,755,136,280,91,93,106,110,119,253,,259,112,55,119,,140,,,,27,0,0,520,,,,,,437,951,105,472,,,122,27,,,,19,99,483,,,,106,,0,1025,,650,1597,,148,0,0,0,0,0,0,1047,494,0,1,25,34,,,114,28,33,0,0,30,17,6,,45,54,0,,,,,,,,
2018-10-19,1591,1262,1093,804,460,1341,993,1187,2054,1697,758,137,285,81,91,108,117,120,264,,267,117,53,117,,145,,,,28,0,0,520,,,,,,435,947,106,466,,,124,26,,,,19,99,484,,,,108,,0,1027,,636,1591,,150,0,0,0,0,0,0,1052,490,0,1,25,34,,,117,30,17,0,0,30,17,6,,45,59,0,,,,,,,,
2018-10-26,1626,1262,1095,802,460,1348,980,1187,2055,1702,760,131,282,84,92,105,115,118,261,,268,117,55,118,,142,,,,28,0,0,523,,,,,,439,951,105,463,,,124,26,,,,19,99,484,,,,109,,0,1027,,624,1587,,148,0,0,0,0,0,0,1050,495,0,1,24,34,,,119,30,11,0,0,31,18,6,,45,59,0,,,,,,,,
2018-11-02,1639,1264,1099,796,460,1342,984,1193,2053,1704,758,134,289,85,91,110,114,119,264,,268,114,58,117,,144,,,,23,0,0,512,,,,,,445,950,102,472,,,120,26,,,,19,99,485,,,,109,,0,1029,,642,1592,,147,0,0,0,0,0,0,1050,497,0,1,24,34,,,116,30,11,0,0,30,18,7,,43,59,0,,,,,,,,
2018-11-09,1626,1265,1100,790,460,1347,990,1190,2050,1699,759,137,282,94,93,112,112,118,269,,270,116,58,119,,144,,,,23,0,0,516,,,,,,448,946,103,486,,,120,27,,,,19,99,484,,,,109,,0,1029,,640,1594,,144,0,0,1,0,0,0,1049,487,0,1,24,34,,,115,30,11,0,0,30,18,6,,43,60,0,,,,,,,,
2018-11-16,1619,1267,1092,792,460,1349,994,1187,2045,1695,761,138,282,94,93,111,112,118,270,,269,118,56,118,,144,,,,23,0,0,514,,,,,,446,940,104,489,,,117,27,,,,18,99,482,,,,108,,0,1027,,640,1595,,142,0,0,1,0,0,0,1052,484,0,1,24,34,,,111,30,11,0,0,30,17,7,,43,60,0,,,,,,,,
2018-11-23,1616,1270,1098,789,460,1355,1000,1187,2032,1688,757,138,288,94,93,111,105,119,269,,267,118,58,117,,143,,,,23,0,0,519,,,,,,440,947,102,469,,,114,26,,,,18,99,481,,,,110,,0,1029,,606,1587,,142,0,0,1,0,0,0,1042,495,0,0,24,34,,,110,30,11,0,0,32,16,6,,43,60,0,,,,,,,,
2018-11-30,1618,1260,1100,795,460,1349,989,1186,2034,1692,760,135,286,99,93,112,109,117,263,,268,115,55,113,,142,,,,23,0,0,517,,,,,,441,950,97,456,,,120,26,,,,18,99,478,,,,110,,0,1027,,645,1581,,145,0,0,1,0,0,0,1044,504,0,0,24,33,,,110,30,19,0,0,32,16,7,,43,60,0,,,,,,,,
2018-12-07,1627,1261,1101,794,460,1357,991,1188,2026,1694,762,127,281,98,93,111,100,118,264,,267,114,54,118,,143,,,,23,0,0,512,,,,,,444,937,94,466,,,124,27,,,,18,99,479,,,,110,,0,1028,,653,1582,,143,0,0,1,0,0,0,1043,503,0,0,24,33,,,109,30,31,0,0,31,16,5,,45,60,0,,,,,,,,
2018-12-14,1612,1264,1102,794,459,1369,987,1187,2023,1698,763,130,271,98,93,112,109,115,266,,265,110,55,116,,140,,,,23,0,0,516,,,,,,444,939,95,468,,,123,27,,,,18,99,480,,,,105,,0,1027,,658,1582,,142,0,0,1,0,0,0,1046,493,0,0,24,33,,,112,28,31,0,0,31,16,5,,45,58,0,,,,,,,,
2018-12-21,1617,1265,1100,794,460,1366,989,1188,2034,1698,751,136,272,98,92,111,105,118,265,,267,113,52,115,,141,,,,27,0,0,514,,,,,,443,940,92,475,,,122,26,,,,18,99,477,,,,104,,0,1028,,680,1582,,143,0,0,1,0,0,0,1050,478,0,0,24,33,,,113,28,30,0,0,31,15,6,,45,73,0,,,,,,,,
2018-12-28,1592,1264,1095,791,460,1360,995,1186,2038,1694,752,137,264,98,93,109,105,120,266,,266,111,52,118,,145,,,,27,0,0,513,,,,,,440,939,91,479,,,123,26,,,,18,99,479,,,,100,,0,1025,,677,1583,,145,0,0,1,0,0,0,1049,479,0,0,24,33,,,106,27,30,0,0,31,15,7,,45,90,0,,,,,,,,
2019-01-04,1557,1262,1098,793,460,1357,985,1185,2044,1699,754,133,266,98,93,109,104,119,267,,263,105,50,117,,144,,,,27,0,0,508,,,,,,437,939,92,483,,,128,24,,,,18,99,479,,,,95,,0,1022,,651,1587,,143,0,0,1,0,0,0,1046,483,0,0,24,33,,,102,26,30,0,0,32,15,7,,45,102,0,,,,,,,,
2019-01-11,1546,1256,1100,794,460,1345,987,1187,2049,1698,760,123,266,98,93,109,101,118,255,,267,114,49,118,,142,,,,28,0,0,516,,,,,,431,934,92,492,,,129,22,,,,18,100,478,,,,101,,0,1019,,659,1575,,142,0,0,1,0,0,0,1047,482,0,0,24,33,,,105,25,30,0,0,32,16,6,,45,118,0,,,,,,,,
2019-01-18,1563,1254,1101,788,457,1354,975,1187,2043,1692,763,130,258,97,92,112,111,118,265,,267,115,52,118,,143,,,,28,0,0,520,,,,,,428,936,91,472,,,129,23,,,,18,100,483,,,,101,,0,1020,,644,1576,,144,0,0,1,0,0,0,1042,485,0,0,24,34,,,109,24,31,0,0,32,16,7,,45,118,0,,,,,,,,
2019-01-25,1543,1260,1100,792,458,1347,990,1187,2051,1703,756,130,263,97,92,109,111,119,268,,268,118,55,116,,142,,,,28,0,0,523,,,,,,426,932,92,462,,,133,23,,,,18,100,483,,,,102,,0,1027,,643,1581,,149,0,0,1,0,0,0,1040,490,0,0,24,34,,,113,24,30,0,0,32,15,6,,45,115,0,,,,,,,,
2019-02-01,1623,1258,1100,795,460,1352,985,1183,2053,1698,757,134,249,99,91,111,119,116,262,,268,117,55,116,,141,,,,28,0,0,517,,,,,,421,950,90,449,,,134,23,,,,18,100,482,,,,98,,0,1025,,651,1581,,148,0,0,1,0,0,0,1048,483,0,0,24,34,,,110,23,30,0,0,32,15,2,,45,111,0,,,,,,,,
2019-02-08,1651,1261,1094,795,459,1346,1000,1186,2063,1693,757,133,256,99,91,111,113,115,261,,265,118,58,115,,144,,,,28,0,0,516,,,,,,421,955,93,451,,,137,23,,,,18,100,479,,,,98,,0,1027,,617,1576,,149,0,0,1,0,0,0,1047,472,0,0,24,33,,,112,23,30,0,0,33,14,1,,45,110,0,,,,,,,,
2019-02-15,1582,1263,1099,800,453,1350,999,1185,2050,1701,756,130,267,84,92,111,114,120,269,,266,117,59,116,,145,,,,28,0,0,517,,,,,,418,938,100,463,,,142,23,,,,19,100,481,,,,97,,0,1024,,639,1581,,147,0,0,1,0,0,0,1053,497,0,0,24,33,,,112,22,30,0,0,33,13,1,,45,106,0,,,,,,,,
2019-02-22,1606,1265,1097,806,457,1355,993,1187,2043,1698,757,127,272,82,93,112,102,119,267,,268,118,60,119,,144,,,,28,0,0,520,,,,,,418,938,102,470,,,133,23,,,,19,100,480,,,,97,,0,1017,,682,1586,,150,0,0,1,0,0,0,1050,506,0,0,24,33,,,114,23,30,0,0,33,14,1,,45,102,0,,,,,,,,
2019-03-01,1623,1261,1099,810,458,1351,995,1187,2039,1696,764,137,270,80,93,112,109,117,265,,267,116,56,116,,142,,,,28,0,0,520,,,,,,416,944,100,470,,,128,23,,,,19,100,486,,,,96,,0,1017,,695,1588,,149,0,0,1,0,0,0,1051,504,0,1,24,33,,,113,20,30,0,0,33,13,3,,45,100,0,,,,,,,,
2019-03-08,1625,1260,1101,811,460,1349,999,1185,2044,1692,761,136,263,74,91,111,109,120,272,,271,118,53,116,,139,,,,28,0,0,521,,,,,,416,945,99,473,,,131,24,,,,19,100,486,,,,96,,0,1022,,678,1588,,150,0,0,0,0,0,0,1049,493,0,1,24,33,,,116,20,30,0,0,33,13,3,,45,96,0,,,,,,,,
2019-03-15,1607,1257,1100,810,460,1353,996,1186,2040,1699,762,125,263,57,93,110,119,119,274,,268,118,55,119,,144,,,,28,0,0,520,,,,,,416,948,96,469,,,133,24,,,,19,100,483,,,,101,,0,1021,,676,1580,,147,0,0,0,0,0,0,1043,497,0,0,24,33,,,124,20,30,0,0,33,13,3,,45,93,0,,,,,,,,
2019-03-22,1646,1261,1098,810,459,1354,994,1187,2044,1701,763,129,267,55,93,110,118,117,266,,267,118,55,119,,142,,,,28,0,0,517,,,,,,414,945,95,466,,,133,23,,,,19,100,484,,,,102,,0,1018,,626,1575,,147,0,0,0,0,0,0,1045,501,0,0,24,32,,,124,22,30,0,0,32,14,3,,45,90,0,,,,,,,,
2019-03-29,1651,1265,1097,811,460,1347,998,1187,2048,1701,760,131,274,57,92,112,114,118,271,,269,118,55,119,,144,,,,28,0,0,517,,,,,,410,950,87,467,,,133,23,,,,19,100,482,,,,101,,0,1016,,697,1575,,142,0,0,0,0,0,0,1049,495,0,0,24,32,,,121,21,30,0,0,32,13,4,,45,86,0,,,,,,,,
2019-04-05,1644,1260,1098,809,460,1338,1000,1187,2048,1701,763,132,284,67,92,111,117,117,270,,269,115,54,118,,143,,,,28,0,0,513,,,,,,410,942,88,470,,,136,24,,,,18,100,481,,,,105,,0,1023,,699,1575,,143,0,0,0,0,0,0,1052,486,0,0,24,32,,,123,19,30,0,0,32,12,4,,45,87,0,,,,,,,,
2019-04-12,1614,1262,1098,811,454,1340,999,1187,2047,1703,760,135,280,80,92,107,113,119,269,,274,114,58,119,,140,,,,28,0,0,513,,,,,,409,936,89,476,,,135,23,,,,18,100,483,,,,107,,0,1018,,693,1575,,144,0,0,0,0,0,0,1050,488,0,0,24,32,,,121,24,30,0,0,32,12,5,,45,75,0,,,,,,,,
2019-04-19,1634,1261,1098,809,457,1336,992,1188,2041,1702,759,134,288,88,91,107,111,120,265,,280,114,58,118,,142,,,,28,0,0,518,,,,,,406,936,94,480,,,132,20,,,,18,100,482,,,,106,,0,1026,,678,1564,,143,0,0,0,0,0,0,1047,489,0,0,24,32,,,128,30,25,0,0,32,12,5,,45,76,0,,,,,,,,
2019-04-26,1640,1263,1096,811,453,1325,994,1186,2057,1702,764,128,284,94,92,110,103,119,267,,277,117,58,118,,144,,,,28,0,0,520,,,,,,406,941,98,480,,,130,22,,,,18,100,483,,,,107,,0,1028,,675,1568,,142,0,0,0,0,0,1,1052,486,0,0,24,32,,,123,29,25,0,0,32,12,4,,45,80,0,,,,,,,,
2019-05-03,1661,1264,1099,808,454,1328,991,1187,2057,1696,759,134,284,96,92,112,112,120,269,,280,115,56,117,,143,,,,28,0,0,512,,,,,,403,950,97,468,,,129,21,,,,18,101,482,,,,107,,0,1020,,688,1559,,145,0,0,0,0,0,1,1051,490,0,0,24,32,,,129,29,25,0,0,32,12,5,,45,82,0,,,,,,,,
2019-05-10,1615,1263,1099,814,455,1331,1008,1188,2055,1698,755,138,268,96,91,109,109,119,266,,279,117,58,117,,144,,,,28,0,0,520,,,,,,397,950,99,470,,,125,21,,,,17,101,479,,,,106,,0,1016,,690,1573,,147,0,0,0,0,0,1,1048,483,0,0,24,32,,,129,30,25,0,0,32,13,5,,45,85,0,,,,,,,,
2019-05-17,1642,1260,1097,809,454,1335,1001,1187,2064,1696,751,135,263,101,91,110,119,118,261,,279,116,58,119,,140,,,,28,0,0,519,,,,,,401,938,100,474,,,122,19,,,,17,101,483,,,,109,,0,1016,,681,1573,,149,0,0,0,0,0,0,1051,485,0,0,24,32,,,128,30,25,0,0,32,14,5,,45,87,0,,,,,,,,
2019-05-24,1673,1262,1097,807,459,1332,1005,1185,2056,1700,746,120,262,101,93,111,114,117,261,,279,117,58,119,,141,,,,28,0,0,522,,,,,,403,936,101,473,,,124,19,,,,17,101,484,,,,107,,0,1010,,681,1580,,150,0,0,0,0,0,0,1051,480,0,0,24,32,,,129,30,24,0,0,32,14,4,,45,86,0,,,,,,,,
2019-05-31,1665,1259,1095,818,460,1336,995,1187,2052,1698,758,130,266,101,93,111,115,118,269,,279,116,54,121,,141,,,,28,0,0,522,,,,,,400,931,97,469,,,124,20,,,,17,101,485,,,,92,,0,1010,,667,1583,,150,0,0,0,0,0,0,1051,470,0,0,25,32,,,126,30,24,0,0,32,14,4,,45,83,0,,,,,,,,
2019-06-07,1669,1261,1094,820,460,1335,985,1188,2049,1699,764,136,267,100,93,109,115,121,274,,275,117,53,122,,141,,,,28,0,0,519,,,,,,395,935,103,468,,,124,21,,,,18,99,487,,,,89,,0,1013,,707,1578,,150,0,0,0,0,0,0,1051,480,0,0,25,31,,,126,29,24,0,0,32,16,4,,45,78,0,,,,,,,,
2019-06-14,1650,1257,1098,817,460,1337,982,1184,2044,1699,765,138,274,101,93,107,119,118,288,,278,116,56,118,,143,,,,28,0,0,513,,,,,,396,938,102,469,,,122,23,,,,18,99,485,,,,92,,0,1016,,672,1582,,150,0,0,0,0,0,7,1052,483,0,0,24,31,,,126,30,24,0,0,32,17,5,,45,66,0,,,,,,,,
2019-06-21,1667,1254,1093,817,458,1337,984,1186,2043,1695,763,138,281,100,93,110,119,116,292,,277,115,57,122,,144,,,,28,0,0,516,,,,,,396,923,105,468,,,123,22,,,,18,98,481,,,,93,,0,1015,,676,1589,,149,0,0,0,0,0,19,1051,494,0,0,24,31,,,130,29,24,0,0,32,16,4,,45,60,0,,,,,,,,
2019-06-28,1665,1261,1087,814,457,1333,1000,1186,2045,1701,762,137,284,100,92,112,113,119,287,,284,117,57,123,,145,,,,28,0,0,517,,,,,,396,927,105,471,,,125,21,,,,18,98,481,,,,94,,0,1018,,670,1597,,145,0,0,0,0,0,19,1049,498,0,0,24,31,,,130,29,24,0,0,32,16,4,,45,57,0,,,,,,,,
2019-07-05,1648,1260,1086,814,458,1338,994,1185,2058,1698,761,130,286,101,93,112,109,118,289,,290,118,58,123,,145,,,,28,0,0,517,,,,,,395,922,106,465,,,124,21,,,,18,98,481,,,,98,,0,1028,,679,1588,,147,0,0,0,0,0,18,1042,496,0,0,24,31,,,129,29,24,0,0,32,17,5,,45,59,0,,,,,,,,
2019-07-12,1651,1255,1082,814,453,1328,998,1186,2055,1695,764,130,283,97,93,112,113,116,289,,286,119,56,122,,142,,,,28,0,0,516,,,,,,394,928,100,464,,,124,21,,,,18,98,478,,,,98,,0,1027,,705,1586,,149,0,0,0,0,0,18,1038,483,0,0,24,31,,,129,29,24,0,0,32,18,6,,45,60,0,,,,,,,,
2019-07-19,1654,1259,1085,812,453,1325,1002,1185,2052,1698,760,137,290,83,93,112,111,114,294,,288,116,54,122,,142,,,,28,0,0,516,,,,,,392,927,100,463,,,117,22,,,,18,98,483,,,,100,,0,1027,,680,1583,,149,0,0,0,0,0,17,1037,487,0,0,24,30,,,130,30,24,0,0,33,19,6,,45,59,0,,,,,,,,
2019-07-26,1666,1257,1081,812,457,1332,995,1186,2055,1695,757,136,285,84,92,112,116,117,287,,290,118,57,124,,144,,,,28,0,0,516,,,,,,400,928,100,462,,,114,22,,,,18,98,481,,,,107,,0,1023,,672,1586,,148,0,0,0,0,0,17,1039,492,0,0,24,30,,,128,29,24,0,0,33,18,6,,45,58,0,,,,,,,,
2019-08-02,1667,1263,1077,813,460,1334,994,1186,2066,1698,756,130,288,86,93,111,110,119,293,,289,119,58,123,,145,,,,28,0,0,516,,,,,,404,929,98,460,,,113,21,,,,18,98,478,,,,107,,0,1019,,709,1579,,146,1,0,0,0,0,19,1041,487,0,0,24,30,,,130,29,24,0,0,33,16,5,,45,56,0,,,,,,,,
2019-08-09,1665,1262,1072,811,460,1342,994,1187,2069,1691,757,130,279,91,93,111,117,118,290,,287,120,59,122,,145,,,,27,0,1,518,,,,,,405,932,101,461,,,116,21,,,,18,97,479,,,,110,,0,1022,,733,1589,,146,1,0,0,0,0,16,1046,482,0,0,24,30,,,129,26,24,0,0,33,14,6,,45,59,0,,,,,,,,
2019-08-16,1619,1260,1069,815,460,1353,1000,1188,2072,1693,766,128,269,91,93,112,117,118,286,,283,117,57,122,,143,,,,27,0,2,516,,,,,,401,938,103,462,,,117,21,,,,18,97,478,,,,109,,0,1028,,733,1588,,146,1,0,0,0,0,13,1043,490,0,0,24,30,,,124,24,24,0,0,33,14,6,,45,53,0,,,,,,,,
2019-08-23,1617,1257,1069,819,458,1350,998,1187,2060,1698,761,133,273,93,93,110,115,117,286,,288,116,58,123,,140,,,,28,0,2,517,,,,,,402,943,105,451,,,120,22,,,,18,97,480,,,,108,,0,1027,,715,1584,,145,1,0,0,0,0,19,1042,485,0,0,24,30,,,130,28,24,0,0,33,14,6,,45,54,0,,,,,,,,
2019-08-30,1640,1257,1075,812,459,1342,986,1187,2063,1697,759,138,284,96,93,112,115,118,288,,286,116,57,123,,145,,,,28,0,2,519,,,,,,406,939,106,448,,,122,22,,,,17,89,482,,,,108,,0,1025,,713,1585,,144,1,0,0,0,0,19,1039,483,0,0,24,30,,,123,28,24,0,0,33,15,3,,45,53,0,,,,,,,,
2019-09-06,1658,1251,1071,816,459,1341,992,1187,2072,1697,748,137,291,96,93,112,114,117,290,,283,111,57,123,,143,,,,28,0,2,519,,,,,,401,936,106,445,,,120,22,,,,17,96,480,,,,107,,0,1021,,695,1584,,144,1,0,0,0,0,19,1041,467,0,0,24,31,,,127,30,24,0,0,33,15,1,,45,51,0,,,,,,,,
2019-09-13,1639,1249,1062,814,460,1343,995,1188,2058,1695,760,122,289,96,92,112,115,116,287,,287,117,59,123,,145,,,,27,0,2,512,,,,,,423,936,105,444,,,117,23,,,,17,96,471,,,,107,,0,1014,,690,1575,,145,1,0,0,0,0,17,1044,483,0,0,24,31,,,129,30,24,0,1,33,17,2,,45,58,0,,,,,,,,
2019-09-20,1657,1255,1069,815,460,1341,998,1186,2052,1695,763,125,289,99,87,112,107,116,292,,289,116,59,123,,145,,,,28,,2,513,,,,,,401,931,103,449,,,117,22,,,,17,97,473,,,,107,,0,1013,,697,1584,,146,0,0,0,1,,20,1049,466,,0,24,31,,,129,30,24,,1,,17,2,,45,57,0,33,,,,,,,
2019-09-27,1668,1249,1072,818,458,1344,984,1187,2050,1692,764,135,292,99,89,111,114,116,292,,286,116,56,123,,142,,,,28,,1,517,,,,,,404,915,105,459,,,112,22,,,,17,97,480,,,,106,,0,1021,,665,1580,,145,0,0,0,1,0,20,1050,473,,0,24,31,,,129,29,24,,1,,16,4,,45,51,0,33,,,,,,,
2019-10-04,1662,1253,1064,828,457,1361,999,1186,2055,1702,764,134,290,97,86,112,112,120,284,,283,115,58,124,,144,,,,28,,1,521,,,,,,402,919,109,455,,,113,22,,,,17,96,482,,,,108,,0,1016,,648,1581,,143,0,0,0,1,,20,1050,471,,0,24,31,,,125,28,24,,2,,15,4,,45,49,0,33,,,,,,,
2019-10-11,1630,1260,1065,829,458,1363,991,1185,2041,1687,757,132,280,98,93,110,119,120,282,,285,117,59,122,,144,,,,28,,2,520,,,,,,403,923,108,460,,,117,23,,,,17,96,485,,,,109,,1,1016,,653,1581,,143,0,0,0,1,,20,1046,484,,0,24,31,,,127,28,24,,2,,17,4,,44,56,0,33,,,,,,,
2019-10-18,1660,1265,1058,823,460,1360,989,1186,2036,1683,757,137,286,88,93,110,110,117,281,,280,115,59,120,,140,,,,28,,2,519,,,,,,406,925,105,465,,,119,22,,,,17,95,484,,,,106,,0,1012,,676,1581,,146,0,0,0,1,,20,1044,484,,0,24,31,,,128,30,23,,2,,16,4,,44,57,0,33,,,,,,,
2019-10-25,1679,1264,1054,825,460,1358,988,1187,2042,1684,761,122,285,86,93,111,118,119,286,,290,116,59,122,,142,,,,28,,2,520,,,,,,397,927,102,461,,,116,23,,,,17,95,487,,,,103,,0,1012,,670,1587,,148,0,0,0,,,18,1043,481,,0,24,30,,,129,29,23,,1,,18,4,,44,60,0,33,,,,,,,
2019-11-01,1654,1265,1055,823,458,1360,1006,1187,2054,1678,765,136,273,94,92,112,115,119,287,,289,119,58,120,,144,,,,28,,2,518,,,,,,391,937,99,458,,,112,24,,,,17,96,487,,,,102,,0,1017,,607,1595,,144,0,0,0,,,18,1049,472,,0,24,30,,,131,29,23,,1,,18,2,,44,56,0,33,,,,,,,
2019-11-08,1681,1266,1060,823,460,1359,998,1187,2059,1679,762,125,272,98,90,110,119,117,286,,281,119,59,122,,143,,,,28,,2,517,,,,,,390,937,105,459,,,111,24,,,,17,96,488,,,,102,,0,1017,,645,1594,,146,0,0,0,,,18,1049,463,,0,24,30,,,128,28,23,,1,,18,2,,50,56,0,33,,,,,,,
2019-11-15,1669,1264,1058,820,458,1354,1004,1186,2050,1677,763,134,274,100,90,110,114,120,291,,287,119,59,120,,142,,,,28,,2,519,,,,,,392,921,108,478,,,111,23,,,,17,96,487,,,,99,,0,1011,,639,1589,,145,0,0,0,,,18,1045,482,,0,24,30,,,133,27,23,,1,,16,3,,50,56,15,33,,,,,,,
2019-11-22,1675,1264,1061,813,460,1356,1004,1187,2049,1682,764,131,271,101,88,111,113,120,289,,289,120,58,123,,143,,,,28,,2,510,,,,,,393,915,107,479,,,109,23,,,,17,96,487,,,,101,,0,1014,,681,1590,,145,0,0,0,,,17,1042,493,,0,24,30,,,139,23,23,,1,,16,3,,50,55,15,33,,,,,,,
2019-11-29,1672,1261,1059,805,460,1363,1003,1187,2049,1693,750,131,271,101,87,110,120,119,289,,288,120,60,123,,140,,,,28,,2,513,,,,,,391,907,109,477,,,112,24,,,,17,96,482,,,,101,,0,1017,,676,1591,,142,0,0,0,,,19,1036,498,,0,24,30,,,133,22,23,,0,33,18,3,,50,59,15,,,,,,,,
2019-12-06,1686,1253,1056,804,460,1361,993,1188,2054,1694,761,130,268,101,85,111,117,118,286,,288,119,60,121,,141,,,,28,,2,515,,,,,,390,908,109,480,,,106,24,,,,17,97,481,,,,100,,0,1019,,669,1588,,142,,0,0,,,19,1048,496,,0,24,30,,,132,25,23,,,,17,3,,50,57,15,33,,,,,,,
2019-12-13,1667,1259,1066,811,460,1366,1001,1187,2061,1692,758,134,275,93,83,111,112,118,280,,287,119,58,120,,140,,,,28,,2,516,,,,,,398,896,107,483,,,104,21,,,,17,100,486,,,,100,,0,1012,,671,1590,,143,,0,0,,,18,1049,487,,0,24,33,,,132,25,23,,,,17,2,,50,55,15,33,,,,,,,
2019-12-20,1680,1261,1069,817,459,1365,994,1185,2063,1695,754,136,279,85,84,111,111,118,281,,287,120,60,118,,143,,,,28,,2,520,,,,,,405,899,102,490,,,96,23,,,,17,100,486,,,,106,,0,1016,,669,1588,,142,0,0,0,,,18,1048,491,,0,24,33,,,130,27,23,,0,,17,3,,50,51,14,32,,,,,,,
2019-12-27,1667,1259,1072,821,460,1362,994,1188,2063,1690,747,136,276,82,84,111,109,118,283,,285,117,60,117,,141,,,,29,,2,513,,,,,,402,896,101,486,,,92,24,,,,16,100,486,,,,105,,0,1011,,666,1585,,140,0,0,0,,,17,1047,492,,0,24,33,,,134,27,23,,0,32,17,5,,50,50,14,,,,,,,,
2020-01-03,1680,1256,1069,819,459,1358,990,1184,2055,1689,754,136,269,86,87,111,106,117,283,,284,115,59,120,,138,,,,28,,2,511,,,,,,396,901,100,481,,,94,24,,,,16,100,484,,,,102,,0,1011,,664,1581,,138,,0,0,,,17,1046,489,,0,24,33,,,130,27,23,,,,18,5,,50,48,14,32,,,,,,,
2020-01-10,1652,1256,1079,823,458,1352,986,1187,2055,1688,758,137,262,87,86,105,107,116,283,,284,117,53,121,,142,,,,28,,2,513,,,,,,396,907,101,479,,,95,23,,,,16,100,483,,,,105,,0,1020,,636,1582,,138,,0,0,,,17,1044,478,,0,24,33,,,129,27,23,,,,18,3,,49,46,14,32,,,,,,,
2020-01-17,1659,1250,1079,817,457,1351,984,1185,2055,1680,760,133,266,89,86,105,107,116,273,,278,116,53,123,,143,,,,28,,2,515,,,,,,397,911,105,476,,,95,23,,,,16,100,485,,,,102,,0,1012,,665,1585,,140,,0,0,,,16,1046,471,,0,24,33,,,124,27,23,,,,18,4,,47,44,14,32,,,,,,,
2020-01-24,1678,1242,1081,808,456,1345,973,1186,2054,1684,744,126,273,95,86,106,117,117,264,,285,117,54,119,,142,,,,28,,2,509,,,,,,398,909,106,472,,,97,22,,,,16,100,484,,,,106,,0,1008,,641,1578,,139,,0,0,,,15,1048,473,,0,24,33,,,129,26,23,,,,17,4,,48,42,14,32,,,,,,,
2020-01-31,1647,1237,1084,813,455,1351,974,1186,2059,1701,757,132,268,99,84,105,110,117,277,,281,118,53,124,,144,,,,28,,3,519,,,,,,404,919,105,476,,,97,21,,,,17,100,486,,,,102,,0,1008,,666,1577,,140,,0,0,,,14,1048,474,,0,23,33,,,126,26,23,,,,17,4,,48,43,14,31,,,,,,,
2020-02-07,1654,1237,1088,817,459,1350,977,1185,2048,1700,759,131,265,101,86,107,111,114,284,,277,116,54,123,,145,,,,28,,3,518,,,,,,403,919,106,479,,,93,22,,,,17,99,484,,,,107,,0,1004,,630,1584,,141,,0,0,,,19,1043,466,,0,23,33,,,126,30,23,,,,19,5,,49,42,14,31,,,,,,,
2020-02-14,1633,1230,1088,821,457,1354,982,1184,2042,1695,763,128,270,89,86,105,107,118,284,,279,118,53,124,,143,,,,28,,2,520,,,,,,407,924,106,477,,,91,21,,,,17,98,480,,,,105,,0,1008,,662,1581,,145,,0,0,,,18,1040,466,,0,25,33,,,126,30,23,,,,17,5,,49,40,14,31,,,,,,,
2020-02-21,1629,1233,1079,828,460,1345,982,1186,2054,1678,759,130,271,90,85,106,104,119,289,,284,119,54,123,,141,,,,28,,2,515,,,,,,402,921,104,474,,,94,23,,,,17,100,479,,,,105,,0,1012,,657,1572,,149,,0,0,,,18,1037,472,,0,25,33,,,125,29,23,,,,16,5,,49,49,14,31,,,,,,,
2020-02-28,1635,1233,1071,830,457,1346,986,1184,2041,1677,764,125,270,91,88,105,99,120,285,,284,119,54,123,,142,,,,28,,2,518,,,,,,402,925,104,460,,,96,23,,,,17,101,478,,,,102,,0,1007,,577,1575,,148,,0,0,,,18,1032,468,,0,25,33,,,121,29,23,,,,16,7,,50,54,14,31,,,,,,,
2020-03-06,1656,1235,1061,825,456,1348,986,1186,2040,1678,758,120,270,95,85,107,98,120,285,,285,118,57,119,,141,,,,28,,2,516,,,,,,398,912,103,465,,,89,25,,,,17,100,484,,,,102,,0,1008,,607,1572,,149,,0,0,,,17,1033,466,,0,26,33,,,122,29,23,,,,16,7,,50,49,14,31,,,,,,,
2020-03-13,1651,1232,1059,825,444,1346,984,1186,2033,1682,764,125,274,90,85,107,107,120,283,,280,111,58,120,,141,,,,28,,2,519,,,,,,397,907,103,462,,,91,25,,,,17,101,483,,,,106,,0,1011,,597,1561,,147,,0,0,,,15,1035,465,,0,26,33,,,122,28,23,,,,16,6,,50,46,14,31,,,,,,,
2020-03-20,1632,1235,1064,825,441,1340,1000,1185,2041,1670,754,125,271,82,89,110,103,120,291,,277,114,57,119,,143,,,,28,,2,514,,,,,,394,896,105,466,,,89,26,,,,17,101,474,,,,106,,0,1012,,594,1575,,148,,0,0,,,15,1050,459,,0,26,33,,,123,27,23,,,,15,6,,50,45,14,31,,,,,,,
2020-03-27,1630,1229,1065,823,437,1333,996,1181,2030,1661,756,117,273,79,89,109,103,119,289,,276,111,56,120,,144,,,,28,,2,522,,,,,,394,888,102,466,,,85,26,,,,17,101,475,,,,105,,0,1011,,577,1559,,146,,0,0,,,14,1045,446,,0,26,33,,,118,25,23,,,,15,6,,50,44,14,31,,,,,,,
2020-04-03,1632,1226,1065,823,432,1322,988,1172,2016,1648,747,117,268,79,89,109,101,117,285,,270,110,55,120,,143,,,,28,,2,521,,,,,,390,881,94,462,,,82,25,,,,17,101,473,,,,104,,0,1007,,497,1553,,144,,0,0,,,13,1039,428,,0,26,33,,,115,24,23,,,,14,6,,50,42,14,31,,,,,,,
2020-04-10,1629,1221,1064,822,429,1315,980,1168,2007,1632,744,127,260,80,88,107,101,115,282,,262,107,54,117,,141,,,,28,,2,522,,,,,,388,879,85,452,,,82,24,,,,17,101,470,,,,103,,0,1000,,415,1542,,140,,0,0,,,13,1031,416,,0,26,33,,,110,22,23,,,,14,6,,50,40,14,31,,,,,,,
2020-04-17,1627,1217,1061,815,424,1311,975,1165,2001,1622,742,118,251,79,86,107,99,111,277,,259,105,53,113,,139,,,,28,,2,517,,,,,,380,877,84,443,,,77,23,,,,17,101,469,,,,96,,0,994,,417,1528,,134,,0,0,,,13,1032,410,,0,26,33,,,109,21,23,,,,14,5,,50,36,14,31,,,,,,,
2020-04-24,1625,1216,1059,811,423,1309,970,1161,1998,1603,736,113,240,79,85,103,98,110,276,,257,106,50,112,,137,,,,28,,2,508,,,,,,375,878,83,419,,,76,23,,,,17,101,468,,,,91,,0,992,,437,1518,,130,,0,0,,,12,1025,409,,0,26,33,,,104,21,23,,,,14,5,,50,34,14,31,,,,,,,
2020-05-01,1617,1214,1056,802,420,1305,963,1151,1988,1602,721,112,236,77,85,103,93,106,267,,253,103,47,112,,132,,,,28,,2,503,,,,,,374,871,82,402,,,76,23,,,,17,101,466,,,,87,,0,994,,446,1516,,128,,0,0,,,11,1018,404,,0,26,33,,,98,18,23,,,,14,5,,50,34,14,31,,,,,,,
2020-05-08,1614,1215,1054,800,416,1301,960,1147,1974,1596,706,123,234,77,85,99,89,102,260,,250,101,43,109,,131,,,,28,,2,499,,,,,,370,873,80,395,,,75,22,,,,17,101,466,,,,86,,0,992,,457,1513,,129,,0,0,,,10,1013,393,,0,26,33,,,95,17,23,,,,13,4,,50,32,14,31,,,,,,,
2020-05-15,1602,1214,1050,796,413,1296,951,1145,1971,1587,698,123,241,77,84,96,96,103,258,,246,99,42,107,,131,,,,28,,2,494,,,,,,367,867,78,392,,,73,22,,,,17,101,465,,,,83,,0,982,,463,1502,,126,,0,0,,,10,1007,381,,0,27,33,,,88,17,23,,,,12,3,,50,30,14,31,,,,,,,
2020-05-22,1583,1211,1046,791,411,1291,947,1128,1960,1575,681,131,228,77,84,95,95,100,254,,244,98,38,108,,130,,,,28,,2,492,,,,,,369,862,78,386,,,69,22,,,,17,101,465,,,,69,,0,972,,476,1495,,129,,0,0,,,12,1004,380,,0,27,33,,,83,15,23,,,,12,3,,50,28,14,31,,,,,,,
2020-05-29,1478,1209,1041,786,400,1292,944,1144,1952,1597,671,122,229,72,83,94,99,100,254,,247,97,38,105,,129,,,,29,,2,496,,,,,,366,799,91,425,,,64,23,,,,17,101,464,,,,80,,0,982,,458,1504,,124,,0,0,,,11,999,390,,0,27,33,,,80,14,23,,,,12,3,,50,26,14,31,,,,,,,
2020-06-05,1363,1207,1042,779,416,1286,962,1155,1972,1590,683,133,217,60,82,93,96,97,248,,240,97,37,105,,125,,,,29,,2,496,,,,,,364,806,93,429,,,69,23,,,,17,101,464,,,,80,,0,982,,454,1513,,124,,0,0,,,11,1014,377,,0,27,33,,,86,14,23,,,,12,3,,50,23,14,31,,,,,,,
2020-06-12,1377,1206,1040,782,416,1280,957,1150,1963,1589,676,117,218,63,81,92,93,95,241,,238,96,34,103,,123,,,,29,,1,489,,,,,,363,817,93,415,,,72,22,,,,17,101,463,,,,77,,0,978,,458,1491,,122,,0,0,,,12,1007,376,,0,27,34,,,80,14,23,,,,12,4,,48,22,14,31,,,,,,,
2020-06-19,1367,1204,1037,778,414,1286,957,1149,1963,1594,666,111,219,63,81,89,95,93,236,,232,90,35,99,,121,,,,27,,1,490,,,,,,359,830,88,395,,,74,21,,,,17,101,463,,,,74,,0,980,,467,1500,,119,,0,0,,,12,1004,361,,0,27,34,,,77,11,23,,,,12,5,,48,20,14,31,,,,,,,
2020-06-26,1392,1198,1034,769,405,1275,956,1133,1960,1585,652,109,219,62,78,88,84,91,229,,230,93,34,98,,121,,,,27,,1,486,,,,,,364,837,77,381,,,76,20,,,,17,101,463,,,,72,,0,969,,470,1492,,113,,0,0,,,12,993,392,,0,26,34,,,75,11,23,,,,11,5,,48,20,14,31,,,,,,,
2020-07-03,1348,1195,1035,761,403,1267,960,1145,1971,1577,654,116,208,61,81,89,89,87,228,,229,91,31,101,,119,,,,28,,1,482,,,,,,360,851,71,383,,,76,16,,,,17,101,460,,,,67,,0,972,,466,1478,,110,,0,0,,,12,994,409,,0,26,34,,,72,11,23,,,,10,4,,45,24,14,31,,,,,,,
2020-07-10,1388,1198,1026,757,399,1263,953,1135,1979,1579,642,124,195,54,81,90,88,91,222,,233,88,30,101,,120,,,,28,,1,472,,,,,,367,861,72,379,,,74,17,,,,17,93,458,,,,67,,0,969,,447,1472,,114,,0,0,,,18,984,397,,0,26,34,,,82,29,23,,,,9,3,,45,24,14,31,,,,,,,
2020-07-17,1498,1196,1022,754,396,1262,950,1130,1973,1576,642,115,187,42,80,90,82,89,216,,225,87,29,101,,124,,,,29,,1,467,,,,,,365,875,70,380,,,71,15,,,,17,92,459,,,,63,,0,966,,434,1470,,113,,0,1,,,20,980,393,,0,27,35,,,80,29,23,,,,8,5,,45,24,14,30,,,,,,,
2020-07-24,1600,1196,1013,740,394,1253,950,1125,1969,1585,645,102,185,45,80,94,78,84,214,,235,82,29,101,,122,,,,25,,1,474,,,,,,370,876,71,385,,,70,16,,,,17,93,459,,,,60,,0,962,,404,1467,,114,,0,1,,,21,987,388,,0,28,36,,,79,28,23,,,,8,4,,35,23,14,28,,,,,,,
2020-07-31,1582,1190,1005,734,393,1254,953,1135,1986,1601,640,90,181,45,78,98,78,85,208,,233,80,29,100,,121,,,,20,,1,464,,,,,,377,883,74,382,,,72,14,,,,17,92,459,,,,60,,0,983,,382,1487,,113,,0,1,,,21,1003,389,,0,28,36,,,82,26,16,,,,7,4,,45,26,8,28,,,,,,,
2020-08-07,1644,1185,1009,733,394,1249,955,1140,1977,1596,648,100,174,45,78,97,81,85,202,,236,79,27,102,,119,,,,27,,1,468,,,,,,379,876,75,385,,,69,15,,,,12,92,459,,,,55,,0,977,,373,1474,,110,,0,1,,,21,1007,378,,0,21,33,,,77,26,22,,,,7,6,,35,25,8,28,,,,,,,
2020-08-14,1566,1175,1008,732,405,1257,967,1146,1999,1607,659,102,175,45,78,97,74,85,196,,229,80,27,101,,120,,,,27,,1,478,,,,,,382,879,71,390,,,71,14,,,,12,99,459,,,,50,,0,965,,369,1485,,109,,0,1,,,21,1010,388,,0,21,25,,,76,25,22,,,,6,5,,32,25,15,28,,,,,,,
2020-08-21,1586,1174,1006,743,400,1252,961,1152,1990,1615,655,97,182,43,77,97,74,84,191,,220,80,26,103,,115,,,,27,,0,464,,,,,,379,873,69,395,,,68,14,,,,16,99,459,,,,49,,0,974,,351,1490,,107,,0,1,,,21,1009,378,,0,21,33,,,68,24,22,,,,5,5,,32,24,15,28,,,,,,,
2020-08-28,1595,1175,1003,744,391,1260,981,1148,1986,1608,650,89,175,43,76,97,67,92,188,,219,0,50,101,,109,,,,27,,0,469,,,,,,378,874,69,389,,,70,14,,,,18,92,458,,,,100,,0,1004,,361,1485,,110,,0,1,,,21,1007,359,,0,21,33,,,66,23,22,,,,4,3,,37,23,14,29,,,,,,,
2020-09-04,1592,1182,999,748,391,1258,980,1139,1985,1594,658,88,174,44,74,94,66,90,183,,214,0,49,97,,109,,,,27,,0,478,,,,,,373,863,67,383,,,68,16,,,,19,92,456,,,,94,,0,993,,363,1500,,114,,0,2,,,21,1001,362,,0,23,33,,,69,23,22,,,,4,3,,37,23,10,29,0,,,,,,
2020-09-11,1611,1185,990,753,390,1247,986,1130,1968,1588,656,80,178,44,72,94,64,97,181,,212,0,49,97,,106,,,,27,,0,484,,,,,,370,859,66,386,,,68,17,,,,19,92,457,,,,91,,0,1000,,360,1500,,111,,0,2,,,20,1008,355,,0,22,33,,,64,22,22,,,,4,2,,37,21,10,29,0,,,,,,
2020-09-18,1593,1185,988,751,385,1246,979,1118,1992,1577,662,71,165,44,71,104,62,98,179,,208,15,46,105,,105,,,,27,,0,483,,,,,,374,847,67,387,,,67,17,,,,19,86,458,,,,76,,0,974,,390,1498,,109,,0,2,,,18,997,366,,0,22,33,,,65,22,22,,,,4,2,,37,20,10,29,0,,,,,,
2020-09-25,1585,1179,984,745,387,1247,972,1108,1979,1570,647,61,159,53,65,111,50,98,185,,201,29,44,108,,101,,,,27,,0,483,,,,,,370,851,66,377,,,63,18,,,,11,86,458,,,,71,,0,979,,412,1498,,111,,0,2,,,18,996,365,,0,22,30,,,67,21,15,,,,4,2,,36,19,10,29,0,,,,,,
2020-10-02,1534,1179,991,745,380,1261,957,1104,1964,1567,664,64,158,39,62,110,55,96,203,,197,33,43,107,,98,,,,23,,0,492,,,,,,369,845,67,375,,,61,19,,,,11,81,458,,,,68,,0,958,,407,1514,,107,,0,2,,,18,1019,379,,0,22,30,,,65,23,15,,,,4,2,,36,19,10,28,0,,,,,,
2020-10-09,1557,1170,999,742,375,1257,940,1095,1935,1595,640,74,167,38,66,109,52,98,195,,190,45,41,108,,98,,,,23,,0,477,,,,,,363,836,77,372,,,63,17,,,,10,89,458,,,,67,,0,966,,399,1489,,101,,0,2,,,18,1031,370,,0,27,30,,,62,21,21,,,,5,2,,36,17,7,28,0,,,,,,
2020-10-16,1603,1167,1000,745,369,1257,923,1091,1927,1590,646,67,168,39,64,109,51,97,196,,180,40,40,108,,93,,,,23,,0,487,,,,,,361,848,74,360,,,61,18,,,,14,89,458,,,,64,,0,942,,413,1491,,103,,0,2,,,18,1030,362,,0,27,30,,,61,20,21,,,,5,2,,37,17,7,28,0,,,,,,
2020-10-23,1577,1166,1005,746,359,1280,925,1072,1912,1582,661,56,157,40,62,109,43,99,194,,178,57,51,107,,95,,,,26,,0,490,,,,,,363,837,66,351,,,69,18,,,,15,89,460,,,,70,,0,974,,379,1476,,99,,0,2,,,18,1021,383,,0,24,31,,,63,18,21,,,,6,2,,36,15,9,28,0,,,,,,
2020-10-30,1602,1160,1006,747,362,1282,900,1064,1904,1594,668,57,154,28,58,106,46,101,192,,179,57,53,105,,101,,,,26,,0,488,,,,,,364,841,65,349,,,65,18,,,,18,86,457,,,,69,,0,979,,375,1469,,100,,0,2,,,17,1017,386,,0,24,31,,,58,17,22,,,,6,3,,31,13,9,28,0,,,,,,
2020-11-06,1590,1162,1003,747,362,1289,896,1055,1906,1589,655,56,151,32,60,106,41,102,191,,178,56,52,109,,114,,,,26,,0,501,,,,,,364,844,61,336,,,67,19,,,,18,86,456,,,,70,,0,951,,365,1464,,104,,0,1,,,17,1020,373,,0,24,31,,,56,16,22,,,,5,3,,37,11,13,29,0,,,,,,
2020-11-13,1555,1160,1003,747,363,1283,894,1058,1895,1584,656,56,155,32,56,104,42,101,190,,178,56,49,104,,112,,,,26,,0,497,,,,,,365,843,60,332,,,65,19,,,,19,86,453,,,,66,,0,943,,360,1468,,110,,0,1,,,15,1019,362,,0,24,31,,,56,15,22,,,,5,3,,37,8,13,29,0,,,,,,
2020-11-20,1469,1152,1001,750,363,1271,894,1066,1881,1579,671,55,148,32,62,104,46,99,184,,194,60,45,100,,109,,,,26,,0,502,,,,,,365,847,60,331,,,65,18,,,,19,95,454,,,,66,,0,951,,375,1467,,117,,0,1,,,13,1019,352,,0,24,31,,,53,13,22,,,,6,2,,44,7,13,29,0,,,,,,
2020-11-27,1476,1131,993,756,359,1260,901,1046,1878,1552,665,59,150,32,60,105,47,99,191,,205,61,46,103,,113,,,,26,,0,500,,,,,,363,854,57,329,,,64,18,,,,19,95,453,,,,66,,0,949,,374,1461,,114,,0,0,,,13,1007,337,,0,23,31,,,49,13,22,,,,6,2,,44,6,13,29,0,,,,,,
2020-12-04,1408,1115,991,756,356,1260,905,1050,1887,1548,669,59,160,33,55,105,44,99,189,,193,61,45,98,,110,,,,26,,0,497,,,,,,364,847,59,336,,,70,18,,,,19,95,456,,,,64,,0,952,,375,1463,,114,,0,0,,,13,989,337,,0,23,31,,,47,11,22,,,,5,2,,44,2,12,29,0,,,,,,
2020-12-11,1437,1101,991,753,349,1253,906,1052,1871,1529,667,60,168,33,55,103,41,95,190,,176,61,43,98,,110,,,,26,,0,500,,,,,,363,845,57,337,,,68,19,,,,19,94,456,,,,63,,0,950,,376,1459,,115,,0,1,,,11,988,326,,0,20,31,,,56,9,16,,,,5,2,,44,1,12,29,0,,,,,,
2020-12-18,1385,1096,991,755,348,1244,910,1054,1876,1532,663,56,172,33,57,102,40,96,191,,190,61,41,95,,110,,,,17,,0,506,,,,,,374,846,55,336,,,69,20,,,,18,93,454,,,,62,,0,960,,366,1446,,112,,0,1,,,11,985,320,,0,20,22,,,55,9,16,,,,5,3,,42,0,12,29,0,,,,,,
2020-12-25,1382,1094,988,759,332,1247,904,1049,1864,1509,662,48,168,35,62,100,44,95,191,,197,65,40,96,,109,,,,17,,0,498,,,,,,370,840,56,316,,,62,21,,,,18,92,448,,,,59,,0,957,,355,1443,,116,,0,1,,,11,977,337,,0,20,23,,,55,7,16,,,,5,3,,42,0,12,29,0,,,,,,
2021-01-01,1379,1091,988,746,333,1248,904,1039,1869,1507,656,51,169,35,62,100,47,92,192,,196,66,40,94,,107,,,,17,,0,499,,,,,,370,840,53,313,,,61,20,,,,18,87,450,,,,56,,0,947,,336,1422,,114,,0,1,,,10,976,355,,0,21,23,,,67,7,16,,,,5,3,,42,0,12,30,0,,,,,,
2021-01-08,1353,1071,985,742,340,1234,905,1048,1859,1504,649,52,165,35,63,98,48,92,195,,201,68,38,96,,107,,,,17,,0,501,,,,,,368,845,52,311,,,60,20,,,,17,87,443,,,,54,,0,950,,331,1419,,117,,0,1,,,10,976,352,,0,21,24,,,67,9,16,,,,5,4,,46,0,12,30,0,,,,,,
2021-01-15,1341,1051,991,743,345,1232,891,1050,1860,1510,643,53,158,35,73,97,48,93,207,,211,69,36,102,,114,,,,17,,0,486,,,,,,366,840,56,317,,,62,20,,,,17,84,439,,,,55,,0,937,,342,1407,,129,,0,0,,,10,958,352,,0,21,20,,,62,8,15,,,,5,3,,46,0,10,29,0,,,,,,
2021-01-22,1313,1028,982,747,345,1225,895,1054,1856,1544,644,56,156,34,64,93,44,90,210,,201,70,39,102,,110,,,,16,,0,478,,,,,,360,829,56,328,,,59,20,,,,17,81,437,,,,57,,0,950,,339,1396,,138,,0,0,,,10,956,338,,0,21,20,,,63,12,14,,,,5,3,,46,0,10,29,0,,,,,,
2021-01-29,1323,1007,980,745,344,1225,901,1057,1844,1548,629,60,156,37,64,93,39,90,209,,194,69,38,103,,111,,,,16,,0,469,,,,,,365,817,66,337,,,57,19,,,,17,81,432,,,,54,,0,941,,344,1394,,134,,0,0,,,10,963,330,,0,21,20,,,71,12,14,,,,5,2,,46,0,9,29,0,,,,,,
2021-02-05,1331,981,979,753,342,1218,893,1068,1848,1549,616,62,162,43,63,92,40,90,209,,193,66,43,107,,111,,,,15,,0,463,,,,,,366,821,69,333,,,57,19,,,,17,75,434,,,,52,,0,941,,333,1397,,132,,0,0,,,10,962,310,,0,21,20,,,71,12,14,,,,5,2,,46,0,9,30,0,,,,,,
2021-02-12,1325,953,978,749,340,1210,889,1080,1845,1551,614,65,161,44,62,98,41,90,211,,196,64,37,107,,110,,,,15,,0,468,,,,,,367,817,70,332,,,55,16,,,,17,74,429,,,,53,,0,929,,326,1390,,130,,0,0,,,15,971,320,,0,21,20,,,68,12,14,,,,5,2,,46,0,5,30,0,,,,,,
2021-02-19,1351,936,977,737,338,1211,889,1084,1844,1547,601,58,167,44,61,100,38,90,204,,194,63,36,112,,112,,,,8,,0,461,,,,,,369,821,72,326,,,52,17,,,,17,66,426,,,,53,,0,927,,317,1389,,125,,0,0,,,14,982,327,,0,21,20,,,66,11,14,,,,5,2,,46,0,5,30,0,,,,,,
2021-02-26,1322,931,976,739,335,1213,887,1105,1848,1553,577,51,171,36,62,99,35,89,207,,194,64,35,110,,114,,,,16,,0,450,,,,,,370,811,76,327,,,54,16,,,,18,67,417,,,,50,,0,915,,300,1382,,126,,0,0,,,11,982,329,,0,21,20,,,62,10,13,,,,6,3,,46,0,5,30,0,,,,,,
2021-03-05,1322,933,975,730,327,1213,876,1105,1832,1585,560,48,172,33,63,99,32,92,216,,196,67,35,109,,118,,,,15,,0,459,,,,,,369,817,74,327,,,52,16,,,,18,67,416,,,,50,,0,912,,285,1372,,119,,0,0,,,10,980,333,,0,21,20,,,58,10,13,,,,5,4,,46,0,5,30,0,,,,,,
2021-03-12,1236,937,981,718,326,1212,889,1111,1855,1575,540,45,171,32,66,94,33,95,228,,211,70,37,105,,118,,,,15,,0,459,,,,,,376,810,75,338,,,56,17,,,,13,69,416,,,,48,,0,920,,281,1370,,125,,0,0,,,10,982,326,,0,21,20,,,61,10,13,,,,6,4,,46,0,4,30,0,,,,,,
2021-03-19,1305,928,979,705,324,1208,880,1116,1848,1569,554,45,174,32,72,93,33,89,234,,201,71,36,108,,114,,,,15,,0,436,,,,,,378,802,75,340,,,55,18,,,,17,69,407,,,,50,,0,913,,287,1357,,124,,1,0,,,8,979,319,,0,20,20,,,58,9,13,,,,6,4,,46,0,4,30,0,,,,,,
2021-03-26,1314,940,957,706,321,1204,885,1107,1850,1588,545,41,171,32,71,94,31,88,227,,206,70,35,108,,111,,,,15,,0,431,,,,,,374,795,77,345,,,60,19,,,,16,69,405,,,,52,,0,913,,292,1363,,122,,1,0,,,8,978,318,,0,20,20,,,63,8,13,,,,6,4,,46,0,4,30,0,,,,,,
2021-04-02,1333,948,958,708,313,1196,891,1099,1848,1568,548,51,171,28,74,92,31,86,222,,212,69,34,106,,111,,,,15,,0,438,,,,,,374,795,78,337,,,55,20,,,,16,69,405,,,,55,,0,910,,296,1355,,125,,1,0,,,7,974,320,,0,20,19,,,63,8,13,,,,6,4,,46,0,4,30,0,,,,,,
2021-04-09,1369,939,965,704,311,1189,877,1088,1866,1568,555,50,168,27,73,92,30,87,222,,210,81,34,106,,110,,,,15,,0,439,,,,,,376,797,78,338,,,55,21,,,,16,69,405,,,,59,,0,893,,300,1352,,122,,1,0,,,6,977,308,,0,20,19,,,61,8,13,,,,6,2,,43,0,4,30,0,,,,,,
2021-04-16,1370,946,969,714,295,1167,882,1097,1855,1568,569,50,166,26,77,95,31,86,220,,217,84,37,107,,106,,,,15,,0,435,,,,,,376,798,79,341,,,55,21,,,,16,69,406,,,,60,,0,900,,295,1334,,121,,1,0,,,6,967,304,,0,20,19,,,59,12,13,,,,6,2,,45,0,4,30,0,,,,,,
2021-04-23,1396,954,973,712,294,1153,880,1091,1851,1536,581,50,165,26,77,96,27,86,226,,216,90,36,105,,101,,,,15,,0,431,,,,,,382,805,77,332,,,55,21,,,,16,69,404,,,,58,,0,908,,301,1351,,120,,1,0,,,6,967,295,,0,20,19,,,58,12,14,,,,6,2,,45,0,4,30,0,,,,,,
2021-04-30,1434,948,964,705,296,1147,874,1090,1837,1533,572,46,160,25,77,96,25,87,222,,215,94,34,105,,97,,,,15,,0,431,,,,,,386,806,76,328,,,52,22,,,,16,72,403,,,,61,,0,899,,304,1359,,124,,1,0,,,6,967,298,,0,19,19,,,55,12,14,,,,6,3,,45,0,4,30,0,,,,,,
2021-05-07,1372,946,967,709,288,1155,871,1105,1850,1552,576,44,164,25,79,98,30,93,218,,214,97,32,105,,98,,,,14,,0,418,,,,,,391,800,76,328,,,53,23,,,,16,72,401,,,,58,,0,895,,311,1351,,128,,1,0,,,6,969,284,,0,18,19,,,56,11,14,,,,6,3,,45,0,4,30,0,,,,,,
2021-05-14,1377,944,971,712,289,1162,867,1104,1848,1547,586,51,165,25,78,99,32,92,211,,208,97,32,101,,99,,,,14,,0,404,,,,,,392,803,74,328,,,46,24,,,,18,72,399,,,,61,,0,886,,315,1347,,126,,1,0,,,5,961,288,,0,18,18,,,51,10,14,,,,6,3,,45,0,4,30,0,,,,,,
2021-05-21,1387,941,976,708,291,1184,868,1109,1848,1528,591,50,160,25,78,98,31,93,201,,208,96,31,99,,98,,,,14,,0,400,,,,,,394,785,78,337,,,47,25,,,,18,72,399,,,,60,,0,886,,318,1347,,131,,1,0,,,5,960,290,,0,20,18,,,48,10,14,,,,6,2,,45,0,4,31,0,,,,,,
2021-05-28,1411,941,974,701,288,1183,861,1089,1857,1536,600,59,158,26,77,92,30,95,193,,211,96,30,97,,111,,,,13,,0,393,,,,,,401,776,84,343,,,44,26,,,,18,72,401,,,,60,,0,866,,319,1350,,129,,1,0,,,5,959,305,,0,20,18,,,50,9,14,,,,6,2,,45,0,2,31,0,,,,,,
2021-06-04,1414,930,977,703,275,1186,868,1086,1858,1545,605,60,177,26,77,93,32,90,187,,216,94,30,97,,109,,,,16,,0,397,,,,,,407,759,85,352,,,48,25,,,,17,74,399,,,,62,,0,857,,301,1354,,134,,1,0,,,5,957,311,,0,20,18,,,53,9,14,,,,6,2,,45,0,4,30,0,,,,,,
2021-06-11,1424,939,958,703,277,1184,866,1063,1854,1536,620,59,188,30,81,89,30,91,181,,211,94,30,102,,118,,,,19,,0,399,,,,,,413,757,83,350,,,48,24,,,,18,74,395,,,,63,,0,854,,296,1361,,132,,1,0,,,5,942,332,,0,20,18,,,51,9,14,,,,6,3,,45,0,4,30,0,,,,,,
2021-06-18,1417,939,958,696,276,1200,866,1075,1860,1549,629,58,191,30,80,86,29,89,178,,211,94,29,104,,117,,,,19,,0,398,,,,,,415,762,76,351,,,51,25,,,,17,74,395,,,,65,,0,848,,288,1345,,129,,1,0,,,13,937,344,,0,20,18,,,51,8,14,,,,6,3,,45,0,4,30,0,,,,,,
2021-06-25,1431,939,940,700,271,1206,875,1079,1838,1541,631,58,180,41,77,88,35,92,178,,214,94,36,103,,117,,,,21,,0,403,,,,,,415,760,75,354,,,49,26,,,,17,74,397,,,,66,,0,844,,266,1332,,137,,1,0,,,13,934,347,,0,20,18,,,60,8,14,,,,6,4,,45,0,4,30,0,,,,,,
2021-07-02,1463,937,932,694,271,1202,877,1072,1854,1553,631,80,190,45,73,86,36,91,169,,207,93,35,95,,111,,,,20,,0,401,,,,,,416,757,75,361,,,53,25,,,,17,74,395,,,,64,,0,850,,262,1340,,134,,1,0,,,12,926,346,,0,20,17,,,59,8,14,,,,7,4,,45,0,4,30,0,,,,,,
2021-07-09,1437,931,935,693,280,1205,885,1066,1854,1560,633,77,196,51,74,86,41,93,180,,212,94,34,102,,115,,,,20,,0,415,,,,,,413,758,76,351,,,53,25,,,,17,76,395,,,,61,,0,840,,243,1346,,132,,1,0,,,11,924,350,,0,20,17,,,55,7,14,,,,7,3,,45,0,4,30,0,,,,,,
2021-07-16,1415,934,923,690,285,1198,894,1064,1878,1561,626,68,203,55,77,89,41,93,180,,216,98,34,102,,114,,,,20,,0,442,,,,,,421,742,78,350,,,55,26,,,,17,76,384,,,,62,,0,839,,242,1352,,130,,1,0,,,11,924,345,,0,19,17,,,53,6,14,,,,8,3,,45,0,4,30,0,0,,,,,
2021-07-23,1453,931,922,690,281,1193,896,1076,1882,1559,631,71,208,57,79,88,40,91,183,,216,100,35,100,,113,,,,20,,0,441,,,,,,418,737,78,357,,,54,27,,,,17,76,378,,,,60,,0,838,,251,1348,,129,,1,0,,,11,930,355,,0,20,16,,,53,4,14,,,,8,3,,45,0,4,30,0,0,,,,,
2021-07-30,1477,939,905,682,287,1183,895,1101,1891,1569,632,74,208,53,78,88,40,91,189,,218,101,35,105,,114,,,,16,,0,442,,,,,,418,737,81,350,,,52,26,,,,17,76,375,,,,62,,0,839,,246,1374,,125,,1,0,,,11,930,365,,0,20,10,,,49,4,14,,,,9,3,,45,0,0,30,0,0,,,,,
2021-08-06,1504,943,906,675,287,1184,895,1099,1890,1602,641,80,221,49,78,88,39,91,190,,219,101,33,112,,114,,,,16,,0,447,,,,,,412,741,79,352,,,51,26,,,,18,76,374,,,,62,,0,834,,230,1374,,124,,1,0,,,11,934,379,,0,17,11,,,47,4,7,,,,9,3,,37,0,0,30,0,0,,,,,
2021-08-20,1557,955,897,668,293,1200,886,1094,1915,1579,648,76,225,52,81,91,52,89,192,,226,104,36,108,,115,,,,16,,0,440,,,,,,412,746,81,350,,,51,27,,,,18,72,363,,,,68,,0,845,,260,1398,,126,,1,0,,,10,930,388,,0,1,3,,,45,3,7,,,,11,3,,32,0,0,30,0,0,,,,,
2021-08-27,1545,956,902,665,292,1208,892,1097,1936,1585,651,78,227,52,81,94,50,95,195,,236,105,34,115,,113,,,,16,,0,436,,,,,,411,746,83,348,,,55,26,,,,18,64,354,,,,68,,0,861,,249,1402,,130,,1,0,,,9,937,398,,0,2,3,,,43,3,1,,,,11,3,,32,0,0,30,0,0,,,,,
2021-09-03,1545,954,900,669,292,1202,886,1104,1944,1587,654,79,225,47,81,97,51,96,204,,244,102,35,117,,118,,,,16,,0,440,,,,,,408,748,85,344,,,53,26,,,,11,64,348,,,,66,,0,879,,284,1413,,131,,1,0,,,9,940,408,,0,2,2,,,41,2,1,,,,10,3,,25,0,0,30,0,0,,,,,
2021-09-10,1559,964,907,671,295,1200,893,1103,1950,1600,654,82,233,46,78,96,50,96,204,,257,101,35,120,,117,,,,0,,0,439,,,,,,411,744,86,344,,,54,26,,,,11,56,348,,,,70,,0,879,,286,1427,,135,,1,0,,,8,943,413,,0,3,2,,,38,2,1,,,,10,4,,25,0,0,30,0,0,,,,,
2021-09-17,1562,970,913,670,294,1197,910,1093,1964,1593,660,87,233,47,75,97,50,99,212,,263,99,39,119,,123,,,,0,,0,440,,,,,,410,749,80,348,,,52,26,,,,11,48,347,,,,73,,0,887,,274,1420,,133,,1,0,,,8,949,420,,0,4,2,,,38,2,1,,,,10,6,,17,0,0,30,0,0,,,,,
2021-09-24,1567,959,912,657,295,1201,924,1095,1969,1593,671,88,239,47,82,95,54,105,217,,268,102,39,121,,124,,,,0,,0,447,,,,,,407,748,80,352,,,53,27,,,,11,39,346,,,,74,,0,899,,272,1439,,130,,1,0,,,7,957,406,,0,4,2,,,36,2,1,,,,11,6,,17,0,0,31,0,0,,,,,
2021-10-01,1584,962,918,652,297,1206,920,1091,1982,1587,682,90,242,47,82,95,51,105,212,,263,101,42,121,,122,,,,0,,0,445,,,,,,396,751,76,355,,,51,27,,,,9,31,346,,,,75,,0,911,,264,1464,,134,,1,0,,,7,972,401,,0,4,2,,,36,2,1,,,,10,6,,9,0,0,31,0,0,,,,,
2021-10-08,1561,966,917,651,299,1206,931,1087,1994,1582,686,90,243,46,81,92,48,105,209,,263,101,40,119,,128,,,,0,,0,451,,,,,,391,759,78,345,,,50,26,,,,6,25,350,,,,75,,0,910,,265,1483,,137,,1,0,,,7,991,400,,0,4,2,,,34,2,1,,,,12,5,,9,0,0,31,0,0,,,,,
2021-10-15,1540,972,916,649,302,1205,953,1074,1985,1570,686,79,251,46,81,96,51,104,212,,270,99,42,118,,129,,,,0,,0,460,,,,,,390,767,78,339,,,49,25,,,,6,17,351,,,,77,,0,903,,261,1503,,140,,1,0,,,6,1002,424,,0,4,2,,,33,2,1,,,,12,6,,0,0,0,31,0,0,,,,,
2021-10-22,1518,977,917,649,298,1212,947,1069,1988,1567,682,75,247,46,82,93,51,103,223,,277,97,42,120,,129,,,,0,,0,479,,,,,,397,766,78,340,,,46,24,,,,6,8,349,,,,77,,0,914,,251,1509,,140,,1,0,,,6,999,423,,0,4,2,,,28,2,1,,,,12,6,,0,0,0,31,0,0,,,,,
2021-10-29,1534,972,925,644,303,1202,946,1066,1985,1564,685,78,249,45,86,96,49,102,221,,277,98,42,119,,135,,,,0,,0,471,,,,,,398,781,77,340,,,44,24,,,,1,0,349,,,,74,,0,918,,253,1516,,143,,1,0,,,6,998,423,,0,4,2,,,25,1,1,,,,12,6,,0,0,0,31,0,0,,,,,
2021-11-05,1547,972,926,642,307,1207,947,1060,1969,1548,700,82,254,45,85,99,49,105,218,,274,100,41,118,,134,,,,0,,0,486,,,,,,397,776,78,345,,,45,25,,,,1,0,350,,,,71,,0,921,,246,1528,,140,,1,0,,,4,999,415,,0,4,2,,,25,1,1,,,,12,6,,0,0,0,31,0,0,,,,,
2021-11-12,1524,972,929,634,303,1200,958,1055,1965,1548,710,88,254,43,88,98,47,106,219,,276,101,43,119,,137,,,,0,,0,479,,,,,,400,776,77,349,,,43,24,,,,1,0,352,,,,71,,0,922,,244,1532,,141,,1,0,,,4,995,419,,0,3,2,,,24,1,1,,,,12,6,,0,0,0,31,0,0,,,,,
2021-11-19,1513,970,934,635,298,1194,962,1053,1966,1628,710,82,254,43,87,95,48,108,227,,279,0,42,120,,141,,,,0,,0,486,,,,,,396,776,77,354,,,43,24,,,,1,0,348,,,,74,,0,939,,232,1531,,144,,1,0,,,4,992,404,,0,2,2,,,23,0,1,,,,11,6,,0,0,0,31,0,0,,,,,
2021-11-26,1519,971,925,636,301,1196,967,1051,1966,1530,724,85,245,43,87,95,46,106,224,,277,96,43,122,,138,,,,0,,0,490,,,,,,396,778,78,354,,,38,24,,,,1,0,347,,,,74,,0,947,,224,1523,,141,,1,0,,,4,998,389,,0,2,2,,,22,0,1,,,,10,6,,0,0,0,31,0,0,,,,,
2021-12-03,1489,972,926,635,299,1193,969,1051,1962,1535,717,86,244,43,86,96,43,104,224,,279,95,44,119,,135,,,,0,,0,495,,,,,,395,780,80,353,,,40,25,,,,1,0,346,,,,74,,0,949,,221,1515,,140,,1,0,,,4,998,396,,0,2,2,,,21,0,1,,,,10,6,,0,0,0,31,0,0,,,,,
2021-12-10,1494,974,922,643,308,1185,952,1048,1967,1529,718,81,238,47,84,91,42,101,223,,275,98,42,119,,138,,,,0,,0,496,,,,,,401,782,78,348,,,35,26,,,,1,0,344,,,,73,,0,946,,218,1505,,140,,1,0,,,4,1006,397,,0,3,2,,,17,0,1,,,,10,6,,0,0,0,31,0,0,,,,,
2021-12-17,1501,973,916,637,311,1174,944,1059,1977,1519,699,81,233,51,81,90,39,101,223,,276,101,50,119,,137,,,,0,,0,496,,,,,,402,778,73,351,,,37,26,,,,1,0,343,,,,79,,0,952,,224,1508,,144,,1,0,,,3,1003,385,,0,3,2,,,16,0,1,,,,11,6,,0,0,0,31,0,0,,,,,
2021-12-24,1506,972,914,635,308,1172,940,1058,1972,1521,698,83,231,37,81,90,37,101,225,,273,102,50,119,,135,,,,0,,0,497,,,,,,406,779,71,348,,,33,25,,,,1,0,342,,,,76,,0,953,,222,1503,,142,,1,0,,,2,1005,391,,0,3,2,,,15,0,1,,,,11,7,,0,0,0,31,0,0,,,,,
2021-12-31,1480,959,917,635,304,1175,939,1066,1976,1520,695,83,231,32,81,90,39,101,225,,272,101,49,119,,135,,,,0,,0,493,,,,,,405,779,73,354,,,37,26,,,,1,0,342,,,,75,,0,950,,223,1516,,140,,1,0,,,2,1001,396,,0,3,2,,,15,0,1,,,,12,7,,0,0,0,31,0,0,,,,,
2022-01-07,1432,961,913,632,304,1181,935,1081,1987,1526,697,83,229,32,81,87,39,100,221,,271,97,46,117,,131,,,,0,,0,500,,,,,,404,776,73,351,,,36,26,,,,1,0,341,,,,75,,0,953,,228,1520,,139,,1,0,,,2,1002,395,,0,3,2,,,14,1,1,,,,12,7,,0,0,0,32,0,0,,,,,
2022-01-14,1454,966,915,630,305,1182,942,1077,1994,1528,691,82,224,31,80,87,40,96,216,,270,95,43,116,,129,,,,0,,0,504,,,,,,401,771,76,358,,,40,25,,,,1,0,342,,,,75,,0,956,,226,1515,,132,,1,0,,,2,999,386,,0,3,2,,,13,1,0,,,,12,8,,0,0,0,32,0,0,,,,,
2022-01-21,1440,964,912,625,309,1187,938,1087,1987,1512,685,82,224,31,81,86,36,95,218,,267,94,41,115,,128,,,,0,,0,498,,,,,,404,770,77,353,,,39,24,,,,0,0,340,,,,72,,0,963,,217,1511,,131,,1,0,,,2,997,391,,0,3,2,,,11,2,0,,,,12,9,,0,0,0,32,0,0,,,,,
2022-01-28,1438,968,911,626,309,1206,935,1091,1977,1509,679,82,216,31,80,85,36,95,213,,269,95,42,115,,128,,,,0,,0,494,,,,,,403,769,87,339,,,40,23,,,,0,0,339,,,,69,,0,962,,222,1510,,136,,1,0,,,2,1009,397,,0,3,2,,,10,2,0,,,,11,9,,0,0,0,32,0,0,,,,,
2022-02-04,1458,971,916,634,311,1220,932,1089,1964,1509,670,76,205,32,76,85,36,95,211,,264,91,42,113,,121,,,,0,,0,487,,,,,,395,764,81,333,,,38,24,,,,0,0,339,,,,64,,0,952,,231,1513,,138,,0,0,,,2,1018,401,,0,3,2,,,10,2,0,,,,11,9,,0,0,0,32,0,0,,,,,
2022-02-11,1448,971,918,633,311,1220,936,1090,1962,1500,672,71,204,31,74,85,36,92,213,,266,94,41,109,,117,,,,0,,0,486,,,,,,401,750,82,335,,,40,25,,,,0,0,339,,,,60,,0,953,,241,1524,,131,,0,0,,,2,1018,408,,0,3,2,,,10,2,0,,,,13,8,,0,0,0,32,0,0,,,,,
2022-02-18,1413,962,922,621,320,1233,952,1089,1971,1516,670,74,208,32,74,84,36,91,210,,262,93,39,112,,118,,,,0,,0,483,,,,,,391,749,88,338,,,39,25,,,,0,0,341,,,,61,,0,962,,251,1537,,126,,0,0,,,2,1011,407,,0,3,2,,,10,2,0,,,,13,6,,0,0,0,32,0,0,,,,,
2022-02-25,1405,968,920,582,317,1246,964,1091,1986,1523,655,77,203,33,75,88,28,93,209,,255,89,40,114,,122,,,,0,,0,481,,,,,,388,749,87,349,,,47,26,,,,0,0,342,,,,60,,0,963,,244,1540,,127,,0,0,,,2,1014,386,,0,3,2,,,10,2,0,,,,12,6,,0,0,0,32,0,0,,,,,
2022-03-04,1436,967,930,578,321,1230,973,1090,1988,1499,651,74,207,34,78,88,27,94,209,,249,95,40,115,,120,,,,0,,0,481,,,,,,383,752,85,348,,,46,26,,,,0,0,341,,,,58,,0,952,,250,1537,,125,,0,0,,,1,1016,379,,0,3,2,,,9,2,0,,,,12,5,,0,0,0,32,0,0,,,,,
2022-03-11,1465,962,930,562,321,1213,962,1086,1981,1493,670,73,208,34,80,88,29,97,212,,267,102,40,113,,128,,,,0,,0,484,,,,,,381,744,88,355,,,53,25,,,,0,0,346,,,,60,,0,952,,247,1536,,125,,0,0,,,1,1014,386,,0,3,2,,,8,2,0,,,,12,4,,0,0,0,32,0,0,,,,,
2022-03-18,1526,966,932,563,317,1215,965,1083,1972,1491,661,72,212,35,79,89,29,102,214,,270,102,39,117,,131,,,,0,,0,480,,,,,,386,737,89,364,,,50,26,,,,0,0,344,,,,61,,0,955,,246,1519,,127,,0,0,,,0,1020,393,,0,3,2,,,6,2,0,,,,12,5,,0,0,0,33,0,0,,,,,
2022-03-25,1480,972,929,561,306,1226,975,1097,1970,1476,672,75,213,36,78,94,29,95,226,,269,98,39,115,,128,,,,0,,0,480,,,,,,384,740,92,360,,,51,25,,,,0,0,344,,,,57,,0,948,,255,1525,,125,,0,0,,,0,1014,391,,0,3,2,,,4,2,0,,,,13,5,,0,0,0,33,0,0,,,,,
2022-04-01,1479,975,925,557,303,1232,970,1097,1973,1480,662,78,226,40,81,95,35,96,218,,267,98,42,114,,127,,,,0,,0,485,,,,,,385,751,93,362,,,49,26,,,,0,0,343,,,,60,,0,947,,254,1520,,131,,0,0,,,0,1005,390,,0,3,2,,,3,2,0,,,,11,6,,0,0,0,33,0,0,,,,,
2022-04-08,1484,972,931,557,303,1227,967,1091,1974,1487,665,76,223,41,80,92,31,96,217,,262,99,41,115,,127,,,,0,,0,492,,,,,,377,747,94,361,,,58,27,,,,0,0,344,,,,64,,0,939,,261,1523,,131,,0,0,,,0,1011,391,,0,4,2,,,3,2,0,,,,11,6,,0,0,0,33,0,0,,,,,
2022-04-15,1465,971,930,552,302,1224,972,1106,1969,1490,673,76,219,43,79,91,34,95,232,,258,98,39,115,,126,,,,0,,0,495,,,,,,380,757,91,360,,,56,28,,,,0,0,344,,,,64,,0,934,,268,1521,,133,,0,0,,,0,1013,389,,0,4,1,,,3,2,0,,,,10,6,,0,0,0,33,0,0,,,,,
2022-04-22,1428,971,931,547,304,1228,972,1091,1985,1501,682,79,222,49,79,90,35,100,236,,272,104,41,119,,123,,,,0,,0,502,,,,,,387,753,91,349,,,59,28,,,,0,0,344,,,,63,,0,925,,280,1517,,133,,0,1,,,0,1011,394,,0,3,1,,,0,2,0,,,,11,5,,0,0,0,33,0,0,,,,,
2022-04-29,1410,970,932,534,297,1230,959,1083,1980,1520,686,87,226,49,79,90,41,104,247,,261,105,46,123,,135,,,,0,,0,505,,,,,,388,752,95,345,,,58,29,,,,0,0,347,,,,65,,0,929,,280,1522,,139,,0,1,,,0,1005,397,,0,3,1,,,0,2,0,,,,11,5,,0,0,0,33,0,0,,,,,
2022-05-06,1398,976,928,516,304,1232,956,1080,1983,1518,696,88,224,50,79,88,41,104,243,,272,111,44,112,,131,,,,0,,0,508,,,,,,383,747,94,353,,,61,28,,,,0,0,348,,,,63,,0,940,,282,1526,,140,,0,1,,,0,1011,389,,0,3,1,,,0,2,0,,,,13,6,,0,0,0,33,0,0,,,,,
2022-05-13,1414,982,924,506,304,1227,959,1081,1980,1511,707,89,219,48,81,89,35,112,241,,273,109,44,114,,133,,,,0,,0,512,,,,,,384,752,95,356,,,58,28,,,,0,0,351,,,,64,,0,946,,280,1525,,138,,0,1,,,0,1016,384,,0,3,1,,,0,2,0,,,,13,6,,0,0,0,33,0,0,,,,,
2022-05-20,1450,965,913,490,302,1240,952,1078,1969,1505,722,93,229,48,80,87,40,112,245,,281,108,43,118,,136,,,,0,,0,506,,,,,,381,751,95,364,,,65,27,,,,0,0,349,,,,64,,0,953,,280,1512,,143,,0,1,,,0,1011,388,,0,3,1,,,0,2,0,,,,13,6,,0,0,0,33,0,0,,,,,
2022-05-27,1474,963,912,480,301,1235,957,1068,1963,1503,720,96,231,38,79,88,39,113,248,,283,112,43,119,,134,,,,0,,0,501,,,,,,382,758,95,367,,,60,29,,,,0,0,352,,,,64,,0,960,,292,1517,,145,,0,1,,,0,1013,400,,0,3,1,,,0,2,0,,,,12,6,,0,0,0,33,0,0,,,,,
2022-06-03,1469,952,915,467,298,1234,963,1073,1969,1500,717,96,229,39,78,87,40,112,250,,284,112,46,118,,131,,,,0,,0,496,,,,,,383,764,85,371,,,60,29,,,,0,0,354,,,,68,,0,971,,295,1524,,143,,0,1,,,0,1020,407,,0,3,0,,,0,2,0,,,,13,6,,0,0,0,33,0,0,,,,,
2022-06-10,1444,952,916,458,297,1226,973,1078,1973,1516,721,94,231,39,78,87,41,108,251,,278,107,47,119,,131,,,,0,,0,504,,,,,,376,762,79,382,,,58,29,,,,0,0,351,,,,73,,0,976,,303,1528,,144,,0,1,,,0,1015,417,,0,3,0,,,0,2,0,,,,13,6,,0,0,0,33,0,0,,,,,
2022-06-17,1419,957,915,437,305,1235,980,1071,1973,1507,728,92,235,39,76,87,42,108,249,,279,108,46,119,,131,,,,0,,0,502,,,,,,366,765,76,391,,,59,29,,,,0,0,358,,,,74,,0,976,,314,1525,,139,,0,1,,,0,1020,410,,0,2,0,,,0,2,0,,,,13,6,,0,0,0,33,0,0,,,,,
2022-06-24,1446,966,911,415,297,1243,990,1079,1975,1509,731,96,239,38,74,87,47,112,245,,276,108,44,121,,134,,,,0,,0,492,,,,,,363,766,75,387,,,57,29,,,,0,0,358,,,,77,,0,984,,313,1531,,136,,0,1,,,0,1019,406,,0,2,0,,,0,2,0,,,,13,6,,0,0,0,33,0,0,,,,,
2022-07-01,1433,965,901,402,300,1252,975,1086,1974,1522,747,96,236,38,73,86,49,114,243,,276,112,43,117,,138,,,,0,,0,499,,,,,,366,772,78,388,,,60,29,,,,0,0,361,,,,76,,0,986,,319,1538,,138,,0,1,,,0,1021,411,,0,2,0,,,0,2,0,,,,13,6,,0,0,0,33,0,0,,,,,
2022-07-08,1423,974,921,365,302,1244,978,1086,1975,1522,749,94,238,38,73,84,45,113,242,,274,108,43,118,,138,,,,0,,0,495,,,,,,369,776,79,391,,,58,30,,,,0,0,362,,,,80,,0,982,,319,1547,,134,,0,1,,,0,1024,413,,0,1,0,,,0,2,0,,,,12,6,,0,0,0,33,0,0,,,,,
2022-07-15,1410,975,915,354,296,1232,981,1088,1964,1524,745,89,239,37,77,82,45,113,242,,276,109,45,119,,137,,,,0,,0,491,,,,,,375,769,87,394,,,64,29,,,,0,0,363,,,,78,,0,984,,336,1552,,141,,0,1,,,0,1020,414,,0,1,0,,,0,2,0,,,,12,6,,0,0,0,33,0,0,,,,,
2022-07-22,1452,975,920,341,292,1213,988,1088,1955,1520,740,88,231,37,78,81,48,114,246,,281,109,45,118,,136,,,,0,,0,503,,,,,,372,773,86,403,,,64,29,,,,0,0,364,,,,79,,0,996,,335,1549,,137,,0,1,,,0,1016,407,,0,2,0,,,0,2,0,,,,12,6,,0,0,0,33,0,0,,,,,
2022-07-29,1470,972,928,331,296,1204,986,1087,1949,1517,746,85,229,39,77,81,54,113,248,,282,108,42,119,,134,,,,0,,0,508,,,,,,368,782,89,401,,,67,30,,,,0,0,360,,,,79,,0,1006,,345,1560,,137,,0,1,,,0,1017,398,,0,2,0,,,0,2,0,,,,13,5,,0,0,0,31,0,0,,,,,
2022-08-05,1474,973,927,326,294,1195,988,1088,1963,1527,731,85,227,41,79,83,56,114,254,,284,109,42,118,,134,,,,0,,0,504,,,,,,372,781,96,394,,,65,27,,,,0,0,363,,,,79,,0,1004,,344,1548,,138,,0,1,,,0,1014,398,,0,2,0,,,0,2,0,,,,13,6,,0,0,0,31,0,0,,,,,
2022-08-12,1476,974,925,318,284,1194,1001,1089,1965,1538,732,84,224,41,79,85,56,115,264,,283,108,43,121,,135,,,,0,,0,504,,,,,,377,781,98,391,,,73,25,,,,0,0,358,,,,79,,0,1004,,341,1551,,140,,0,1,,,0,1027,397,,0,2,0,,,0,2,0,,,,13,6,,0,0,0,31,0,0,,,,,
2022-08-19,1448,971,928,320,283,1187,995,1092,2002,1534,743,78,232,43,80,88,54,116,259,,282,107,43,121,,134,,,,0,,0,504,,,,,,370,783,103,392,,,70,26,,,,0,0,359,,,,76,,0,999,,341,1554,,146,,0,1,,,0,1044,396,,0,2,0,,,0,2,0,,,,13,6,,0,0,0,31,0,0,,,,,
2022-08-26,1433,974,928,320,284,1188,998,1096,1999,1536,752,76,242,43,80,88,56,115,266,,280,106,45,121,,131,,,,0,,0,491,,,,,,372,784,105,394,,,71,26,,,,0,0,363,,,,76,,0,1004,,341,1559,,146,,0,1,,,0,1051,386,,0,2,0,,,0,2,0,,,,13,6,,0,0,0,31,0,0,,,,,
2022-09-02,1454,973,922,318,283,1187,1004,1093,2004,1538,760,73,247,43,80,88,54,117,262,,281,110,44,123,,125,,,,0,,0,494,,,,,,378,783,107,390,,,69,27,,,,0,0,358,,,,77,,0,1009,,341,1562,,147,,0,1,,,0,1050,366,,0,2,0,,,0,2,0,,,,13,5,,0,0,0,31,0,0,,,,,
2022-09-09,1475,974,932,317,281,1183,1000,1092,2029,1535,761,73,246,43,79,86,54,116,257,,273,105,42,121,,125,,,,0,,0,492,,,,,,378,776,108,395,,,70,28,,,,0,1,356,,,,76,,0,1010,,341,1561,,146,,0,1,,,0,1048,368,,0,2,0,,,0,2,0,,,,13,6,,0,0,0,31,0,0,,,,,
2022-09-16,1456,976,935,318,283,1173,996,1097,2028,1560,761,66,250,43,76,86,53,115,257,,279,105,42,118,,121,,,,0,,0,492,,,,,,379,776,106,401,,,69,28,,,,0,1,361,,,,78,,0,1008,,346,1566,,146,,0,1,,,0,1046,362,,0,2,0,,,0,3,0,,,,13,5,,0,0,0,31,0,0,,,,,
2022-09-23,1474,980,945,316,286,1170,992,1090,2011,1561,751,68,248,43,80,88,43,119,261,,279,108,42,120,,123,,,,0,,0,497,,,,,,375,787,105,401,,,74,28,,,,0,1,364,,,,80,,0,1012,,352,1568,,145,,0,1,,,0,1046,361,,0,2,0,,,0,3,0,,,,14,5,,0,0,0,32,0,0,,,,,
2022-09-30,1502,978,952,315,293,1159,995,1085,2017,1566,754,71,249,33,81,89,45,117,259,,278,109,40,120,,119,,,,0,,0,510,,,,,,380,795,91,397,,,72,27,,,,0,1,365,,,,81,,0,1012,,349,1559,,139,,0,1,,,0,1043,354,,0,2,0,,,0,3,0,,,,14,5,,0,0,0,31,0,0,,,,,
2022-10-07,1473,995,957,312,294,1145,997,1093,2026,1560,757,72,241,29,80,90,45,118,271,,288,110,39,122,,117,,,,0,,0,511,,,,,,387,796,97,397,,,71,28,,,,0,1,367,,,,81,,0,1017,,348,1555,,142,,0,1,,,0,1048,347,,0,2,0,,,0,3,0,,,,12,5,,0,0,0,31,0,0,,,,,
2022-10-14,1474,997,957,307,295,1143,990,1097,2027,1535,748,73,242,30,79,93,47,120,279,,284,113,37,121,,118,,,,0,,0,512,,,,,,391,799,95,398,,,69,28,,,,0,1,370,,,,85,,0,1016,,345,1560,,145,,0,1,,,0,1047,351,,0,2,0,,,0,3,0,,,,11,5,,0,0,0,31,0,0,,,,,
2022-10-21,1502,999,956,308,295,1146,986,1094,2034,1535,744,73,256,31,79,95,44,117,281,,286,115,36,121,,122,,,,0,,0,509,,,,,,390,794,90,402,,,69,27,,,,0,0,371,,,,84,,0,1010,,344,1559,,145,,0,1,,,0,1042,355,,0,2,0,,,0,3,0,,,,11,5,,0,0,0,32,0,0,,,,,
2022-10-28,1489,995,957,309,297,1157,986,1099,2045,1546,749,75,260,26,81,90,48,120,288,,288,114,35,122,,122,,,,0,,0,511,,,,,,388,800,90,392,,,68,27,,,,0,0,372,,,,86,,0,1013,,340,1562,,146,,0,1,,,0,1045,360,,0,2,0,,,0,3,0,,,,11,5,,0,0,0,32,0,0,,,,,
2022-11-04,1509,992,948,316,298,1159,991,1098,2035,1557,742,72,256,23,85,86,51,119,280,,288,115,38,121,,122,,,,0,,0,519,,,,,,395,795,90,398,,,67,29,,,,0,0,372,,,,84,,0,1006,,337,1565,,148,,0,1,,,0,1047,372,,0,2,0,,,0,4,0,,,,11,6,,0,0,0,32,0,0,,,,,
2022-11-11,1495,992,955,317,299,1170,993,1080,2024,1545,746,76,253,22,87,87,61,118,280,,288,119,42,123,,124,,,,0,,0,520,,,,,,402,809,90,393,,,66,29,,,,0,0,373,,,,85,,0,1002,,337,1562,,148,,0,1,,,0,1048,370,,0,2,0,,,0,5,0,,,,11,6,,0,0,0,32,0,0,,,,,
2022-11-18,1495,989,958,317,309,1172,990,1063,2034,1535,752,80,258,22,90,89,56,118,289,,291,118,42,123,,125,,,,0,,0,519,,,,,,398,808,92,391,,,63,29,,,,0,0,373,,,,88,,0,1012,,339,1564,,150,,0,0,,,0,1044,361,,0,2,0,,,0,5,0,,,,9,4,,0,0,0,32,0,0,,,,,
2022-11-25,1437,984,965,317,317,1169,1004,1049,2052,1537,753,83,274,21,90,89,60,115,294,,289,119,44,124,,125,,,,0,,0,518,,,,,,400,805,94,398,,,59,29,,,,0,0,376,,,,89,,0,1014,,354,1564,,149,,0,0,,,0,1047,357,,0,2,0,,,0,5,0,,,,9,5,,0,0,0,32,0,0,,,,,
2022-12-02,1475,986,974,322,328,1165,1006,1026,2056,1527,752,85,271,22,90,88,57,117,288,,287,117,44,119,,124,,,,0,,0,517,,,,,,398,807,98,400,,,60,29,,,,0,0,376,,,,90,,0,1013,,353,1577,,146,,0,0,,,0,1050,357,,0,2,0,,,0,5,0,,,,9,5,,0,0,0,32,0,0,,,,,
2022-12-09,1503,981,972,323,339,1162,993,997,2061,1526,749,93,269,24,93,88,60,119,290,,286,112,52,121,,124,,,,0,,0,510,,,,,,395,811,98,398,,,60,28,,,,1,0,378,,,,96,,0,1011,,354,1580,,147,,0,0,,,0,1047,355,,0,3,0,,,0,5,0,,,,9,3,,0,0,0,32,0,0,,,,,
2022-12-16,1493,985,972,320,351,1171,991,1000,2048,1527,754,97,262,28,93,87,58,120,291,,287,109,54,123,,124,,,,0,,0,509,,,,,,386,814,95,404,,,60,27,,,,1,0,377,,,,95,,0,1003,,361,1572,,148,,0,0,,,0,1047,355,,0,3,0,,,0,5,0,,,,8,4,,0,0,0,32,0,0,,,,,
2022-12-23,1502,990,970,321,362,1164,996,997,2053,1524,755,93,268,28,92,90,58,118,291,,287,112,57,120,,125,,,,0,,0,512,,,,,,387,808,99,400,,,60,26,,,,1,0,377,,,,98,,0,1003,,363,1571,,151,,0,0,,,0,1045,362,,0,3,0,,,0,5,0,,,,8,4,,0,0,0,32,0,0,,,,,
2022-12-30,1506,988,969,321,376,1172,1005,1000,2051,1513,755,95,279,28,91,89,62,119,287,,289,109,54,119,,124,,,,0,,0,510,,,,,,386,805,103,406,,,59,26,,,,1,0,376,,,,100,,0,1003,,362,1565,,151,,0,0,,,0,1039,365,,0,3,0,,,0,5,0,,,,6,4,,0,0,0,32,0,0,,,,,
2023-01-06,1504,984,969,321,390,1165,1001,996,2049,1504,757,98,276,34,91,88,66,119,287,,287,109,56,121,,124,,,,0,,0,510,,,,,,387,810,100,403,,,58,26,,,,1,0,377,,,,99,,0,1004,,360,1564,,149,,0,0,,,0,1042,354,,0,2,0,,,0,4,0,,,,5,5,,0,0,0,32,0,0,,,,,
2023-01-13,1495,980,967,320,399,1149,1004,1000,2043,1499,753,106,269,35,91,90,67,119,289,,286,115,57,120,,122,,,,0,,0,512,,,,,,387,806,101,401,,,57,26,,,,1,0,378,,,,99,,0,1002,,368,1562,,150,,0,0,,,0,1040,354,,0,2,0,,,0,4,0,,,,5,6,,0,0,0,32,0,0,,,,,
2023-01-20,1547,978,959,315,411,1130,994,991,2038,1513,758,106,260,36,91,93,67,118,288,,287,118,56,120,,122,,,,0,,0,513,,,,,,388,803,101,394,,,56,26,,,,1,0,377,,,,101,,0,1010,,358,1556,,149,,0,0,,,0,1037,364,,0,2,0,,,0,3,0,,,,5,5,,0,0,0,32,0,0,,,,,
2023-01-27,1514,982,962,320,422,1137,990,1000,2058,1524,753,106,269,37,90,99,69,120,289,,289,116,55,120,,120,,,,0,,0,511,,,,,,399,803,87,386,,,59,26,,,,1,0,378,,,,101,,0,1011,,363,1554,,148,,0,0,,,0,1038,364,,0,2,0,,,0,2,0,,,,5,5,,0,0,0,32,0,0,,,,,
2023-02-03,1534,986,966,322,427,1134,996,1001,2053,1527,753,108,272,38,89,103,69,120,284,,286,113,57,119,,122,,,,0,,0,513,,,,,,397,795,91,394,,,57,26,,,,1,0,377,,,,101,,0,1013,,364,1561,,147,,0,0,,,0,1034,360,,0,2,0,,,0,2,0,,,,5,5,,0,0,0,32,0,0,,,,,
2023-02-10,1506,985,964,320,429,1137,1004,999,2052,1526,743,106,268,40,88,102,70,118,290,,291,114,58,122,,122,,,,0,,0,519,,,,,,397,799,91,398,,,56,25,,,,1,0,376,,,,99,,0,1016,,377,1567,,145,,0,0,,,0,1044,370,,0,2,0,,,0,2,0,,,,5,5,,0,0,0,32,0,0,,,,,
2023-02-17,1526,985,962,321,434,1135,998,999,2053,1534,747,108,278,40,87,103,63,120,288,,286,112,55,123,,124,,,,0,,0,518,,,,,,398,792,94,404,,,54,26,,,,1,0,373,,,,99,,0,1012,,366,1575,,147,,0,0,,,0,1046,383,,0,2,0,,,0,2,0,,,,5,6,,0,0,0,32,0,0,,,,,
2023-02-24,1540,992,958,326,441,1134,991,997,2059,1537,755,114,283,42,88,102,66,117,284,,290,115,59,120,,125,,,,0,,0,516,,,,,,398,795,94,404,,,56,27,,,,0,0,371,,,,105,,0,1007,,369,1563,,147,,0,0,,,0,1041,386,,0,2,0,,,0,2,0,,,,5,6,,0,0,0,32,0,0,,,,,
2023-03-03,1533,990,962,328,446,1137,1007,997,2064,1541,759,118,279,44,88,100,66,117,288,,285,116,58,124,,121,,,,0,,0,521,,,,,,390,805,86,402,,,48,28,,,,0,0,372,,,,104,,0,1008,,377,1568,,149,,0,0,,,0,1045,378,,0,2,0,,,0,2,0,,,,5,6,,0,0,0,32,0,0,,,,,
2023-03-10,1546,987,971,328,447,1133,1001,996,2058,1544,765,127,279,44,90,103,72,120,287,,285,116,56,121,,121,,,,0,,0,509,,,,,,393,798,88,407,,,48,28,,,,0,0,373,,,,109,,0,1007,,373,1564,,144,,0,0,,,0,1047,373,,0,2,0,,,0,1,0,,,,5,6,,0,0,0,32,0,0,,,,,
2023-03-17,1540,987,975,329,457,1129,995,998,2048,1541,761,135,280,44,89,106,74,119,287,,289,116,56,121,,124,,,,0,,0,518,,,,,,400,785,89,412,,,49,27,,,,0,1,377,,,,107,,0,1018,,360,1575,,148,,0,0,,,0,1048,371,,0,3,1,,,0,1,0,,,,6,5,,0,0,0,32,0,0,,,,,
2023-03-24,1536,991,978,329,459,1136,1005,999,2038,1544,768,137,276,44,88,107,70,119,293,,289,119,55,123,,124,,,,0,,0,519,,,,,,401,786,88,422,,,50,24,,,,0,1,377,,,,107,,0,1020,,380,1575,,149,,0,0,,,0,1045,386,,0,3,1,,,0,1,0,,,,5,4,,0,0,0,32,0,0,,,,,
2023-03-31,1580,990,975,333,460,1132,1008,999,2038,1544,770,129,276,40,89,109,71,120,291,,291,119,54,124,,124,,,,0,,0,509,,,,,,401,799,89,420,,,48,24,,,,0,1,388,,,,105,,0,1018,,377,1569,,151,,0,0,,,0,1052,395,,0,3,1,,,0,1,0,,,,5,6,,0,0,0,32,0,0,,,,,
2023-04-07,1588,991,981,371,460,1129,1009,998,2035,1537,774,136,267,35,91,109,73,119,292,,292,117,56,124,,124,,,,0,,0,522,,,,,,397,807,89,420,,,48,25,,,,0,1,376,,,,106,,0,1016,,391,1562,,151,,0,0,,,0,1049,405,,0,3,1,,,0,1,0,,,,5,6,,0,0,0,32,0,0,,,,,
2023-04-14,1594,1000,979,405,460,1126,1007,999,2019,1529,769,134,266,34,90,112,75,118,296,,291,117,57,123,,122,,,,0,,0,516,,,,,,397,814,88,422,,,48,25,,,,0,1,374,,,,105,,0,1018,,403,1568,,150,,0,0,,,0,1040,414,,0,3,1,,,0,1,0,,,,5,6,,0,0,0,32,0,0,,,,,
2023-04-21,1587,1004,973,404,460,1132,1004,999,2033,1570,770,136,272,39,90,111,75,119,291,,291,116,58,123,,123,,,,0,,0,519,,,,,,391,816,93,418,,,47,26,,,,0,1,372,,,,105,,0,1022,,405,1571,,147,,0,0,,,0,1036,412,,0,2,1,,,0,1,0,,,,5,6,,0,0,0,32,0,0,,,,,
2023-04-28,1568,1003,970,403,460,1132,1006,998,2027,1592,774,131,286,39,90,110,78,119,292,,291,117,59,120,,123,,,,0,,0,520,,,,,,391,817,95,421,,,44,27,,,,0,1,381,,,,108,,0,1021,,411,1575,,147,,0,0,,,0,1046,411,,0,2,1,,,0,1,0,,,,5,4,,0,0,0,32,0,0,,,,,
2023-05-05,1572,1005,966,407,460,1128,994,994,2028,1596,767,123,279,45,91,110,86,120,294,,292,118,58,123,,124,,,,0,,0,518,,,,,,389,820,99,427,,,45,27,,,,0,1,391,,,,108,,0,1025,,421,1571,,143,,0,0,,,0,1043,413,,0,2,1,,,0,1,0,,,,5,5,,0,0,0,31,0,0,,,,,
2023-05-12,1562,1009,964,405,459,1127,1000,983,2033,1602,770,129,275,45,90,111,81,120,291,,288,118,57,122,,125,,,,0,,0,516,,,,,,387,820,103,433,,,42,27,,,,0,1,400,,,,108,,0,1018,,428,1571,,142,,0,0,,,0,1043,429,,0,2,0,,,0,1,0,,,,6,5,,0,0,0,32,0,0,,,,,
2023-05-19,1588,1007,963,405,460,1123,992,964,2033,1606,771,127,282,47,91,112,86,118,295,,290,119,59,121,,125,,,,0,,0,516,,,,,,391,820,97,424,,,44,28,,,,0,1,407,,,,109,,0,1011,,429,1576,,144,,0,0,,,0,1037,436,,0,2,0,,,0,1,0,,,,6,4,,0,0,0,32,0,0,,,,,
2023-05-26,1593,1004,962,408,460,1125,1004,954,2036,1605,776,131,281,50,91,111,90,120,292,,289,115,58,120,,125,,,,0,,0,520,,,,,,396,828,86,417,,,41,26,,,,0,1,409,,,,109,,0,1019,,431,1576,,146,,0,0,,,0,1038,430,,0,1,0,,,0,1,0,,,,6,4,,0,0,0,32,0,0,,,,,
2023-06-02,1612,1003,965,410,460,1119,1005,951,2025,1610,774,135,278,50,89,111,94,119,294,,288,118,59,121,,122,,,,0,,0,517,,,,,,390,826,83,425,,,42,26,,,,0,9,417,,,,110,,0,1019,,437,1571,,147,,0,0,,,0,1038,424,,0,1,0,,,0,1,0,,,,6,5,,0,0,0,32,0,0,,,,,
2023-06-09,1577,1008,973,410,459,1118,1003,940,2034,1607,769,137,283,56,91,111,94,119,294,,290,119,60,119,,125,,,,0,,0,518,,,,,,392,818,86,429,,,39,26,,,,0,33,419,,,,110,,0,1016,,437,1568,,147,,0,0,,,0,1050,410,,0,1,0,,,0,1,0,,,,6,5,,0,0,0,32,0,0,,,,,
2023-06-16,1583,1008,966,409,460,1126,999,936,2035,1616,761,137,283,62,90,108,103,119,296,,289,119,60,124,,122,,,,0,,0,519,,,,,,397,820,83,435,,,40,28,,,,0,44,423,,,,109,,0,1021,,446,1557,,150,,0,0,,,0,1048,403,,0,1,0,,,0,1,0,,,,5,4,,0,0,0,32,0,0,,,,,
2023-06-23,1589,1006,953,412,460,1126,995,931,2027,1612,772,135,280,68,87,112,109,120,296,,291,119,59,122,,117,,,,0,,0,517,,,,,,397,827,85,444,,,38,29,,,,0,52,442,,,,107,,0,1016,,448,1570,,149,,0,0,,,0,1047,404,,0,1,0,,,0,1,0,,,,5,5,,0,0,0,32,0,0,,,,,
2023-06-30,1588,1003,957,416,460,1130,1004,929,2027,1611,779,137,293,68,87,109,110,117,294,,284,119,57,122,,123,,,,0,,0,502,,,,,,398,834,92,446,,,44,28,,,,0,68,446,,,,110,,0,1018,,444,1575,,151,,0,0,,,0,1049,410,,0,1,0,,,0,1,0,,,,5,6,,0,0,0,32,0,0,,,,,
2023-07-07,1589,1004,955,416,460,1129,999,930,2027,1608,778,134,291,71,84,108,110,119,296,,290,120,59,122,,123,,,,0,,0,519,,,,,,395,820,96,454,,,42,28,,,,0,68,447,,,,109,,0,1021,,450,1573,,147,,0,0,,,0,1045,417,,0,1,0,,,0,1,0,,,,5,6,,0,0,0,32,0,0,,,,,
2023-07-14,1571,1002,945,419,460,1135,997,930,2036,1596,775,132,286,74,89,109,110,119,296,,289,119,59,124,,123,,,,0,,0,521,,,,,,396,831,87,457,,,44,29,,,,0,68,446,,,,109,,0,1024,,441,1575,,150,,0,0,,,0,1047,412,,0,1,0,,,0,1,0,,,,5,6,,0,0,0,32,0,0,,,,,
2023-07-21,1579,1009,948,418,460,1130,992,930,2034,1607,770,134,285,75,89,111,107,119,295,,285,118,58,124,,123,,,,0,,0,519,,,,,,396,825,87,467,,,44,29,,,,0,70,449,,,,108,,0,1026,,455,1571,,151,,0,0,,,0,1048,423,,0,2,0,,,0,1,0,,,,5,6,,0,0,0,32,0,0,,,,,
2023-07-28,1599,1000,950,420,460,1147,985,925,2038,1616,783,135,287,74,91,111,108,119,296,,290,119,57,122,,123,,,,0,,0,519,,,,,,392,819,93,469,,,51,29,,,,0,70,449,,,,103,,0,1020,,461,1572,,151,,0,0,,,0,1049,431,,0,2,0,,,0,1,0,,,,5,6,,0,0,0,32,0,0,,,,,
2023-08-04,1607,996,949,420,460,1171,984,928,2047,1612,776,133,284,79,91,110,108,119,293,,286,117,56,120,,123,,,,1,,0,517,,,,,,397,822,90,479,,,51,28,,,,0,70,449,,,,104,,0,1017,,464,1575,,151,,0,0,,,0,1050,434,,0,2,0,,,0,1,0,,,,5,6,,0,0,0,32,0,0,,,,,
2023-08-11,1596,1000,957,417,460,1175,987,928,2041,1601,777,134,278,81,91,110,106,120,293,,287,118,58,122,,125,,,,1,,0,517,,,,,,395,824,95,485,,,49,28,,,,0,70,448,,,,101,,0,1018,,476,1567,,150,,0,0,,,0,1052,449,,0,2,0,,,0,1,0,,,,5,6,,0,0,0,32,0,0,,,,,
2023-08-18,1594,999,962,417,460,1175,980,929,2045,1604,773,128,287,85,91,111,110,120,294,,288,118,58,124,,125,,,,0,,0,516,,,,,,392,818,97,491,,,48,27,,,,0,70,446,,,,104,,0,1019,,482,1571,,151,,0,0,,,0,1048,449,,0,2,0,,,0,1,0,,,,5,5,,0,0,0,32,0,0,,,,,
2023-08-25,1587,996,964,414,460,1175,986,929,2045,1605,778,127,287,85,92,111,105,120,294,,291,117,59,123,,122,,,,0,,0,519,,,,,,397,827,96,493,,,51,28,,,,0,70,444,,,,104,,0,1023,,485,1577,,150,,0,0,,,0,1049,450,,0,1,0,,,0,1,0,,,,5,3,,0,0,0,32,0,0,,,,,
2023-09-01,1586,1000,974,411,459,1173,985,930,2050,1604,783,133,286,88,92,111,108,120,293,,292,120,59,121,,125,,,,0,,0,518,,,,,,401,831,99,492,,,51,27,,,,0,70,445,,,,106,,0,1025,,495,1581,,150,,0,0,,,0,1051,459,,0,1,0,,,0,1,0,,,,5,3,,0,0,0,32,0,0,,,,,
2023-09-08,1579,1001,979,412,460,1176,985,930,2053,1607,779,136,286,84,91,111,109,120,295,,289,120,59,123,,121,,,,0,,0,522,,,,,,396,836,100,492,,,52,27,,,,0,70,442,,,,105,,0,1022,,492,1582,,149,,0,0,,,0,1047,475,,0,1,0,,,0,1,0,,,,6,4,,16,0,0,32,0,0,,,,,
2023-09-15,1567,1003,977,413,460,1179,988,929,2049,1610,771,135,278,81,92,110,113,119,294,,289,117,59,121,,125,,,,0,,0,518,,,,,,399,836,103,486,,,51,26,,,,0,70,442,,,,105,,0,1022,,504,1580,,148,,0,0,,,0,1045,485,,0,1,0,,,0,1,0,,,,6,5,,33,0,0,32,0,0,,,,,
2023-09-22,1590,1005,978,416,460,1174,988,929,2052,1616,770,134,277,86,92,106,115,119,291,,288,115,57,122,,124,,,,0,,0,515,,,,,,405,823,98,479,,,53,25,,,,0,70,445,,,,106,,0,1022,,501,1582,,148,,0,0,,,0,1049,481,,0,1,0,,,0,1,0,,,,7,5,,50,0,0,32,0,0,,,,,
2023-09-29,1579,1004,981,417,458,1181,992,930,2058,1617,778,129,280,86,91,108,108,119,292,,289,120,59,122,,123,,,,0,,0,522,,,,,,400,821,102,473,,,52,23,,,,0,70,442,,,,105,,0,1026,,508,1583,,148,,0,0,,,0,1055,477,,0,1,0,,,0,1,0,,,,7,5,,50,0,0,32,0,0,,,,,
2023-10-06,1600,1007,977,421,460,1174,989,927,2062,1614,774,133,273,88,89,110,111,119,292,,291,118,55,123,,123,,,,0,,0,519,,,,,,400,824,101,475,,,48,24,,,,0,70,443,,,,108,,0,1024,,509,1576,,150,,0,0,,,0,1049,487,,0,1,0,,,0,1,0,,,,7,5,,50,0,0,32,0,0,,,,,
2023-10-13,1562,1005,978,415,460,1184,992,928,2061,1620,776,130,270,88,88,111,110,120,286,,291,120,58,118,,124,,,,0,,0,518,,,,,,399,826,101,482,,,47,25,,,,20,70,443,,,,109,,0,1022,,505,1575,,149,,0,0,,,0,1048,500,,0,1,0,,,0,1,0,,,,7,4,,50,0,0,32,0,0,,,,,
2023-10-20,1558,1004,980,416,459,1182,986,929,2066,1625,776,136,274,87,87,110,109,116,285,,287,117,58,114,,125,,,,0,,0,514,,,,,,399,831,104,488,,,49,25,,,,20,70,447,,,,108,,0,1022,,513,1582,,151,,0,0,,,0,1049,497,,0,1,12,,,0,1,0,,,,6,4,,50,0,0,32,0,0,,,,,
2023-10-27,1580,1000,984,415,460,1179,987,929,2051,1628,777,137,275,92,87,111,115,117,296,,289,119,59,113,,125,,,,0,,0,518,,,,,,403,837,105,491,,,48,24,,,,20,70,446,,,,108,,0,1025,,515,1582,,149,,0,0,,,0,1053,492,,0,1,12,,,15,1,0,,,,6,4,,50,0,0,32,0,0,,,,,
2023-11-03,1613,1000,983,414,460,1179,997,931,2029,1625,785,138,270,92,88,108,115,118,295,,287,118,59,110,,125,,,,0,,0,516,,,,,,405,842,104,490,,,48,23,,,,20,69,447,,,,108,,0,1028,,533,1576,,149,,0,0,,,0,1047,497,,0,1,12,,,31,1,0,,,,7,5,,50,0,0,32,0,0,,,,,
2023-11-10,1606,997,984,415,458,1206,996,929,2027,1626,782,129,268,93,87,108,106,114,293,,290,117,60,104,,125,,,,0,,0,519,,,,,,406,850,105,490,,,47,23,,,,20,61,448,,,,107,,0,1025,,548,1577,,146,,0,0,,,0,1049,498,,0,1,12,,,39,1,0,,,,7,4,,50,0,0,32,0,0,,,,,
2023-11-17,1590,990,979,415,460,1230,998,930,2032,1619,790,133,272,95,88,112,103,118,288,,290,120,60,103,,122,,,,0,,0,514,,,,,,401,857,103,492,,,53,23,,,,20,69,449,,,,107,,0,1026,,556,1583,,147,,0,0,,,0,1045,496,,0,1,12,,,39,1,0,,,,7,4,,50,0,0,32,0,0,,,,,
2023-11-24,1595,977,983,414,460,1253,1003,929,2037,1616,794,132,279,97,87,111,110,116,285,,290,118,54,98,,122,,,,0,,0,521,,,,,,402,860,100,490,,,53,20,,,,20,69,444,,,,108,,0,1023,,557,1571,,147,,0,0,,,0,1049,490,,0,1,12,,,39,1,0,,,,7,3,,50,0,0,32,0,0,,,,,
2023-12-01,1613,971,982,418,459,1277,1003,928,2037,1618,785,129,283,99,84,109,109,117,284,,284,120,58,98,,120,,,,0,,0,518,,,,,,397,861,100,486,,,52,21,,,,21,69,446,,,,107,,0,1026,,565,1567,,150,,0,0,,,0,1043,498,,0,1,12,,,39,1,0,,,,7,4,,50,0,0,32,0,0,,,,,
2023-12-08,1615,953,986,420,460,1299,1006,929,2045,1630,785,129,281,95,82,109,104,120,288,,286,120,58,96,,121,,,,0,,0,517,,,,,,394,855,105,483,,,50,21,,,,21,69,443,,,,108,,0,1027,,557,1572,,149,,0,0,,,0,1047,491,,0,1,12,,,39,1,0,,,,6,4,,50,0,0,32,0,0,,,,,
2023-12-15,1602,940,988,427,460,1313,1000,929,2052,1643,783,130,288,93,83,110,105,119,290,,290,118,59,99,,123,,,,0,,0,516,,,,,,400,854,99,487,,,49,22,,,,21,69,443,,,,110,,0,1026,,575,1575,,146,,0,0,,,0,1043,491,,0,1,12,,,39,0,0,,,,8,4,,50,0,0,32,0,0,,,,,
2023-12-22,1638,922,993,442,460,1307,1003,929,2051,1660,781,137,285,95,82,110,109,119,293,,292,120,60,98,,122,,,,0,,0,519,,,,,,399,850,101,488,,,48,21,,,,21,69,443,,,,109,,0,1025,,580,1571,,145,,0,0,,,0,1051,486,,0,1,12,,,39,0,0,,,,8,4,,50,0,0,32,0,0,,,,,
2023-12-29,1652,904,993,453,460,1311,1004,929,2050,1660,789,130,286,95,85,110,106,120,291,,291,116,58,96,,121,,,,0,,0,520,,,,,,399,862,101,488,,,52,21,,,,21,61,442,,,,110,,0,1023,,577,1570,,147,,0,0,,,0,1052,491,,0,1,12,,,39,0,0,,,,8,5,,50,0,0,32,0,0,,,,,
2024-01-05,1652,880,988,469,460,1319,998,937,2050,1690,792,131,276,95,88,108,106,119,288,,289,117,58,95,,121,,,,0,,0,521,,,,,,400,864,103,491,,,51,22,,,,21,70,440,,,,106,,0,1018,,579,1568,,137,,0,0,,,0,1051,491,,0,0,12,,,39,0,0,,,,8,5,,50,0,0,32,0,0,,,,,
2024-01-12,1618,860,986,481,460,1312,1004,943,2050,1699,785,134,281,95,88,112,104,116,290,,291,119,59,98,,124,,,,0,,0,518,,,,,,404,868,104,492,,,50,22,,,,21,70,439,,,,107,,0,1022,,581,1568,,138,,0,0,,,0,1044,486,,0,0,12,,,39,0,0,,,,8,5,,50,0,0,32,0,0,,,,,
2024-01-19,1631,841,985,495,460,1315,1004,951,2042,1710,782,131,281,95,88,110,101,119,288,,287,119,59,98,,121,,,,0,,0,520,,,,,,404,872,92,489,,,49,23,,,,21,70,441,,,,107,,0,1024,,593,1565,,133,,0,0,,,0,1044,484,,0,0,12,,,39,0,0,,,,8,5,,50,0,0,32,0,0,,,,,
2024-01-26,1639,818,983,508,460,1312,1004,969,2039,1723,779,131,281,93,91,109,103,119,289,,290,119,57,98,,122,,,,0,,0,510,,,,,,405,876,88,493,,,48,24,,,,21,70,441,,,,108,,0,1026,,583,1570,,139,,0,0,,,0,1050,489,,0,0,12,,,39,0,0,,,,8,5,,50,0,0,32,0,0,,,,,
2024-02-02,1668,796,992,504,460,1319,1007,981,2038,1721,788,135,282,93,91,112,104,120,287,,291,119,59,98,,122,,,,0,,0,520,,,,,,403,888,89,491,,,48,24,,,,21,70,439,,,,105,,0,1028,,583,1564,,143,,0,0,,,0,1052,501,,0,0,12,,,39,0,0,,,,8,5,,50,0,0,32,0,0,,,,,
2024-02-09,1647,772,990,507,460,1319,1003,998,2046,1741,786,136,286,95,91,111,106,118,294,,290,117,59,97,,125,,,,0,,0,520,,,,,,400,886,94,490,,,47,24,,,,21,70,441,,,,107,,0,1028,,587,1563,,148,,0,0,,,0,1047,489,,0,0,12,,,39,1,0,,,,7,4,,50,0,0,32,0,0,,,,,
2024-02-16,1666,749,991,534,460,1318,1005,1012,2049,1756,778,132,282,85,90,111,107,120,289,,289,119,58,99,,125,,,,0,,0,515,,,,,,402,873,103,485,,,47,23,,,,21,70,443,,,,108,,0,1022,,579,1558,,150,,0,0,,,0,1047,488,,0,0,12,,,39,1,0,,,,7,5,,50,0,0,32,0,0,,,,,
2024-02-23,1649,747,986,552,460,1316,990,1026,2050,1757,785,131,287,89,90,110,105,117,290,,287,118,60,98,,123,,,,0,,0,517,,,,,,398,871,104,490,,,47,24,,,,21,70,447,,,,109,,0,1026,,577,1567,,150,,0,0,,,0,1045,493,,0,0,12,,,38,1,0,,,,7,5,,50,0,0,32,0,0,,,,,
2024-03-01,1643,742,981,581,454,1313,995,1035,2050,1761,790,131,277,93,90,112,109,116,289,,292,118,60,97,,124,,,,0,,0,521,,,,,,401,876,103,489,,,46,24,,,,21,69,444,,,,108,,0,1024,,577,1563,,148,,0,0,,,0,1048,498,,0,0,12,,,37,1,0,,,,7,5,,50,0,0,32,0,0,,,,,
2024-03-08,1655,747,990,580,451,1310,994,1044,2050,1753,786,130,273,95,87,112,112,113,288,,288,117,57,98,,122,,,,0,,0,518,,,,,,397,879,104,488,,,48,22,,,,21,69,452,,,,107,,0,1026,,581,1565,,150,,0,0,,,0,1048,498,,0,0,12,,,37,1,0,,,,8,6,,50,0,0,32,0,0,,,,,
2024-03-15,1641,742,992,580,458,1314,1005,1042,2054,1754,783,124,257,94,90,110,113,113,288,,290,117,57,104,,124,,,,0,,0,512,,,,,,404,873,105,493,,,47,21,,,,21,69,452,,,,104,,0,1027,,581,1571,,150,,0,0,,,0,1040,495,,0,0,12,,,39,1,0,,,,8,6,,50,0,0,32,0,0,,,,,
2024-03-22,1647,742,989,583,459,1312,1003,1045,2063,1763,786,135,267,95,88,109,113,110,287,,292,117,56,108,,124,,,,0,,0,514,,,,,,402,882,105,491,,,46,21,,,,21,69,447,,,,109,,0,1026,,593,1563,,150,,0,0,,,0,1041,502,,0,0,12,,,39,1,0,,,,8,6,,50,0,0,32,0,0,,,,,
2024-03-29,1666,738,1006,585,460,1312,996,1056,2066,1768,784,136,267,94,90,111,113,112,285,,288,112,57,114,,125,,,,0,,0,513,,,,,,408,888,102,493,,,49,19,,,,21,69,447,,,,109,,0,1026,,592,1574,,148,,0,0,,,0,1047,492,,0,0,12,,,39,1,0,,,,8,6,,50,0,0,32,0,0,,,,,
2024-04-05,1617,737,1025,584,460,1312,1008,1089,2050,1761,788,130,265,94,92,110,111,114,288,,292,116,58,120,,123,,,,0,,0,511,,,,,,410,892,101,491,,,54,19,,,,20,69,447,,,,109,,0,1025,,587,1576,,150,,0,0,,,0,1046,495,,0,0,12,,,39,1,0,,,,8,6,,50,0,0,32,0,0,,,,,
2024-04-12,1575,733,1045,604,460,1307,1003,1090,2037,1757,788,129,262,91,90,111,109,116,289,,290,120,58,122,,123,,,,0,,0,513,,,,,,405,884,103,491,,,51,20,,,,20,69,448,,,,107,,0,1023,,589,1574,,150,,0,0,,,0,1047,495,,0,0,12,,,39,2,0,,,,8,6,,50,0,0,32,0,0,,,,,
2024-04-19,1570,729,1055,613,459,1304,1001,1090,2056,1752,783,135,264,92,90,109,109,120,293,,289,120,58,121,,124,,,,0,,0,521,,,,,,400,876,104,491,,,49,21,,,,20,69,447,,,,102,,0,1026,,595,1580,,146,,0,0,,,0,1049,495,,0,0,12,,,39,2,0,,,,8,6,,56,0,0,32,0,0,,,,,
2024-04-26,1594,728,1053,627,460,1308,1001,1091,2048,1761,788,133,261,94,92,109,108,120,291,,288,119,60,122,,123,,,,0,,0,517,,,,,,396,875,101,493,,,52,21,,,,20,69,445,,,,105,,0,1026,,597,1573,,149,,0,0,,,0,1044,501,,0,0,12,,,39,2,0,,,,9,6,,56,0,0,32,0,0,,,,,
2024-05-03,1602,725,1048,645,459,1309,1003,1090,2050,1766,787,133,270,94,93,111,104,120,280,,288,119,60,123,,125,,,,0,,0,516,,,,,,400,883,104,493,,,53,21,,,,20,69,443,,,,106,,0,1025,,598,1565,,150,,0,0,,,0,1044,499,,0,0,12,,,39,2,0,,,,11,6,,56,0,0,32,0,0,,,,,
2024-05-10,1584,722,1055,654,460,1311,1003,1090,2047,1773,790,138,280,94,92,110,107,119,282,,288,120,59,124,,122,,,,0,,0,518,,,,,,401,891,105,490,,,53,19,,,,21,77,440,,,,105,,0,1022,,597,1567,,149,,0,0,,,0,1037,498,,0,0,12,,,39,2,0,,,,11,6,,56,0,0,31,0,0,,,,,
2024-05-17,1605,719,1049,657,460,1310,1000,1091,2041,1770,794,137,285,95,92,110,107,120,289,,285,120,60,123,,124,,,,0,,0,519,,,,,,408,893,102,491,,,55,20,,,,24,80,439,,,,104,,0,1025,,589,1573,,150,,0,0,,,0,1040,492,,0,0,12,,,39,2,0,,,,11,5,,56,0,0,31,0,0,,,,,
2024-05-24,1626,713,1051,662,460,1312,1000,1090,2044,1767,795,130,290,95,91,110,107,118,294,,289,120,59,119,,125,,,,0,,0,517,,,,,,407,896,100,489,,,54,20,,,,24,91,440,,,,103,,0,1011,,588,1571,,150,,0,0,,,0,1042,502,,0,0,12,,,45,2,0,,,,11,5,,56,0,0,31,0,0,,,,,
2024-05-31,1629,712,1057,667,460,1316,1002,1087,2046,1760,799,135,291,95,90,111,105,120,290,,290,120,59,122,,125,,,,0,,0,516,,,,,,404,899,100,493,,,52,20,,,,26,91,445,,,,102,,0,1015,,595,1566,,151,,0,0,,,0,1040,497,,0,0,12,,,50,1,0,,,,11,4,,56,0,0,31,0,0,,,,,
2024-06-07,1620,707,1060,671,460,1319,1001,1088,2037,1768,800,132,289,94,91,111,104,120,293,,290,117,58,121,,124,,,,0,,0,517,,,,,,407,904,102,493,,,51,20,,,,26,91,450,,,,104,,0,1033,,604,1565,,149,,0,0,,,0,1042,503,,0,0,12,,,54,1,0,,,,10,4,,56,0,0,31,0,0,,,,,
2024-06-14,1647,704,1054,673,460,1326,1003,1096,2034,1753,799,134,289,93,91,112,99,119,292,,289,118,57,118,,124,,,,0,,0,518,,,,,,408,912,101,485,,,50,21,,,,26,91,449,,,,104,,0,1028,,603,1567,,148,,0,0,,,0,1045,508,,0,0,12,,,60,1,0,,,,11,4,,56,0,0,31,0,0,,,,,
2024-06-21,1668,700,1054,677,460,1350,1007,1096,2029,1749,808,131,288,92,92,111,93,120,295,,291,117,58,122,,124,,,,0,,0,514,,,,,,410,909,102,482,,,50,21,,,,26,91,448,,,,106,,0,1026,,593,1577,,146,,0,0,,,0,1046,505,,0,0,12,,,59,1,0,,,,11,4,,56,0,0,31,0,0,,,,,
2024-06-28,1678,698,1056,680,458,1364,1007,1097,2034,1749,824,135,288,92,94,111,96,120,295,,289,113,58,123,,124,,,,0,,0,515,,,,,,412,905,100,484,,,51,19,,,,26,91,446,,,,107,,0,1024,,592,1574,,147,,0,0,,,0,1045,515,,0,0,12,,,63,2,0,,,,11,3,,56,0,0,31,0,0,,,,,
2024-07-05,1677,696,1053,676,460,1381,1005,1093,2032,1740,818,134,289,94,97,109,97,120,296,,290,114,56,124,,125,,,,0,,0,518,,,,,,413,906,107,486,,,49,20,,,,26,91,451,,,,102,,0,1027,,583,1569,,146,,0,0,,,0,1046,506,,0,0,12,,,64,3,0,,,,11,3,,56,0,0,31,0,0,,,,,
2024-07-12,1662,696,1054,676,460,1383,998,1095,2026,1737,826,131,286,95,97,109,99,120,295,,292,111,55,123,,124,,,,0,,0,513,,,,,,413,913,107,488,,,47,21,,,,26,91,450,,,,101,,0,1030,,602,1565,,146,,0,0,,,0,1048,496,,0,0,12,,,64,3,0,,,,11,2,,56,1,0,31,0,0,,,,,
2024-07-19,1663,694,1059,678,460,1386,1004,1110,2042,1730,814,132,283,94,96,107,93,118,293,,289,112,56,123,,124,,,,0,,0,515,,,,,,412,920,104,491,,,45,21,,,,26,91,456,,,,102,,0,1021,,590,1560,,147,,0,0,,,0,1045,494,,0,0,12,,,64,3,0,,,,11,4,,55,1,0,31,0,0,,,,,
2024-07-26,1661,694,1055,679,458,1390,1001,1125,2038,1739,824,135,281,85,96,109,91,118,288,,287,117,57,122,,122,,,,0,,0,518,,,,,,409,924,105,490,,,45,21,,,,26,90,457,,,,101,,0,1019,,581,1571,,147,,0,0,,,0,1047,488,,0,0,12,,,65,3,0,,,,12,4,,55,1,0,30,0,0,,,,,
2024-08-02,1673,696,1055,680,460,1393,992,1135,2029,1758,818,132,287,81,96,109,96,119,288,,288,113,57,122,,124,,,,0,,0,517,,,,,,410,937,106,490,,,43,20,,,,26,89,456,,,,104,,0,1018,,584,1573,,148,,0,0,,,0,1051,493,,0,0,12,,,63,3,0,,,,12,3,,56,1,0,28,0,0,,,,,
2024-08-09,1655,702,1055,682,460,1393,992,1136,2033,1766,821,130,286,86,96,111,99,119,289,,290,115,57,123,,124,,,,0,,0,511,,,,,,409,940,102,491,,,42,21,,,,26,90,455,,,,106,,0,1017,,595,1571,,143,,0,0,,,0,1050,503,,0,0,12,,,63,3,0,,,,14,3,,56,1,0,28,0,0,,,,,
2024-08-16,1667,712,1056,684,460,1397,989,1138,2032,1768,816,132,295,88,100,111,104,120,291,,290,116,60,124,,121,,,,0,,0,510,,,,,,412,930,105,490,,,41,21,,,,26,90,458,,,,107,,0,1021,,581,1577,,148,,0,0,,,0,1048,494,,0,0,12,,,63,3,0,,,,14,4,,55,1,0,28,0,0,,,,,
2024-08-23,1676,712,1056,686,460,1397,1006,1137,2033,1774,823,138,298,91,100,111,106,120,292,,290,114,58,120,,123,,,,0,,0,509,,,,,,410,915,106,494,,,41,21,,,,26,90,459,,,,106,,0,1020,,576,1568,,149,,0,0,,,0,1042,487,,0,0,12,,,63,3,0,,,,14,5,,56,1,0,28,0,0,,,,,
2024-08-30,1671,712,1055,687,460,1400,1000,1140,2032,1785,830,129,292,93,99,110,97,120,295,,292,118,58,120,,124,,,,0,,0,518,,,,,,412,916,106,492,,,40,21,,,,26,90,459,,,,106,,0,1022,,580,1568,,149,,0,0,,,0,1049,477,,0,0,12,,,63,2,0,,,,13,5,,56,1,0,28,0,0,,,,,
2024-09-06,1675,709,1055,686,460,1395,1008,1140,2027,1786,828,131,297,91,100,111,97,119,294,,291,118,58,123,,124,,,,0,,0,518,,,,,,409,924,104,494,,,44,21,,,,26,90,459,,,,106,,0,1026,,578,1570,,150,,0,0,,,0,1049,468,,0,0,12,,,63,2,0,,,,13,5,,56,1,0,28,0,0,,,,,
2024-09-13,1657,710,1056,687,460,1392,1004,1140,2016,1800,823,130,299,91,99,111,104,120,294,,290,120,59,122,,125,,,,0,,0,520,,,,,,404,928,100,493,,,42,22,,,,25,90,461,,,,109,,0,1027,,584,1572,,145,,0,0,,,0,1049,455,,0,0,12,,,62,2,0,,,,14,5,,56,1,0,28,0,0,,,,,
2024-09-20,1668,706,1054,686,460,1386,997,1140,2030,1803,824,136,302,94,99,111,109,119,296,,292,120,59,121,,123,,,,0,,0,519,,,,,,403,930,102,489,,,41,22,,,,25,100,460,,,,107,,0,1028,,584,1584,,145,,0,0,,,0,1048,454,,0,0,12,,,62,2,0,,,,14,5,,56,1,0,28,0,0,,,,,
2024-09-27,1679,706,1055,685,460,1381,1007,1140,2038,1818,821,131,300,94,99,111,101,119,294,,292,118,59,123,,125,,,,0,,0,518,,,,,,397,925,102,490,,,40,22,,,,25,100,462,,,,110,,0,1028,,584,1579,,146,,0,0,,,0,1051,462,,0,0,12,,,62,2,0,,,,14,5,,56,1,0,28,0,0,,,,,
2024-10-04,1679,707,1056,685,460,1384,1003,1140,2046,1818,829,134,303,94,99,111,109,119,292,,288,119,60,124,,123,,,,0,,0,512,,,,,,406,925,100,485,,,45,21,,,,25,100,462,,,,110,,0,1024,,590,1571,,145,,0,0,,,0,1049,467,,0,0,12,,,63,2,0,,,,15,6,,56,1,0,28,0,0,,,,,
2024-10-11,1668,708,1057,685,460,1386,1001,1140,2038,1817,827,137,305,94,97,109,116,119,293,,291,119,60,123,,125,,,,0,,0,517,,,,,,406,926,100,485,,,42,23,,,,25,100,462,,,,109,,0,1025,,593,1573,,145,,0,0,,,0,1048,458,,0,0,12,,,63,2,0,,,,15,6,,56,1,0,28,0,0,,,,,
2024-10-18,1673,708,1057,688,467,1383,1008,1141,2044,1818,828,128,302,93,98,111,119,117,296,,289,119,60,123,,125,,,,0,,0,516,,,,,,408,929,102,488,,,39,23,,,,25,100,465,,,,108,,0,1025,,607,1575,,150,,0,0,,,0,1044,460,,0,0,12,,,63,2,0,,,,16,5,,56,1,0,28,0,0,,,,,
2024-10-25,1684,704,1069,690,474,1381,1005,1140,2047,1815,833,131,302,92,97,111,117,118,294,,288,117,58,123,,123,,,,0,,0,514,,,,,,411,929,106,493,,,38,23,,,,25,100,466,,,,109,,0,1025,,609,1569,,150,,0,0,,,0,1043,464,,0,0,12,,,63,2,0,,,,16,4,,56,1,0,28,0,0,,,,,
2024-11-01,1680,705,1078,690,474,1382,1003,1147,2057,1814,836,137,302,93,99,111,120,118,294,,291,116,59,123,,125,,,,0,,0,510,,,,,,415,937,107,492,,,41,23,,,,25,100,464,,,,109,,0,1024,,608,1567,,146,,0,0,,,0,1042,458,,0,0,12,,,63,2,0,,,,17,4,,56,1,0,28,0,0,,,,,
2024-11-08,1672,702,1081,694,474,1382,999,1136,2070,1823,834,132,308,93,99,112,121,118,293,,290,115,53,122,,124,,,,0,,0,510,,,,,,408,943,106,492,,,38,24,,,,25,100,468,,,,109,,0,1026,,618,1561,,144,,0,0,,,0,1044,453,,0,0,12,,,63,2,0,,,,17,4,,55,1,0,28,0,0,,,,,
2024-11-15,1645,703,1080,695,474,1382,1001,1138,2076,1822,830,134,306,94,98,112,120,118,293,,288,116,56,126,,123,,,,0,,0,512,,,,,,406,944,105,489,,,45,25,,,,25,110,468,,,,106,,0,1026,,632,1563,,146,,0,0,,,0,1044,466,,0,0,12,,,63,2,0,,,,18,4,,55,1,0,28,0,0,,,,,
2024-11-22,1653,708,1080,694,474,1391,1002,1139,2077,1813,836,136,306,94,100,111,120,118,286,,288,117,56,127,,124,,,,0,,0,508,,,,,,405,942,105,490,,,41,24,,,,25,110,461,,,,107,,0,1027,,643,1568,,148,,0,0,,,0,1044,460,,0,0,12,,,63,2,0,,,,18,4,,55,1,0,28,0,0,,,,,
2024-11-29,1659,712,1080,693,474,1394,1006,1138,2080,1811,831,137,308,94,100,112,121,120,290,,288,118,59,128,,125,,,,0,,0,507,,,,,,405,941,107,489,,,46,23,,,,25,110,462,,,,107,,0,1028,,636,1562,,149,,0,0,,,0,1044,463,,0,0,12,,,63,2,0,,,,19,4,,55,2,0,28,0,0,,,,,
2024-12-06,1659,714,1082,691,474,1393,1007,1139,2079,1817,830,128,303,94,100,112,121,120,294,,291,119,59,126,,124,,,,0,,0,514,,,,,,405,949,107,491,,,44,22,,,,25,110,463,,,,103,,0,1027,,636,1568,,149,,0,0,,,0,1041,466,,0,0,12,,,63,2,0,,,,19,5,,55,2,0,29,0,0,,,,,
2024-12-13,1661,718,1084,691,474,1389,1006,1138,2081,1809,827,133,297,92,99,112,114,118,293,,292,118,57,128,,123,,,,0,,0,519,,,,,,404,957,106,492,,,47,21,,,,25,111,469,,,,104,,0,1026,,645,1571,,149,,0,0,,,0,1040,460,,0,0,12,,,63,2,0,,,,19,5,,55,2,0,29,0,0,,,,,
2024-12-20,1662,717,1081,687,474,1392,1008,1140,2085,1821,824,135,304,94,99,111,115,120,294,,291,120,57,133,,122,,,,0,,0,515,,,,,,405,965,104,488,,,46,22,,,,25,111,472,,,,107,,0,1026,,647,1556,,148,,0,0,,,0,1042,455,,0,0,12,,,63,1,0,,,,19,6,,56,2,0,28,0,0,,,,,
2024-12-27,1671,719,1079,685,474,1392,1008,1140,2077,1815,827,130,302,85,97,110,120,119,291,,291,120,54,134,,125,,,,0,,0,519,,,,,,403,960,98,481,,,49,22,,,,25,111,474,,,,107,,0,1027,,656,1556,,148,,0,0,,,0,1039,461,,0,0,12,,,63,1,0,,,,19,6,,56,2,0,28,0,0,,,,,
2025-01-03,1664,719,1074,684,474,1388,1007,1138,2073,1811,829,131,306,83,95,110,120,119,289,,289,116,54,132,,124,,,,0,,0,515,,,,,,400,961,97,475,,,49,22,,,,25,111,474,,,,106,,0,1023,,650,1561,,147,,0,0,,,0,1038,464,,0,0,12,,,61,1,0,,,,18,6,,56,2,0,28,0,0,,,,,
2025-01-10,1653,713,1077,686,474,1389,996,1146,2080,1796,825,134,301,82,98,110,119,118,290,,291,120,55,132,,122,,,,0,,0,515,,,,,,397,948,99,483,,,50,21,,,,25,110,474,,,,106,,0,1027,,650,1562,,148,,0,0,,,0,1037,458,,0,0,12,,,61,1,0,,,,18,5,,56,2,0,28,0,0,,,,,
2025-01-17,1681,727,1080,685,474,1394,1000,1141,2073,1789,832,133,307,82,97,109,120,120,290,,288,118,56,131,,123,,,,0,,0,513,,,,,,391,939,105,489,,,54,21,,,,25,110,471,,,,108,,0,1028,,645,1559,,148,,0,0,,,0,1041,454,,0,0,6,,,64,1,0,,,,18,5,,56,2,0,29,0,0,,,,,
2025-01-24,1659,724,1080,684,474,1393,1001,1140,2074,1798,827,131,304,87,98,112,121,119,292,,287,119,55,129,,122,,,,0,,0,514,,,,,,394,938,103,493,,,58,22,,,,25,110,471,,,,108,,0,1028,,645,1569,,149,,0,0,,,0,1038,448,,0,0,6,,,64,1,0,,,,18,5,,56,2,0,29,0,0,,,,,
2025-01-31,1676,728,1081,684,473,1387,1000,1139,2073,1799,830,126,305,93,99,112,121,120,285,,287,119,55,132,,125,,,,0,,0,516,,,,,,396,940,105,492,,,62,23,,,,25,110,467,,,,106,,0,1028,,639,1571,,148,,0,0,,,0,1036,458,,0,0,6,,,64,1,0,,,,16,6,,56,2,0,29,0,0,,,,,
2025-02-07,1660,744,1079,683,473,1387,1001,1139,2082,1799,831,130,300,94,98,117,121,120,288,,284,119,57,131,,125,,,,0,,0,517,,,,,,402,940,105,494,,,67,25,,,,25,109,468,,,,108,,0,1027,,640,1577,,146,,0,0,,,0,1040,461,,0,0,6,,,59,1,0,,,,14,6,,56,2,0,29,0,0,,,,,
2025-02-14,1653,743,1082,686,473,1387,1000,1139,2085,1797,827,134,296,93,99,118,114,117,291,,283,118,60,131,,124,,,,0,,0,513,,,,,,406,949,103,489,,,66,27,,,,25,109,467,,,,108,,0,1028,,640,1582,,147,,0,0,,,0,1041,463,,0,0,6,,,48,1,0,,,,11,6,,56,2,0,29,0,0,,,,,
2025-02-21,1692,760,1080,685,474,1391,1005,1141,2085,1783,819,134,298,94,97,118,119,117,292,,290,120,60,133,,123,,,,0,,0,520,,,,,,404,949,100,492,,,70,27,,,,25,109,467,,,,109,,0,1028,,632,1566,,147,,0,0,,,0,1036,460,,0,0,6,,,48,0,0,,,,13,6,,56,2,0,29,0,0,,,,,
2025-02-27,1686,766,1085,684,472,1388,1000,1140,2094,1786,817,137,302,95,98,118,117,120,288,,287,118,60,132,,125,,,,0,,0,519,,,,,,403,948,99,489,,,74,26,,,,25,109,471,,,,107,,0,1029,,614,1552,,145,,0,0,,,0,1038,462,,0,0,6,,,48,0,0,,,,13,6,,55,2,0,29,0,0,,,,,
2025-03-07,1679,776,1090,676,474,1392,1001,1139,2096,1783,826,137,309,94,98,116,117,119,288,,289,118,59,133,,124,,,,0,,0,519,,,,,,412,945,103,491,,,74,28,,,,25,109,474,,,,109,,0,1028,,634,1552,,149,,0,0,,,0,1048,467,,0,0,6,,,48,0,0,,,,10,6,,56,2,0,29,0,0,,,,,
2025-03-14,1671,778,1103,676,474,1388,1003,1141,2099,1779,833,131,312,95,100,117,117,120,294,,289,116,58,132,,122,,,,0,,0,521,,,,,,410,950,104,486,,,73,29,,,,25,109,476,,,,107,,0,1027,,630,1560,,148,,0,0,,,0,1047,463,,0,0,6,,,48,0,0,,,,9,6,,56,2,0,29,0,0,,,,,
2025-03-21,1694,777,1113,676,474,1391,1010,1140,2094,1777,835,131,309,93,100,119,120,120,294,,289,120,58,133,,125,,,,0,,0,517,,,,,,413,955,104,485,,,74,31,,,,26,109,479,,,,107,,0,1027,,630,1549,,147,,0,0,,,0,1045,463,,0,0,6,,,48,0,0,,,,7,5,,56,2,0,29,0,0,,,,,
2025-03-28,1705,776,1130,676,474,1395,1003,1139,2095,1778,830,131,308,95,100,117,120,120,290,,292,120,59,131,,125,,,,0,,0,521,,,,,,414,958,106,487,,,78,30,,,,26,109,478,,,,109,,0,1026,,634,1545,,148,,0,0,,,0,1050,463,,0,0,6,,,48,0,0,,,,7,5,,56,2,0,29,0,0,,,,,
2025-04-04,1733,778,1131,676,474,1391,1008,1136,2089,1774,827,131,306,95,99,115,116,118,294,,292,120,58,133,,123,,,,0,,0,513,,,,,,418,968,106,487,,,76,30,,,,26,109,481,,,,108,,0,1027,,637,1552,,148,,0,0,,,0,1051,465,,0,0,6,,,48,0,0,,,,7,4,,56,2,0,29,0,0,,,,,
2025-04-11,1725,783,1131,680,473,1380,998,1139,2081,1772,822,132,311,94,99,113,119,118,294,,289,120,60,133,,121,,,,0,,0,514,,,,,,414,970,105,489,,,77,32,,,,26,109,480,,,,109,,0,1028,,638,1559,,151,,0,0,,,0,1051,460,,0,0,6,,,48,1,0,,,,7,4,,56,2,0,29,0,0,,,,,
2025-04-18,1745,784,1131,681,474,1382,999,1138,2092,1769,819,135,309,94,99,114,123,120,293,,289,120,60,134,,124,,,,0,,0,512,,,,,,412,976,105,493,,,78,34,,,,26,109,479,,,,108,,0,1025,,642,1563,,151,,0,0,,,0,1050,459,,0,0,6,,,48,1,0,,,,6,4,,56,1,0,29,0,0,,,,,
2025-04-25,1758,784,1130,681,474,1391,1002,1138,2098,1773,826,132,303,95,99,119,124,120,289,,289,119,58,130,,122,,,,0,,0,499,,,,,,413,985,105,492,,,76,34,,,,27,109,476,,,,107,,0,1028,,651,1567,,151,,0,0,,,0,1053,458,,0,0,6,,,48,2,0,,,,6,4,,56,1,0,29,0,0,,,,,
2025-05-02,1788,783,1131,680,474,1388,1005,1138,2097,1780,829,125,298,95,98,120,123,118,292,,288,120,57,132,,124,,,,0,,0,491,,,,,,415,983,102,493,,,76,33,,,,27,109,476,,,,109,,0,1026,,651,1563,,151,,0,0,,,0,1050,463,,0,0,6,,,48,2,0,,,,6,3,,56,0,0,29,0,0,,,,,
2025-05-09,1775,784,1134,683,474,1396,1001,1139,2090,1784,822,130,307,94,100,120,118,120,294,,288,120,58,133,,121,,,,5,,0,487,,,,,,419,974,95,493,,,73,34,,,,27,109,480,,,,110,,0,1024,,647,1558,,150,,0,0,,,0,1046,467,,0,0,6,,,48,2,0,,,,7,3,,56,0,0,29,0,0,,,,,
2025-05-16,1782,781,1131,685,474,1391,1004,1139,2094,1790,821,130,294,95,99,120,120,118,288,,290,119,56,133,,125,,,,5,,0,484,,,,,,422,965,103,490,,,79,34,,,,27,109,481,,,,109,,0,1037,,646,1552,,148,,0,0,,,0,1050,452,,0,0,6,,,48,2,0,,,,7,3,,56,0,0,29,0,0,,,,,
2025-05-23,1786,779,1130,684,474,1382,1008,1140,2094,1791,830,134,308,95,98,120,120,120,294,,290,120,59,132,,122,,,,5,,0,474,,,,,,420,974,105,493,,,80,33,,,,27,109,480,,,,109,,0,1031,,635,1546,,150,,0,0,,,0,1049,465,,0,0,6,,,48,2,0,,,,6,2,,56,0,0,29,0,0,16,,,,
2025-05-30,1807,778,1131,681,470,1385,1000,1140,2092,1787,822,137,304,95,97,119,122,120,291,,290,118,57,131,,123,,,,5,,0,465,,,,,,421,987,106,491,,,78,31,,,,27,110,480,,,,109,,0,1033,,643,1551,,150,,0,0,,,0,1047,488,,0,0,6,,,48,3,0,,,,6,2,,56,0,0,29,0,0,16,,,,
2025-06-06,1785,781,1131,683,474,1387,1009,1140,2098,1780,830,134,304,90,98,120,124,120,292,,290,118,60,132,,122,,,,5,,0,453,,,,,,421,982,108,498,,,76,32,,,,27,110,489,,,,110,,0,1030,,642,1556,,150,,0,0,,,0,1043,506,,0,0,6,,,48,8,0,,,,5,2,,56,0,0,29,0,0,16,,,,
2025-06-13,1777,791,1129,683,474,1393,1003,1135,2102,1777,830,135,303,87,100,118,125,120,294,,290,118,60,131,,123,,,,5,,0,457,,,,,,421,981,109,505,,,75,32,,,,27,110,496,,,,109,,0,1035,,639,1558,,150,,0,0,,,0,1040,508,,0,0,6,,,48,13,0,,,,4,2,,56,0,0,29,0,0,16,,,,
2025-06-20,1777,802,1130,682,474,1399,1001,1137,2094,1781,829,126,312,92,99,117,120,120,295,,289,116,60,131,,125,,,,5,,0,457,,,,,,419,986,109,511,,,75,32,,,,27,110,497,,,,109,,0,1037,,629,1555,,151,,0,0,,,0,1040,505,,0,0,6,,,48,13,0,,,,4,2,,56,0,0,29,0,0,16,,,,
2025-06-27,1779,817,1133,681,474,1399,1001,1139,2099,1780,830,123,310,95,99,119,119,120,296,,291,120,60,132,,124,,,,5,,0,462,,,,,,418,989,108,508,,,75,34,,,,27,110,498,,,,110,,0,1037,,626,1552,,151,,0,0,,,0,1030,505,,0,0,6,,,48,13,0,,,,5,3,,56,0,0,29,0,0,16,,,,
2025-07-04,1792,830,1132,680,474,1403,995,1139,2096,1786,827,134,302,95,99,119,122,119,294,,292,119,60,133,,124,,,,5,,0,471,,,,,,415,986,109,508,,,79,34,,,,26,110,498,,,,110,,0,1032,,624,1547,,151,,0,0,,,0,1035,508,,0,0,6,,,48,12,0,,,,5,3,,56,0,0,29,0,0,16,,,,
2025-07-11,1748,835,1131,678,472,1397,985,1140,2083,1789,830,137,302,95,99,118,124,120,295,,288,119,60,132,,124,,,,5,,0,480,,,,,,415,986,108,507,,,79,34,,,,26,110,499,,,,108,,0,1033,,599,1553,,151,,0,0,,,0,1036,511,,0,0,6,,,48,12,0,,,,4,4,,56,0,0,29,0,0,16,,,,
2025-07-18,1770,842,1126,681,474,1387,994,1138,2072,1791,825,135,298,95,98,119,124,119,295,,289,118,59,132,,122,,,,5,,0,484,,,,,,413,981,105,501,,,79,33,,,,26,110,501,,,,108,,0,1026,,596,1556,,150,,0,0,,,0,1037,507,,0,0,6,,,48,12,0,,,,4,1,,56,0,0,29,0,0,16,,,,
2025-07-25,1764,846,1130,680,474,1390,993,1138,2083,1794,811,137,304,95,98,120,112,118,292,,290,119,60,131,,125,,,,5,,0,480,,,,,,411,977,107,498,,,82,34,,,,26,110,498,,,,108,,0,1019,,599,1566,,149,,0,0,,,0,1040,510,,0,0,6,,,48,12,0,,,,4,0,,56,0,0,29,0,0,16,,,,
2025-08-01,1780,846,1128,682,474,1393,993,1139,2084,1798,822,137,309,94,98,120,116,119,293,,290,118,59,132,,125,,,,5,,0,484,,,,,,405,977,107,498,,,80,33,,,,26,110,495,,,,107,,0,1015,,605,1559,,149,,0,1,,,0,1043,498,,0,0,6,,,48,12,0,,,,4,1,,56,0,0,29,0,0,16,,,,
2025-08-08,1791,842,1128,683,474,1395,996,1139,2078,1800,821,128,311,94,97,117,121,119,295,,287,120,59,132,,125,,,,5,,0,480,,,,,,401,977,106,501,,,77,33,,,,25,110,497,,,,107,,0,1017,,612,1550,,149,,0,1,,,0,1046,503,,0,0,6,,,48,12,0,,,,4,1,,56,0,0,29,0,0,16,,,,
2025-08-15,1769,852,1131,681,473,1394,998,1140,2082,1795,822,129,307,95,97,119,119,120,294,,287,120,58,131,,122,,,,5,,0,476,,,,,,402,977,104,501,,,78,34,,,,25,110,504,,,,107,,0,1020,,627,1542,,147,,0,1,,,0,1042,508,,0,0,6,,,48,12,0,,,,5,1,,56,0,0,29,0,0,16,,,,
2025-08-22,1775,847,1131,683,474,1394,995,1136,2090,1794,828,136,308,95,98,119,120,120,291,,289,120,58,133,,122,,,,5,,0,488,,,,,,402,979,105,502,,,75,33,,,,25,110,506,,,,109,,0,1021,,624,1543,,150,,0,1,,,0,1040,510,,0,0,6,,,48,12,0,,,,5,1,,56,0,0,29,0,0,16,,,,
2025-08-29,1799,852,1130,681,474,1393,1002,1140,2093,1788,827,136,306,94,98,120,107,120,292,,287,120,58,132,,125,,,,5,,0,503,,,,,,402,981,104,503,,,71,29,,,,25,110,505,,,,109,,0,1023,,626,1551,,148,,0,1,,,0,1050,504,,0,0,6,,,48,12,0,,,,5,2,,56,0,0,29,0,0,16,,,,
2025-09-05,1795,851,1126,684,474,1391,999,1139,2093,1784,823,134,300,95,100,117,112,118,291,,288,120,58,134,,125,,,,5,,0,508,,,,,,401,983,100,509,,,72,29,,,,25,110,507,,,,110,,0,1019,,621,1553,,151,,0,1,,,0,1050,505,,0,0,6,,,48,12,0,,,,5,2,,56,0,0,29,0,0,16,,,,
2025-09-12,1754,849,1133,684,474,1389,990,1134,2096,1786,826,136,304,94,100,118,117,119,295,,291,119,59,133,,123,,,,5,,0,523,,,,,,402,990,100,502,,,72,29,,,,25,110,502,,,,110,,0,1025,,616,1561,,150,,0,0,,,0,1057,493,,0,0,6,,,48,12,0,,,,6,2,,56,0,0,29,0,0,21,,,,
2025-09-19,1777,849,1131,682,474,1383,1001,1135,2097,1786,822,137,301,95,100,117,120,118,295,,292,118,58,131,,124,,,,10,,0,533,,,,,,402,994,101,499,,,70,30,,,,25,110,503,,,,108,,0,1027,,630,1564,,149,,0,0,,,0,1051,505,,0,0,6,,,48,12,0,,,,7,2,,56,0,0,30,0,0,21,,,,
2025-09-26,1796,849,1132,683,474,1392,1003,1138,2091,1786,822,129,305,95,98,118,120,115,294,,291,119,57,132,,124,,,,10,,0,533,,,,,,398,990,100,498,,,72,31,,,,25,110,505,,,,108,,0,1022,,633,1570,,151,,0,0,,,0,1048,507,,0,0,6,,,48,12,0,,,,6,2,,56,0,0,30,0,0,27,,,,
2025-10-03,1798,849,1131,685,474,1384,1004,1138,2089,1787,817,130,307,93,99,117,113,118,294,,290,119,59,132,,121,,,,10,,0,526,,,,,,399,991,103,493,,,71,31,,,,25,110,512,,,,109,,0,1023,,626,1568,,151,,0,0,,,0,1049,509,,0,0,6,,,48,12,0,,,,6,2,,56,0,0,29,0,0,31,,,,
2025-10-10,1788,846,1131,682,474,1385,1007,1137,2086,1787,825,132,307,94,100,119,113,120,293,,291,120,60,134,,124,,,,10,,0,526,,,,,,403,989,105,498,,,71,33,,,,25,111,511,,,,108,,0,1025,,630,1568,,150,,0,0,,,0,1052,506,,0,0,7,,,48,12,0,,,,6,2,,56,0,0,29,0,0,31,,,,
2025-10-17,1789,847,1132,682,474,1384,1006,1136,2091,1791,820,134,295,92,100,118,115,119,292,,292,119,59,132,,125,,,,10,,0,532,,,,,,409,989,105,499,,,71,32,,,,25,111,510,,,,106,,0,1024,,635,1571,,150,,0,0,,,0,1057,493,,0,0,7,,,48,12,0,,,,6,2,,56,0,0,29,0,0,40,,,,
2025-10-24,1787,846,1131,682,474,1386,1002,1136,2083,1789,825,136,293,93,97,117,112,119,291,,291,119,55,133,,124,,,,10,,0,526,,,,,,411,994,104,498,,,69,30,,,,25,111,514,,,,103,,0,1020,,640,1568,,150,,0,0,,,0,1056,491,,0,0,7,,,48,11,0,,,,6,2,,56,0,0,29,0,0,41,,,,
2025-10-31,1779,848,1131,684,474,1391,1002,1136,2087,1788,824,137,300,92,100,119,115,118,290,,291,119,56,131,,125,,,,10,,0,531,,,,,,415,996,102,500,,,72,29,,,,25,112,516,,,,105,,0,1017,,638,1566,,151,,0,0,,,0,1056,485,,0,0,7,,,48,11,0,,,,6,2,,55,0,0,29,0,0,44,,,,
2025-11-07,1794,848,1129,682,474,1386,1005,1137,2095,1795,824,137,293,95,99,120,116,118,290,,289,120,56,131,,124,,,,10,,0,531,,,,,,414,997,98,499,,,68,30,,,,25,112,515,,,,106,,0,1012,,628,1569,,151,,0,0,,,0,1050,483,,0,0,7,,,48,11,0,,,,5,2,,55,0,0,29,0,0,46,,,,
2025-11-14,1779,848,1131,683,474,1383,1004,1130,2088,1798,822,130,286,85,100,119,118,120,296,,292,118,53,132,,125,,,,10,,0,533,,,,,,418,1007,98,486,,,65,31,,,,24,112,507,,,,106,,0,1015,,620,1564,,151,,0,0,,,0,1049,476,,0,0,7,,,48,12,0,,,,5,3,,55,0,0,29,0,0,50,,,,
2025-11-21,1777,849,1131,685,474,1386,992,1136,2085,1796,823,133,294,79,100,119,108,120,292,,286,118,53,132,,123,,,,10,,0,529,,,,,,414,1004,98,492,,,66,31,,,,24,112,507,,,,106,,0,1016,,613,1563,,150,,0,0,,,0,1053,481,,0,0,7,,,48,12,0,,,,6,3,,56,0,0,29,0,0,50,,,,
2025-11-28,1781,846,1130,684,473,1388,1003,1133,2087,1797,824,124,292,81,99,119,105,120,294,,286,116,52,133,,123,,,,10,,0,526,,,,,,418,1007,99,490,,,68,30,,,,27,112,506,,,,105,,0,1011,,612,1554,,145,,0,0,,,0,1042,474,,0,0,7,,,48,12,0,,,,5,4,,56,0,0,29,0,0,50,,,,
2025-12-05,1789,842,1130,685,474,1388,989,1138,2080,1791,810,120,292,81,100,117,106,120,293,,290,117,55,130,,122,,,,10,,0,522,,,,,,421,1015,99,487,,,70,30,,,,27,112,498,,,,107,,0,1010,,601,1554,,147,,0,0,,,0,1041,478,,0,0,7,,,48,12,0,,,,5,5,,56,0,0,29,0,0,50,,,,
2025-12-12,1775,844,1131,682,474,1381,995,1139,2067,1774,821,133,305,82,99,118,101,118,289,,290,119,54,131,,123,,,,10,,0,511,,,,,,418,1001,104,493,,,72,31,,,,27,112,500,,,,106,,0,1010,,605,1553,,148,,0,0,,,0,1037,472,,0,0,7,,,48,13,0,,,,6,5,,56,0,0,29,0,0,50,,,,
2025-12-19,1721,845,1131,681,474,1380,987,1139,2062,1772,825,138,303,92,99,118,93,119,294,,290,120,57,131,,123,,,,10,,0,519,,,,,,419,997,102,494,,,69,31,,,,27,120,500,,,,105,,0,1009,,610,1548,,148,,0,0,,,0,1044,485,,0,0,7,,,48,13,0,,,,5,5,,56,0,0,29,0,5,52,,,,
2025-12-26,1690,844,1126,679,474,1383,986,1139,2064,1769,830,120,299,92,99,118,92,117,294,,288,120,60,132,,123,,,,10,,0,529,,,,,,415,996,93,494,,,71,31,,,,27,120,503,,,,106,,0,1016,,598,1552,,148,,0,0,,,0,1043,486,,0,0,7,,,48,12,0,,,,6,4,,56,0,0,29,0,5,54,,,,
2026-01-02,1680,861,1124,679,474,1378,989,1137,2055,1769,829,119,301,92,99,117,101,119,292,,289,119,60,133,,123,,,,10,,0,526,,,,,,411,1000,87,494,,,71,31,,,,27,120,501,,,,104,,0,1012,,591,1558,,146,,0,0,,,0,1041,494,,0,0,7,,,58,12,0,,,,7,3,,56,0,0,29,0,5,54,,,,
2026-01-09,1718,847,1126,683,474,1377,988,1139,2060,1769,824,120,300,94,99,118,118,116,291,,282,119,59,132,,124,,,,10,,0,517,,,,,,411,1007,88,490,,,70,30,,,,26,120,482,,,,106,,0,1005,,596,1537,,150,,0,0,,,0,1050,493,,0,0,7,,,64,12,0,,,,8,3,,56,0,0,29,0,5,56,,,,
2026-01-16,1710,850,1124,679,472,1374,987,1133,2057,1770,837,120,308,95,100,117,121,117,289,,286,120,57,134,,121,,,,10,,0,524,,,,,,411,1012,89,491,,,70,30,,,,26,120,489,,,,104,,0,1010,,592,1537,,149,,0,0,,,0,1049,491,,0,0,7,,,69,13,0,,,,9,3,,56,0,0,29,0,5,58,,,,
2026-01-23,1694,869,1122,668,474,1383,994,1136,2059,1788,836,117,305,92,99,118,112,116,287,,288,118,56,133,,121,,,,10,,0,520,,,,,,416,1023,89,485,,,71,28,,,,25,120,486,,,,102,,0,1010,,600,1540,,149,,0,0,,,0,1051,482,,0,0,7,,,76,13,0,,,,10,3,,56,0,0,29,0,5,57,,,,
2026-01-30,1690,884,1118,669,473,1386,983,1132,2071,1796,839,120,299,93,98,119,114,118,291,,289,114,56,132,,124,,,,10,,0,527,,,,,,417,1020,88,473,,,71,31,,,,25,120,485,,,,100,,0,1016,,602,1545,,148,,0,0,,,0,1056,472,,0,0,7,,,77,13,0,,,,9,4,,56,0,0,29,0,5,58,,,,
2026-02-06,1699,895,1113,667,474,1391,991,1130,2088,1792,835,125,284,92,99,117,114,118,288,,285,116,57,131,,123,,,,10,,0,527,,,,,,414,1000,97,482,,,75,33,,,,25,120,492,,,,101,,0,1013,,600,1546,,149,,0,0,,9,0,1052,480,,0,0,7,,,81,18,0,,,,8,4,,56,0,0,29,0,5,58,1,20,,
2026-02-13,1695,907,1110,673,474,1390,995,1122,2072,1800,824,128,288,89,98,119,118,117,289,,287,119,58,131,,122,,,,10,,0,529,,,,,,417,1002,101,487,,,77,33,,,,25,121,500,,,,106,,0,1003,,593,1537,,144,,0,0,,9,0,1050,486,,0,0,7,,,81,18,0,,,,8,4,,56,0,0,29,0,5,58,1,20,,
2026-02-20,1659,928,1102,676,474,1380,996,1131,2070,1797,836,127,286,94,99,120,123,114,291,,289,119,59,132,,121,,,,10,,0,531,,,,,,421,994,108,501,,,72,34,,,,27,121,505,,,,106,,0,1016,,592,1531,,144,,0,0,,14,0,1052,487,,0,0,10,,,81,18,0,,,,8,4,,56,0,0,29,0,5,58,1,20,,
2026-02-27,1680,938,1100,677,472,1388,997,1137,2070,1793,833,125,283,90,100,119,118,115,292,,288,118,59,133,,123,,,,10,,0,533,,,,,,425,998,107,512,,,73,35,,,,26,121,503,,,,105,,0,1010,,580,1532,,144,,0,0,,19,0,1048,472,,0,0,10,,,81,18,0,,,,8,4,,56,0,0,29,0,5,58,1,20,,
2026-03-06,1711,947,1105,676,473,1394,998,1136,2065,1791,828,118,280,94,100,120,115,116,291,,287,118,59,133,,122,,,,15,,0,532,,,,,,422,1004,102,511,,,73,35,,,,26,121,501,,,,105,,0,1012,,566,1534,,145,,0,0,,22,0,1049,473,,0,0,10,,,80,18,0,,,,8,4,,56,0,0,29,0,5,59,1,20,0,
2026-03-13,1713,945,1109,676,473,1396,1000,1135,2058,1789,832,119,281,93,100,120,114,117,283,,289,118,58,130,,121,,,,15,,0,531,,,,,,417,1003,103,510,,,73,35,,,,26,121,499,,,,106,,0,1010,,569,1538,,151,,0,0,,22,0,1055,470,,0,0,10,,,80,18,0,,,,8,4,,56,0,0,29,0,5,59,1,20,0,
2026-03-20,1709,955,1104,680,472,1396,995,1131,2065,1779,826,132,283,93,99,119,107,117,286,,289,118,59,134,,122,,,,15,,0,532,,,,,,417,1006,104,508,,,73,35,,,,27,121,504,,,,109,,0,1011,,568,1537,,151,,0,0,,22,0,1046,476,,0,0,10,,,80,18,0,,,,7,4,,56,0,0,29,0,5,59,0,20,0,
2026-03-27,1735,954,1099,684,474,1400,996,1133,2067,1780,828,135,273,91,98,118,108,117,283,,291,118,59,132,,122,,,,15,,0,530,,,,,,423,1012,105,514,,,76,36,,,,27,121,499,,,,108,,0,1009,,555,1540,,152,,0,0,,22,0,1048,465,,0,0,10,,,80,19,0,,,,8,4,,56,0,0,29,0,5,60,0,20,5,
2026-04-03,1732,959,1102,683,474,1390,997,1132,2082,1787,829,135,284,94,97,118,111,117,281,,288,119,59,132,,119,,,,15,,0,531,,,,,,419,1022,103,512,,,75,38,,,,27,121,502,,,,108,,0,1013,,556,1537,,152,,0,0,,22,0,1049,461,,0,0,10,,,80,19,0,,,,6,4,,55,0,0,29,0,5,60,0,20,5,
2026-04-10,1750,964,1106,684,474,1386,999,1134,2076,1786,837,131,278,93,99,117,112,115,282,,284,119,60,132,,119,,,,15,,0,532,,,,,,417,1028,104,513,,,74,36,,,,27,121,503,,,,108,,0,1017,,553,1531,,148,,0,0,,22,0,1049,453,,0,0,10,,,80,25,0,,,,5,5,,55,0,0,29,0,5,62,0,20,5,
2026-04-17,1748,964,1106,684,473,1381,995,1127,2070,1793,834,128,273,94,100,117,109,118,289,,289,119,60,132,,121,,,,15,,0,533,,,,,,420,1029,107,497,,,72,37,,,,27,121,503,,,,107,,0,1012,,553,1537,,148,,0,0,,22,0,1045,452,,0,0,10,,,79,24,0,,,,5,5,,56,0,0,29,0,5,63,0,25,5,
2026-04-24,1766,964,1112,684,474,1375,978,1116,2061,1804,830,131,275,94,99,117,105,118,287,,287,119,60,133,,125,,,,15,,0,534,,,,,,422,1030,105,494,,,74,38,,,,27,121,504,,,,108,,0,1016,,540,1544,,145,,0,0,,23,0,1041,460,,0,0,10,,,79,25,0,,,,4,5,,56,0,0,29,0,5,63,0,25,5,
2026-05-01,1780,967,1114,683,474,1375,966,1127,2062,1805,837,133,272,85,99,118,109,118,290,,286,117,59,132,,125,,,,15,,0,526,,,,,,426,1039,105,495,,,74,40,,,,27,121,504,,,,104,,0,1014,,542,1545,,147,,0,0,,22,0,1039,476,,0,0,10,,,79,25,0,,,,4,5,,56,0,0,29,0,5,63,0,25,5,
2026-05-08,1780,964,1118,684,474,1370,954,1121,2067,1802,853,137,266,89,98,120,112,120,286,,289,118,59,130,,125,,,,15,,0,531,,,,,,423,1034,105,503,,,73,41,,,,27,121,499,,,,104,,0,1014,,538,1538,,148,,0,0,,22,0,1042,485,,0,0,10,,,78,25,0,,,,4,5,,55,0,0,29,0,5,63,0,24,10,
2026-05-15,1785,968,1116,678,468,1368,959,1127,2064,1796,858,137,265,89,98,120,117,120,285,,290,117,59,127,,124,,,,15,,0,530,,,,,,421,1042,103,507,,,73,43,,,,27,121,499,,,,106,,0,1015,,534,1525,,147,,0,0,,22,0,1046,493,,0,0,10,,,77,25,0,,,,4,4,,55,0,0,29,0,5,64,0,24,10,
2026-05-22,1769,967,1110,684,473,1375,962,1133,2065,1799,857,137,264,89,98,119,122,119,284,,289,118,56,125,,122,,,,15,,0,534,,,,,,421,1039,107,503,,,75,43,,,,27,121,498,,,,108,,0,1017,,530,1528,,148,,0,0,,22,0,1052,501,,0,0,10,,,79,25,0,,,,4,3,,55,0,0,29,0,5,65,0,24,9,
2026-05-29,1804,967,1110,682,471,1377,961,1137,2067,1796,861,123,260,95,97,118,120,115,283,,280,118,56,125,,120,,,,15,,0,531,,,,,,424,1044,106,496,,,72,42,,,,27,121,497,,,,106,,0,1013,,530,1517,,148,,0,0,,22,0,1051,500,,0,0,10,,,79,23,0,,,,5,3,,55,0,0,29,0,5,66,0,24,9,
2026-06-05,1804,966,1115,679,470,1383,963,1134,2070,1791,856,111,245,94,97,118,114,114,282,,288,117,55,124,,124,,,,15,,0,532,,,,,,420,1044,106,492,,,71,43,,,,27,121,498,,,,103,,0,1017,,536,1522,,150,,0,0,,22,0,1045,480,,0,0,9,,,79,26,0,,,,5,4,,55,0,0,29,0,5,66,0,24,9,
2026-06-12,1789,969,1119,681,466,1386,969,1133,2075,1792,855,113,242,89,99,120,115,116,276,,288,115,54,128,,124,,,,15,,0,517,,,,,,413,1038,104,496,,,68,44,,,,27,121,504,,,,105,,0,1019,,533,1523,,148,,0,0,,22,0,1039,484,,0,0,9,,,80,25,0,,,,4,4,,55,0,0,29,0,5,68,0,24,10,
2026-06-19,1793,966,1122,684,468,1394,972,1138,2079,1786,864,115,244,89,99,116,103,116,274,,287,116,55,129,,123,,,,15,,0,515,,,,,,407,1032,103,501,,,67,44,,,,27,121,507,,,,106,,0,1018,,522,1527,,149,,0,0,,22,0,1044,483,,0,0,9,,,80,24,0,,,,5,4,,56,0,0,30,0,5,66,0,24,10,
2026-06-26,1775,966,1125,683,472,1395,975,1136,2090,1784,873,126,247,85,100,115,93,117,272,,285,114,54,131,,119,,,,15,,0,516,,,,,,412,1022,106,503,,,65,46,,,,27,121,503,,,,106,,0,1026,,512,1530,,150,,0,0,,22,0,1044,488,,0,0,9,,,79,27,0,,,,5,4,,56,0,0,30,0,5,69,0,24,10,
2026-07-03,1751,965,1128,683,474,1395,985,1134,2089,1788,872,132,253,88,100,117,97,119,280,,288,118,55,129,,120,,,,15,,0,528,,,,,,409,1030,108,499,,,63,47,,,,27,121,499,,,,105,,0,1025,,528,1530,,151,,0,0,,25,0,1042,502,,0,0,9,,,79,25,0,,,,5,4,,56,0,0,29,0,5,69,0,24,10,
2026-07-10,1753,967,1129,682,474,1395,983,1134,2085,1786,883,136,258,92,100,116,97,119,290,,284,117,54,131,,119,,,,15,,0,524,,,,,,405,1037,109,504,,,62,48,,,,27,121,499,,,,108,,0,1015,,516,1530,,151,,0,0,,25,0,1052,503,,0,0,9,,,79,25,0,,,,5,4,,56,0,0,29,0,5,69,0,24,10,
2026-07-17,1727,966,1129,682,472,1400,984,1125,2079,1789,872,126,267,91,100,119,100,119,290,,286,119,52,133,,120,,,,15,,0,531,,,,,,413,1046,107,507,,,60,48,,,,27,121,498,,,,108,,0,1013,,516,1537,,148,,0,0,,25,0,1048,508,,0,0,8,,,79,23,0,,,,5,5,,56,0,0,29,0,5,70,0,24,10,
2026-07-24,1747,965,1130,679,474,1401,986,1135,2080,1793,873,132,273,91,100,117,96,119,293,,286,118,51,133,,120,,,,15,,0,536,,,,,,411,1052,107,509,,,60,50,,,,27,120,496,,,,104,,0,1009,,521,1559,,150,,0,0,,25,0,1048,511,,0,0,8,,,80,23,0,,,,5,5,,56,0,0,29,0,5,70,0,24,10,
2026-07-31,1745,966,1130,679,474,1402,989,1140,2081,1810,877,136,282,93,100,113,95,120,289,,289,117,55,129,,123,,,,15,,0,538,,,,,,412,1063,107,509,,,61,51,,,,27,120,501,,,,109,,0,1008,,518,1559,,152,,0,0,,25,0,1052,507,,0,0,8,,,79,25,0,,,,6,5,,56,0,0,29,0,5,70,0,24,10,
2026-08-07,1760,964,1128,680,472,1398,989,1137,2104,1812,876,132,282,95,100,117,98,120,293,,290,119,57,132,,123,,,,15,,0,530,,,,,,413,1061,105,501,,,59,51,,,,27,120,505,,,,110,,0,1009,,509,1558,,152,,0,0,,25,0,1053,509,,0,0,8,,,79,24,0,,,,6,6,,56,0,0,29,0,5,70,0,24,10,
2026-08-14,1767,967,1131,679,474,1397,988,1136,2109,1817,872,134,278,95,100,115,98,119,291,,287,118,56,130,,123,,,,15,,0,529,,,,,,411,1065,106,502,,,56,51,,,,27,120,501,,,,110,,0,1012,,506,1559,,152,,0,0,,25,0,1052,508,,0,0,8,,,80,25,0,,,,6,6,,56,0,0,29,0,5,71,0,24,10,
2026-08-21,1770,967,1131,681,474,1395,988,1147,2120,1818,868,137,283,94,100,116,107,119,289,,289,117,54,132,,123,,,,15,,0,527,,,,,,412,1070,102,503,,,57,51,,,,27,119,500,,,,105,,0,1013,,507,1561,,151,,0,0,,25,0,1047,502,,0,0,8,,,82,25,0,,,,6,5,,56,0,0,29,0,5,71,0,22,10,
2026-08-28,1770,967,1130,682,473,1392,993,1160,2120,1817,879,138,283,95,100,118,106,119,286,,288,114,58,130,,124,,,,15,,0,533,,,,,,422,1074,104,495,,,57,50,,,,27,120,497,,,,108,,0,1014,,512,1566,,150,,0,0,,24,0,1044,500,,0,0,8,,,80,25,0,,,,5,5,,56,0,0,29,0,5,72,0,22,10,
2026-09-04,1756,967,1131,681,473,1388,992,1172,2127,1824,875,125,294,94,99,118,114,117,291,,286,114,58,133,,124,,,,15,,0,535,,,,,,422,1080,108,494,,,60,49,,,,27,120,496,,,,109,,0,1018,,509,1569,,149,,0,0,,24,0,1040,496,,0,0,8,,,79,25,0,,,,6,4,,56,0,0,29,0,5,72,0,22,10,
2026-09-11,1765,968,1130,681,474,1398,988,1180,2128,1821,876,134,297,93,100,117,105,118,292,,287,114,58,134,,124,,,,15,,0,538,,,,,,421,1085,108,499,,,60,50,,,,27,120,496,,,,107,,0,1021,,497,1569,,149,,0,0,,24,0,1033,495,,0,0,8,,,78,24,0,,,,4,5,,56,0,0,29,0,5,73,0,22,9,
2026-09-18,1757,966,1131,681,474,1395,988,1190,2130,1818,874,126,297,90,100,119,105,117,291,,286,116,58,132,,124,,,,15,,0,536,,,,,,421,1082,107,506,,,60,51,,,,27,120,495,,,,110,,0,1025,,496,1579,,151,,0,0,,24,0,1035,495,,0,0,8,,,81,24,0,,,,4,5,,56,0,0,29,0,5,74,0,22,9,
2026-09-25,1771,966,1130,683,474,1400,969,1185,2133,1816,865,126,295,94,100,118,111,119,289,,289,116,58,132,,123,,,,15,,0,531,,,,,,421,1088,107,506,,,63,50,,,,27,120,498,,,,108,,0,1022,,498,1574,,150,,0,0,,24,0,1040,510,,0,0,8,,,80,21,0,,,,4,5,,56,0,0,29,0,5,74,0,22,9,
2026-10-02,1779,967,1130,681,474,1394,975,1204,2126,1810,873,134,297,94,100,118,113,119,288,,291,116,57,132,,125,,,,15,,0,524,,,,,,417,1088,107,508,,,63,50,,,,27,120,500,,,,108,,0,1023,,500,1577,,150,,0,0,,24,0,1035,508,,0,0,7,,,78,19,0,,,,4,5,,56,0,0,29,0,5,74,0,22,9,0
