date,dodge,waupun,green-bay,columbia,racine-youthful-offender,fox-lake,jackson,kettle-moraine,oshkosh,racine,oakhill,black-river,drug-abuse,flambeau,gordon,mcnaughton,st-croix,sanger-powers,winnebago,abode,john-burke,kenosha,marshall-sherrer,oregon,st-johns,thompson,prairie-du-chien,wrc,taycheedah,milwaukee-womens,ellsworth,ethan-allen,lincoln-hills,mendota-juvenile,sprite,youth-leadership,southern-oaks,wspf,felmers-chaney,redgranite,msdf,stanley,sturtevant,new-lisbon,chippewa-valley,copper-lake,grow-academy
1999-01-01,1150,825,574,591,400,691,823,716,1494,1070,300,50,125,50,52,55,64,60,60,30,161,60,32,78,30,90,,236,464,42,100,342,298,43,12,48,57,,,,,,,,,,
1999-01-08,1150,825,574,591,400,691,823,716,1494,1070,300,50,125,50,52,55,64,60,60,30,161,60,32,78,30,90,,236,464,42,100,342,298,43,12,48,57,,,,,,,,,,
1999-01-15,1195,882,749,541,400,691,837,783,1494,1021,300,66,125,50,52,55,94,60,60,30,186,60,32,78,30,118,,238,464,42,100,342,298,43,12,48,57,,,,,,,,,,
1999-01-22,1195,882,749,541,400,691,837,783,1494,1021,300,66,125,50,52,55,94,60,60,30,186,60,32,78,30,118,,240,464,42,100,342,298,43,12,48,57,,,,,,,,,,
1999-01-29,1195,882,749,541,400,691,837,783,1494,1021,300,66,125,50,52,55,94,60,60,30,186,60,32,78,30,118,,243,464,42,100,342,298,43,12,48,57,,,,,,,,,,
1999-02-05,1195,882,749,541,400,691,837,783,1494,1021,300,66,125,50,52,55,94,60,60,30,186,60,32,78,30,118,,242,464,42,100,342,298,43,12,48,57,,,,,,,,,,
1999-02-12,1195,882,749,541,400,691,837,783,1494,1021,300,66,125,50,52,55,94,60,60,30,186,60,32,78,30,118,,240,464,42,100,342,298,43,12,48,57,,,,,,,,,,
1999-02-19,1195,882,749,541,400,691,837,783,1494,1021,300,66,125,50,52,55,94,60,60,30,186,60,32,78,30,118,,240,464,42,100,342,298,43,12,48,57,,,,,,,,,,
1999-02-26,1195,882,749,541,400,691,837,783,1494,1021,300,66,125,50,52,55,94,60,60,30,186,60,32,78,30,118,,239,464,42,100,342,298,43,12,48,57,,,,,,,,,,
1999-03-05,1195,882,749,541,400,691,837,783,1494,1021,300,66,125,50,52,55,94,60,60,30,186,60,32,78,30,118,,242,464,42,100,342,298,43,12,48,57,,,,,,,,,,
1999-03-12,1195,882,749,541,400,691,837,783,1494,1021,300,66,125,50,52,55,94,60,60,30,186,60,32,78,30,118,,241,464,42,100,342,298,43,12,48,57,,,,,,,,,,
1999-03-19,1195,882,749,541,400,691,837,783,1494,1021,300,66,125,50,52,55,94,60,60,30,186,60,32,78,30,118,,241,464,42,100,342,298,43,12,48,57,,,,,,,,,,
1999-03-26,1195,882,749,541,400,691,837,783,1494,1021,300,66,125,50,52,55,94,60,60,30,186,60,32,78,30,118,,244,464,42,100,342,298,43,12,48,57,,,,,,,,,,
1999-04-02,1195,882,749,541,400,691,837,783,1494,1021,300,66,125,50,52,55,94,60,60,30,186,60,32,78,30,118,,245,464,42,100,342,298,43,12,48,57,,,,,,,,,,
1999-04-09,1195,882,749,541,400,691,837,783,1494,1021,300,66,125,50,52,55,94,60,60,30,186,60,32,78,30,118,,239,464,42,100,342,298,43,12,48,57,,,,,,,,,,
1999-04-16,1195,882,749,541,400,691,837,783,1494,1021,300,66,125,50,52,55,94,60,60,30,186,60,32,78,30,118,,242,464,42,100,342,298,43,12,48,57,,,,,,,,,,
1999-04-23,1195,882,749,541,400,691,837,783,1494,1021,300,66,125,50,52,55,94,60,60,30,186,60,32,78,30,118,,244,464,42,100,342,298,43,12,48,57,,,,,,,,,,
1999-04-30,1195,882,749,541,400,691,837,783,1494,1021,300,66,125,50,52,55,94,60,60,30,186,60,32,78,30,118,,223,464,42,100,342,298,43,12,48,57,,,,,,,,,,
1999-05-07,1195,882,749,541,400,691,837,783,1494,1021,300,66,125,50,52,55,94,60,60,30,186,60,32,78,30,118,,226,464,42,100,342,298,43,12,48,57,,,,,,,,,,
1999-05-14,1195,882,749,541,400,691,837,783,1494,1021,300,66,125,50,52,55,94,60,60,30,186,60,32,78,30,118,,225,464,42,100,342,298,43,12,48,57,,,,,,,,,,
1999-05-21,1195,882,749,541,400,691,837,783,1494,1021,300,66,125,50,52,55,94,60,60,30,186,60,32,78,30,118,,223,464,42,100,342,298,43,12,48,57,,,,,,,,,,
1999-05-28,1195,882,749,541,400,691,837,783,1494,1021,300,66,125,50,52,55,94,60,60,30,186,60,32,78,30,118,,226,464,42,100,342,298,43,12,48,57,,,,,,,,,,
1999-06-04,1195,882,749,541,400,691,837,783,1494,1021,300,66,125,50,52,55,94,60,60,30,186,60,32,78,30,118,,227,464,42,100,342,298,43,12,48,57,,,,,,,,,,
1999-06-11,1195,882,749,541,400,691,837,783,1494,1021,300,66,125,50,52,55,94,60,60,30,186,60,32,78,30,118,,226,464,42,100,342,298,43,12,48,57,,,,,,,,,,
1999-06-18,1195,882,749,541,400,691,837,783,1494,1021,300,66,125,50,52,55,94,60,60,30,186,60,32,78,30,118,,221,464,42,100,342,298,43,12,48,57,,,,,,,,,,
1999-06-25,1195,882,749,541,400,691,837,783,1494,1021,300,66,125,50,52,55,94,60,60,30,186,60,32,78,30,118,,222,464,42,100,342,298,43,12,48,57,,,,,,,,,,
1999-07-02,1195,882,749,541,400,691,837,783,1494,1021,300,66,125,50,52,55,94,60,60,30,186,60,32,78,30,118,,227,464,42,100,342,298,43,12,48,57,,,,,,,,,,
1999-07-09,1195,882,749,541,400,691,837,783,1494,1021,300,66,125,50,52,55,94,60,60,30,186,60,32,78,30,118,,228,464,42,100,342,298,43,12,48,57,,,,,,,,,,
1999-07-16,1195,882,749,541,400,691,837,783,1494,1021,300,66,125,50,52,55,94,60,60,30,186,60,32,78,30,118,,227,464,42,100,342,298,43,12,48,57,,,,,,,,,,
1999-07-23,1195,882,749,541,400,691,837,783,1494,1021,300,66,125,50,52,55,94,60,60,30,186,60,32,78,30,118,,224,464,42,100,342,298,43,12,48,57,,,,,,,,,,
1999-07-30,1195,882,749,541,400,691,837,783,1494,1021,300,66,125,50,52,55,94,60,60,30,186,60,32,78,30,118,,227,464,42,100,342,298,43,12,48,57,,,,,,,,,,
1999-08-06,1195,882,749,541,400,691,837,783,1494,1021,300,66,125,50,52,55,94,60,60,30,186,60,32,78,30,118,,228,464,42,100,342,298,43,12,48,57,,,,,,,,,,
1999-08-13,1195,882,749,541,400,691,837,783,1494,1021,300,66,125,50,52,55,94,60,60,30,186,60,32,78,30,118,,228,464,42,100,342,298,43,12,48,57,,,,,,,,,,
1999-08-20,1195,882,749,541,400,691,837,783,1494,1021,300,66,125,50,52,55,94,60,60,30,186,60,32,78,30,118,,225,464,42,100,342,298,43,12,48,57,,,,,,,,,,
1999-08-27,1195,882,749,541,400,691,837,783,1494,1021,300,66,125,50,52,55,94,60,60,30,186,60,32,78,30,118,,228,464,42,100,342,298,43,12,48,57,,,,,,,,,,
1999-09-03,1195,882,749,541,400,691,837,783,1494,1021,300,66,125,50,52,55,94,60,60,30,186,60,32,78,30,118,,227,464,42,100,342,298,43,12,48,57,,,,,,,,,,
1999-09-10,1195,882,749,541,400,691,837,783,1494,1021,300,66,125,50,52,55,94,60,60,30,186,60,32,78,30,118,,227,464,42,100,342,298,43,12,48,57,,,,,,,,,,
1999-09-17,1195,882,749,541,400,691,837,783,1494,1021,300,66,125,50,52,55,94,60,60,30,186,60,32,78,30,118,,226,464,42,100,342,298,43,12,48,57,,,,,,,,,,
1999-09-24,1195,882,749,541,400,691,837,783,1494,1021,300,66,125,50,52,55,94,60,60,30,186,60,32,78,30,118,,226,464,42,100,342,298,43,12,48,57,,,,,,,,,,
1999-10-01,1195,882,749,541,400,691,837,783,1494,1021,300,66,125,50,52,55,94,60,60,30,186,60,32,78,30,118,,225,464,42,100,342,298,43,12,48,57,,,,,,,,,,
1999-10-08,1195,882,749,541,400,691,837,783,1494,1021,300,66,125,50,52,55,94,60,60,30,186,60,32,78,30,118,,223,464,42,100,342,298,43,12,48,57,,,,,,,,,,
1999-10-15,1195,882,749,541,400,691,837,783,1494,1021,300,66,125,50,52,55,94,60,60,30,186,60,32,78,30,118,,228,464,42,100,342,298,43,12,48,57,,,,,,,,,,
1999-10-22,1195,882,749,541,400,691,837,783,1494,1021,300,66,125,50,52,55,94,60,60,30,186,60,32,78,30,118,,229,464,42,100,342,298,43,12,48,57,,,,,,,,,,
1999-10-29,1195,882,749,541,400,691,837,783,1494,1021,300,66,125,50,52,55,94,60,60,30,186,60,32,78,30,118,,225,464,42,100,342,298,43,12,48,57,,,,,,,,,,
1999-11-05,1195,882,749,541,400,691,837,783,1494,1021,300,66,125,50,52,55,94,60,60,30,186,60,32,78,30,118,,225,464,42,100,342,298,43,12,48,57,,,,,,,,,,
1999-11-12,1195,882,749,541,400,691,837,783,1494,1021,300,66,125,50,52,55,94,60,60,30,186,60,32,78,30,118,,223,464,42,100,342,298,43,12,48,57,,,,,,,,,,
1999-11-19,1195,882,749,541,400,691,837,783,1494,1021,300,66,125,50,52,55,94,60,60,30,186,60,32,78,30,118,,224,464,42,100,342,298,43,12,48,57,22,,,,,,,,,
1999-11-25,1195,882,749,541,400,691,837,783,1494,1021,300,66,125,50,52,55,94,60,60,30,186,60,32,78,30,118,,226,464,42,100,342,298,43,12,48,57,23,,,,,,,,,
1999-11-26,1195,882,749,541,400,691,837,783,1494,1021,300,66,125,50,52,55,94,60,60,30,186,60,32,78,30,118,,226,464,42,100,342,298,43,12,48,57,23,,,,,,,,,
1999-12-03,1195,882,749,541,400,691,837,783,1494,1021,300,66,125,50,52,55,94,60,60,30,186,60,32,78,30,118,,225,464,42,100,342,298,43,12,48,57,44,,,,,,,,,
1999-12-10,1195,882,749,541,400,691,837,783,1494,1021,300,66,125,50,52,55,94,60,60,30,186,60,32,78,30,118,,227,464,42,100,342,298,43,12,48,57,65,,,,,,,,,
1999-12-17,1195,882,749,541,400,691,837,783,1494,1021,300,66,125,50,52,55,94,60,60,30,186,60,32,78,30,118,,228,464,42,100,342,298,43,12,48,57,121,,,,,,,,,
1999-12-24,1195,882,749,541,400,691,837,783,1494,1021,300,66,125,50,52,55,94,60,60,30,186,60,32,78,30,118,,227,464,42,100,342,298,43,12,48,57,121,,,,,,,,,
1999-12-31,1195,882,749,541,400,691,837,783,1494,1021,300,66,125,50,52,55,94,60,60,30,186,60,32,78,30,118,,225,464,42,100,342,298,43,12,48,57,121,,,,,,,,,
2000-01-07,1195,882,749,541,400,691,837,783,1494,1021,300,66,125,50,52,55,94,60,60,30,186,60,32,78,30,118,,226,464,42,100,342,298,43,12,48,57,122,,,,,,,,,
2000-01-14,1195,882,749,541,400,691,837,783,1494,1021,300,66,125,50,52,55,94,60,60,30,186,60,32,78,30,118,,227,464,42,100,342,298,43,12,48,57,141,,,,,,,,,
2000-01-21,1195,882,749,541,400,691,837,783,1494,1021,300,66,125,50,52,55,94,60,60,30,186,60,32,78,30,118,,224,464,42,100,342,298,43,12,48,57,146,,,,,,,,,
2000-01-28,1195,882,749,541,400,691,837,783,1494,1021,300,66,125,50,52,55,94,60,60,30,186,60,32,78,30,118,,228,464,42,100,342,298,43,12,48,57,145,,,,,,,,,
2000-02-04,1195,882,749,541,400,691,837,783,1494,1021,300,66,125,50,52,55,94,60,60,30,186,60,32,78,30,118,,210,464,42,100,342,298,43,12,48,57,146,,,,,,,,,
2000-02-11,1195,882,749,541,400,691,837,783,1494,1021,300,66,125,50,52,55,94,60,60,30,186,60,32,78,30,118,,208,464,42,100,342,298,43,12,48,57,146,,,,,,,,,
2000-02-18,1195,882,749,541,400,691,837,783,1494,1021,300,66,125,50,52,55,94,60,60,30,186,60,32,78,30,118,,204,464,42,100,342,298,43,12,48,57,155,,,,,,,,,
2000-02-25,1195,882,749,541,400,691,837,783,1494,1021,300,66,125,50,52,55,94,60,60,30,186,60,32,78,30,118,,205,464,42,100,342,298,43,12,48,57,155,,,,,,,,,
2000-03-03,1195,882,749,541,400,691,837,783,1494,1021,300,66,125,50,52,55,94,60,60,30,186,60,32,78,30,118,,203,464,42,100,342,298,43,12,48,57,155,,,,,,,,,
2000-03-10,1195,882,749,541,400,691,837,783,1494,1021,300,66,125,50,52,55,94,60,60,30,186,60,32,78,30,118,,204,464,42,100,342,298,43,12,48,57,156,,,,,,,,,
2000-03-17,1195,882,749,541,400,691,837,783,1494,1021,300,66,125,50,52,55,94,60,60,30,186,60,32,78,30,118,,205,464,42,100,342,298,43,12,48,57,163,,,,,,,,,
2000-03-24,1195,882,749,541,400,691,837,783,1494,1021,300,66,125,50,52,55,94,60,60,30,186,60,32,78,30,118,,206,464,42,100,342,298,43,12,48,57,167,,,,,,,,,
2000-03-31,1195,882,749,541,400,691,837,783,1494,1021,300,66,125,50,52,55,94,60,60,30,186,60,32,78,30,118,,204,464,42,100,342,298,43,12,48,57,167,,,,,,,,,
2000-04-07,1195,882,749,541,400,691,837,783,1494,1021,300,66,125,50,52,55,94,60,60,30,186,60,32,78,30,118,,204,464,42,100,342,298,43,12,48,57,168,,,,,,,,,
2000-04-14,1195,882,749,541,400,691,837,783,1494,1021,300,66,125,50,52,55,94,60,60,30,186,60,32,78,30,118,,203,464,42,100,342,298,43,12,48,57,170,,,,,,,,,
2000-04-21,1195,882,749,541,400,691,837,783,1494,1021,300,66,125,50,52,55,94,60,60,30,186,60,32,78,30,118,,201,464,42,100,342,298,43,12,48,57,178,,,,,,,,,
2000-04-28,1195,882,749,541,400,691,837,783,1494,1021,300,66,125,50,52,55,94,60,60,30,186,60,32,78,30,118,,203,464,42,100,342,298,43,12,48,57,199,,,,,,,,,
2000-05-05,1195,882,749,541,400,691,837,783,1494,1021,300,66,125,50,52,55,94,60,60,30,186,60,32,78,30,118,,206,464,42,100,342,298,43,12,48,57,213,,,,,,,,,
2000-05-12,1195,882,749,541,400,691,837,783,1494,1021,300,66,125,50,52,55,94,60,60,30,186,60,32,78,30,118,,206,464,42,100,342,298,43,12,48,57,215,,,,,,,,,
2000-05-19,1195,882,749,541,400,691,837,783,1494,1021,300,66,125,50,52,55,94,60,60,30,186,60,32,78,30,118,,206,464,42,100,342,298,43,12,48,57,227,,,,,,,,,
2000-05-26,1195,882,749,541,400,691,837,783,1494,1021,300,66,125,50,52,55,94,60,60,30,186,60,32,78,30,118,,208,464,42,100,342,298,43,12,48,57,242,100,,,,,,,,
2000-06-02,1195,882,749,541,400,691,837,783,1494,1021,300,66,125,50,52,55,94,60,60,30,186,60,32,78,30,118,,206,464,42,100,342,298,43,12,48,57,243,100,,,,,,,,
2000-06-09,1195,882,749,541,400,691,837,783,1494,1021,300,66,125,50,52,55,94,60,60,30,186,60,32,78,30,118,,207,464,42,100,342,298,43,12,48,57,250,100,,,,,,,,
2000-06-16,1195,882,749,541,400,691,837,783,1494,1021,300,66,125,50,52,55,94,60,60,30,186,60,32,78,30,118,,208,464,42,100,342,298,43,12,48,57,257,100,,,,,,,,
2000-06-23,1195,882,749,541,400,691,837,783,1494,1021,300,66,125,50,52,55,94,60,60,30,186,60,32,78,30,118,,206,464,42,100,342,298,43,12,48,57,257,100,,,,,,,,
2000-06-30,1195,882,749,541,400,691,837,783,1494,1021,300,66,125,50,52,55,94,60,60,30,186,60,32,78,30,118,,204,464,42,100,342,298,43,12,48,57,258,100,,,,,,,,
2000-07-07,1195,882,749,541,400,691,837,783,1494,1021,300,66,125,50,52,55,94,60,60,30,186,60,32,78,30,118,,198,464,42,100,342,298,43,12,48,57,263,100,,,,,,,,
2000-07-14,1195,882,749,541,400,691,837,783,1494,1021,300,66,125,50,52,55,94,60,60,30,186,60,32,78,30,118,,196,464,42,100,342,298,43,12,48,57,265,100,,,,,,,,
2000-07-21,1195,882,749,541,400,691,837,783,1494,1021,300,66,125,50,52,55,94,60,60,30,186,60,32,78,30,118,,196,464,42,100,342,298,43,12,48,57,273,100,,,,,,,,
2000-07-28,1195,882,749,541,400,691,837,783,1494,1021,300,66,125,50,52,55,94,60,60,30,186,60,32,78,30,118,,196,464,42,100,342,298,43,12,48,57,274,100,,,,,,,,
2000-08-04,1195,882,749,541,400,691,837,783,1494,1021,300,66,125,50,52,55,94,60,60,30,186,60,32,78,30,118,,195,464,42,100,342,298,43,12,48,57,277,100,,,,,,,,
2000-08-11,1195,882,749,541,400,691,837,783,1494,1021,300,66,125,50,52,55,94,60,60,30,186,60,32,78,30,118,,195,464,42,100,342,298,43,12,48,57,277,100,,,,,,,,
2000-08-18,1195,882,749,541,400,691,837,783,1494,1021,300,66,125,50,52,55,94,60,60,30,186,60,32,78,30,118,,196,464,42,100,342,298,43,12,48,57,278,100,,,,,,,,
2000-08-25,1195,882,749,541,400,979,837,783,1494,1021,300,66,125,50,52,55,94,60,60,30,186,60,32,78,30,118,,196,464,42,100,342,298,43,12,48,57,282,100,,,,,,,,
2000-09-01,1195,882,749,541,400,979,837,783,1494,1021,300,66,125,50,52,55,94,60,60,30,186,60,32,78,30,118,,198,464,42,100,342,298,43,12,48,57,284,100,,,,,,,,
2000-09-08,1195,882,749,541,400,979,837,783,1494,1021,300,66,125,50,52,55,94,60,60,30,186,60,32,78,30,118,,198,464,42,100,342,298,43,12,48,57,288,100,,,,,,,,
2000-09-15,1195,882,749,541,400,979,837,783,1494,1021,300,66,125,50,52,55,94,60,60,,186,60,32,78,,118,,195,464,42,100,342,298,43,12,48,57,296,100,,,,,,,,
2000-09-22,1195,882,749,541,400,979,837,783,1494,1021,300,66,125,50,52,55,94,60,60,,186,60,32,78,,118,,193,464,42,100,342,298,43,12,48,57,298,100,,,,,,,,
2000-09-29,1195,882,749,541,400,979,837,783,1494,1021,300,66,125,50,52,55,94,60,60,,186,60,32,78,,118,,194,464,42,100,342,298,43,12,48,57,313,100,,,,,,,,
2000-10-06,1195,882,749,541,400,979,837,783,1494,1021,300,66,125,50,52,55,94,60,60,,186,60,32,78,,118,,197,464,42,100,342,298,43,12,48,57,312,100,,,,,,,,
2000-10-13,1195,882,749,541,400,979,837,783,1494,1021,300,66,125,50,52,55,94,60,60,,186,60,32,78,,118,,197,464,42,100,342,298,43,12,48,57,313,100,,,,,,,,
2000-10-20,1195,882,749,541,400,979,837,783,1494,1021,300,66,125,50,52,55,94,60,60,,186,60,32,78,,118,,196,464,42,100,342,298,43,12,48,57,316,100,,,,,,,,
2000-10-27,1195,882,749,541,400,979,837,783,1494,1021,300,66,125,50,52,55,94,60,60,,186,60,32,78,,118,,197,464,42,100,342,298,43,12,48,57,315,100,,,,,,,,
2000-11-03,1195,882,749,541,400,979,837,783,1494,1021,300,66,125,50,52,55,94,60,60,,186,60,32,78,,118,,199,464,42,100,342,298,43,12,48,57,317,100,,,,,,,,
2000-11-10,1195,882,749,541,400,979,837,783,1494,1021,300,66,125,50,52,55,94,60,60,,186,60,32,78,,118,,199,464,42,100,342,298,43,12,48,57,320,100,,,,,,,,
2000-11-17,1195,882,749,541,400,979,837,783,1494,1021,300,66,125,50,52,55,94,60,60,,186,60,32,78,,118,,200,464,42,100,342,298,43,12,48,57,320,100,,,,,,,,
2000-11-24,1195,882,749,541,400,979,837,783,1494,1021,300,66,125,50,52,55,94,60,60,,186,60,32,78,,118,,200,464,42,100,342,298,43,12,48,57,321,100,,,,,,,,
2000-12-01,1195,882,749,541,400,979,837,783,1494,1021,300,66,125,50,52,55,94,60,60,,186,60,32,78,,118,,200,464,42,100,342,298,43,12,48,57,320,100,,,,,,,,
2000-12-08,1195,882,749,541,400,979,837,783,1494,1021,300,66,125,50,52,55,94,60,60,,186,60,32,78,,118,,202,464,42,100,342,298,43,12,48,57,319,100,,,,,,,,
2000-12-15,1195,882,749,541,400,979,837,783,1494,1021,300,66,125,50,52,55,94,60,60,,186,60,32,78,,118,,200,464,42,100,342,298,43,12,48,57,322,100,,,,,,,,
2000-12-22,1195,882,749,541,400,979,837,783,1494,1021,300,66,125,50,52,55,94,60,60,,186,60,32,78,,118,,198,464,42,100,342,298,43,12,48,57,321,100,,,,,,,,
2000-12-29,1195,882,749,541,400,979,837,783,1494,1021,300,66,125,50,52,55,94,60,60,,186,60,32,78,,118,,198,464,42,100,342,298,43,12,48,57,320,100,,,,,,,,
2001-01-05,1195,882,749,541,400,979,837,783,1494,1021,300,66,125,50,52,55,94,60,60,,186,60,32,78,,118,,193,464,42,100,342,298,43,12,48,57,320,100,,,,,,,,
2001-01-12,1195,882,749,541,400,979,837,783,1494,1021,300,66,125,50,52,55,94,60,60,,186,60,32,78,,118,,188,464,42,100,342,298,43,12,48,57,324,100,750,,,,,,,
2001-01-19,1195,882,749,541,400,979,837,783,1494,1021,300,66,125,50,52,55,94,60,60,,186,60,32,78,,118,,182,464,42,100,342,298,43,12,48,57,334,100,750,,,,,,,
2001-01-26,1195,882,749,541,400,979,837,783,1494,1021,300,66,125,50,52,55,94,60,60,,186,60,32,78,,118,,178,464,42,100,342,298,43,12,48,57,335,100,750,,,,,,,
2001-02-02,1195,882,749,541,400,979,837,783,1494,1021,300,66,125,50,52,55,94,60,60,,186,60,32,78,,118,,179,464,42,100,342,298,43,12,48,57,334,100,750,,,,,,,
2001-02-09,1195,882,749,541,400,979,837,783,1494,1021,300,66,125,50,52,55,94,60,60,,186,60,32,78,,118,,178,464,42,100,342,298,43,12,48,57,335,100,750,,,,,,,
2001-02-16,1195,882,749,541,400,979,837,783,1494,1021,300,66,125,50,52,55,94,60,60,,186,60,32,78,,118,,179,464,42,100,342,298,43,12,48,57,335,100,750,,,,,,,
2001-02-23,1195,882,749,541,400,979,837,783,1494,1021,300,66,125,50,52,55,94,60,60,,186,60,32,78,,118,,178,464,42,100,342,298,43,12,48,57,335,100,750,,,,,,,
2001-03-02,1195,882,749,541,400,979,837,783,1494,1021,300,66,125,50,52,55,94,60,60,,186,60,32,78,,118,,172,464,42,100,342,298,43,12,48,57,346,100,750,,,,,,,
2001-03-09,1195,882,749,541,400,979,837,783,1494,1021,300,66,125,50,52,55,94,60,60,,186,60,32,78,,118,,172,464,42,100,342,298,43,12,48,57,346,100,750,,,,,,,
2001-03-16,1195,882,749,541,400,979,837,783,1494,1021,300,66,125,50,52,55,94,60,60,,186,60,32,78,,118,,172,464,42,100,342,298,43,12,48,57,347,100,750,,,,,,,
2001-03-23,1195,882,749,541,400,979,837,783,1494,1021,300,66,125,50,52,55,94,60,60,,186,60,32,78,,118,,174,464,42,100,342,298,43,12,48,57,353,100,750,,,,,,,
2001-03-30,1195,882,749,541,400,979,837,783,1494,1021,300,66,125,50,52,55,94,60,60,,186,60,32,78,,118,,172,464,42,100,342,298,43,12,48,57,353,100,750,,,,,,,
2001-04-06,1195,882,749,541,400,979,837,783,1494,1021,300,66,125,50,52,55,94,60,60,,186,60,32,78,,118,,175,464,42,100,342,298,43,12,48,57,354,100,750,,,,,,,
2001-04-13,1195,882,749,541,400,979,837,783,1494,1021,300,66,125,50,52,55,94,60,60,,186,60,32,78,,118,,173,464,42,100,342,298,43,12,48,57,359,100,750,,,,,,,
2001-04-20,1195,882,749,541,400,979,837,783,1494,1021,300,66,125,50,52,55,94,60,60,,186,60,32,78,,118,,172,464,42,100,342,298,43,12,48,57,368,100,750,,,,,,,
2001-04-27,1195,882,749,541,400,979,837,783,1494,1021,300,66,125,50,52,55,94,60,60,,186,60,32,78,,118,,171,464,42,100,342,298,43,12,48,57,367,100,750,,,,,,,
2001-05-04,1195,882,749,541,400,979,837,783,1494,1021,300,66,125,50,52,55,94,60,60,,186,60,32,78,,118,,173,464,42,100,342,298,43,12,48,57,361,100,750,,,,,,,
2001-05-11,1195,882,749,541,400,979,837,783,1494,1021,300,66,125,50,52,55,94,60,60,,186,60,32,78,,118,,174,464,42,100,342,298,43,12,48,57,360,100,750,,,,,,,
2001-05-18,1195,882,749,541,400,979,837,783,1494,1021,300,66,125,50,52,55,94,60,60,,186,60,32,78,,118,,175,464,42,100,342,298,43,12,48,57,360,100,750,,,,,,,
2001-05-25,1195,882,749,541,400,979,837,783,1494,1021,300,66,125,50,52,55,94,60,60,,186,60,32,78,,118,,173,464,42,100,342,298,43,12,48,57,358,100,750,,,,,,,
2001-06-01,1195,882,749,541,400,979,837,783,1494,1021,300,66,125,50,52,55,94,60,60,,186,60,32,78,,118,,171,464,42,100,342,298,43,12,48,57,361,100,750,,,,,,,
2001-06-08,1195,882,749,541,400,979,837,783,1494,1021,300,66,125,50,52,55,94,60,60,,186,60,32,78,,118,,176,464,42,100,342,298,43,12,48,57,357,100,750,,,,,,,
2001-06-15,1195,882,749,541,400,979,837,783,1494,1021,300,66,125,50,52,55,94,60,60,,186,60,32,78,,118,,191,464,42,100,342,298,43,12,48,57,360,100,750,,,,,,,
2001-06-22,1195,882,749,541,400,979,837,783,1494,1021,300,66,125,50,52,55,94,60,60,,186,60,32,78,,118,,207,464,42,100,342,298,43,12,48,57,357,100,750,,,,,,,
2001-06-29,1195,882,749,541,400,979,837,783,1494,1021,300,66,125,50,52,55,94,60,60,,186,60,32,78,,118,,226,464,42,100,342,298,43,12,48,57,362,100,750,,,,,,,
2001-07-06,1195,882,749,541,400,979,837,783,1494,1021,300,66,125,50,52,55,94,60,60,,186,60,32,78,,118,,226,464,42,100,342,298,43,12,48,57,362,100,750,,,,,,,
2001-07-13,1195,882,749,541,400,979,837,783,1494,1021,300,66,125,50,52,55,94,60,60,,186,60,32,78,,118,,243,464,42,100,342,298,43,12,48,57,353,100,750,,,,,,,
2001-07-20,1195,882,749,541,400,979,837,783,1494,1021,300,66,125,50,52,55,94,60,60,,186,60,32,78,,118,,253,464,42,100,342,298,43,12,48,57,340,100,750,,,,,,,
2001-07-27,1195,882,749,541,400,979,837,783,1494,1021,300,66,125,50,52,55,94,60,60,,186,60,32,78,,118,,267,464,42,100,342,298,43,12,48,57,334,100,750,,,,,,,
2001-08-03,1195,882,749,541,400,979,837,783,1494,1021,300,66,125,50,52,55,94,60,60,,186,60,32,78,,118,,264,464,42,100,342,298,43,12,48,57,343,100,750,,,,,,,
2001-08-10,1195,882,749,541,400,979,837,783,1494,1021,300,66,125,50,52,55,94,60,60,,186,60,32,78,,118,,266,464,42,100,342,298,43,12,48,57,339,100,750,,,,,,,
2001-08-17,1195,882,749,541,400,979,837,783,1494,1021,300,66,125,50,52,55,94,60,60,,186,60,32,78,,118,,266,464,42,100,342,298,43,12,48,57,341,100,750,,,,,,,
2001-08-24,1195,882,749,541,400,979,837,783,1494,1021,300,66,125,50,52,55,94,60,60,,186,60,32,78,,118,,266,464,42,100,342,298,43,12,48,57,341,100,750,,,,,,,
2001-08-31,1195,882,749,541,400,979,837,783,1494,1021,300,66,125,50,52,55,94,60,60,,186,60,32,78,,118,,266,464,42,100,342,298,43,12,48,57,338,100,750,,,,,,,
2001-09-07,1195,882,749,541,400,979,837,783,1494,1021,300,66,125,50,52,55,94,60,60,,186,60,32,78,,118,,268,464,42,100,342,298,43,12,48,57,335,100,750,,,,,,,
2001-09-14,1195,882,749,541,400,979,837,783,1494,1021,300,66,125,50,52,55,94,60,60,,186,60,32,78,,118,,280,464,42,100,342,298,43,12,48,57,334,100,750,,,,,,,
2001-09-21,1195,882,749,541,400,979,837,783,1494,1021,300,66,125,50,52,55,94,60,60,,186,60,32,78,,118,,296,464,42,100,342,298,43,12,48,57,338,100,750,,,,,,,
2001-09-28,1195,882,749,541,400,979,837,783,1494,1021,300,66,125,50,52,55,94,60,60,,186,60,32,78,,118,,300,464,42,100,342,298,43,12,48,57,334,100,750,,,,,,,
2001-10-05,1195,882,749,541,400,979,837,783,1494,1021,300,66,125,50,52,55,94,60,60,,186,60,32,78,,118,,300,464,42,230,342,298,43,12,48,57,333,100,750,1048,,,,,,
2001-10-12,1195,882,749,541,400,979,837,783,1494,1021,300,66,125,50,52,55,94,60,60,,186,60,32,78,,118,,306,464,42,230,342,298,43,12,48,57,330,100,750,1048,,,,,,
2001-10-19,1195,882,749,541,400,979,837,783,1494,1021,300,66,125,50,52,55,94,60,60,,186,60,32,78,,118,,310,464,42,230,342,298,43,12,48,57,324,100,750,1048,,,,,,
2001-10-26,1195,882,749,541,400,979,837,783,1494,1021,300,66,125,50,52,55,94,60,60,,186,60,32,78,,118,,315,464,42,230,342,298,43,12,48,57,313,100,750,178,,,,,,
2001-11-02,1195,882,749,541,400,979,837,783,1494,1021,300,66,125,50,52,55,94,60,60,,186,60,32,78,,118,,314,464,42,230,342,298,43,12,48,57,312,100,750,178,,,,,,
2001-11-09,1195,882,749,541,400,979,837,783,1494,1021,300,66,125,50,52,55,94,60,60,,186,60,32,78,,118,,315,464,42,230,342,298,43,12,48,57,310,100,750,178,,,,,,
2001-11-16,1195,882,749,541,400,979,837,783,1494,1021,300,66,125,50,52,55,94,60,60,,186,60,32,78,,118,,315,464,42,230,342,298,43,12,48,57,305,100,750,178,,,,,,
2001-11-23,1195,882,749,541,400,979,837,783,1494,1021,300,66,125,50,52,55,94,60,60,,186,60,32,78,,118,,319,464,42,230,342,298,43,12,48,57,299,100,750,178,,,,,,
2001-11-30,1195,882,749,541,400,979,837,783,1494,1021,300,66,125,50,52,55,94,60,60,,186,60,32,78,,118,,320,464,42,230,342,298,43,12,48,57,291,100,750,178,,,,,,
2001-12-07,1195,882,749,541,400,979,837,783,1494,1021,300,66,125,50,52,55,94,60,60,,186,60,32,78,,118,,320,464,42,230,342,298,43,12,48,57,290,100,750,178,,,,,,
2001-12-14,1195,882,749,541,400,979,837,783,1494,1021,300,66,125,50,52,55,94,60,60,,186,60,32,78,,118,,322,464,42,230,342,298,43,12,48,57,289,100,750,178,,,,,,
2001-12-21,1195,882,749,541,400,979,837,783,1494,1021,300,66,125,50,52,55,94,60,60,,186,60,32,78,,118,,322,464,42,230,342,298,43,12,48,57,290,100,750,178,,,,,,
2001-12-28,1195,882,749,541,400,979,837,783,1494,1021,300,66,125,50,52,55,94,60,60,,186,60,32,78,,118,,322,464,42,230,342,298,43,12,48,57,284,100,750,178,,,,,,
2002-01-04,1195,882,749,541,400,979,837,783,1494,1021,300,66,125,50,52,55,94,60,60,,186,60,32,78,,118,,322,464,42,230,342,298,43,12,48,57,279,100,750,178,,,,,,
2002-01-11,1195,882,749,541,400,979,837,783,1494,1021,300,66,125,50,52,55,94,60,60,,186,60,32,78,,118,,319,464,42,230,342,298,43,12,48,57,288,100,750,178,,,,,,
2002-01-18,1195,882,749,541,400,979,837,783,1494,1021,300,66,125,50,52,55,94,60,60,,186,60,32,78,,118,,319,464,42,230,342,298,43,12,48,57,283,100,750,178,,,,,,
2002-01-25,1195,882,749,541,400,979,837,783,1494,1021,300,66,125,50,52,55,94,60,60,,186,60,32,78,,118,,321,464,42,230,342,298,43,12,48,57,285,100,750,178,,,,,,
2002-02-01,1195,882,749,541,400,979,837,783,1494,1021,300,66,125,50,52,55,94,60,60,,186,60,32,78,,118,,320,464,42,230,342,298,43,12,48,57,307,100,750,178,,,,,,
2002-02-08,1195,882,749,541,400,979,837,783,1494,1021,300,66,125,50,52,55,94,60,60,,186,60,32,78,,118,,319,653,42,230,342,298,43,12,48,57,311,100,750,178,,,,,,
2002-02-15,1195,882,749,541,400,979,837,783,1494,1021,300,66,125,50,52,55,94,60,60,,186,60,32,78,,118,,319,653,42,230,342,298,43,12,48,57,323,100,750,178,,,,,,
2002-02-22,1195,882,749,541,400,979,837,783,1494,1021,300,66,125,50,52,55,94,60,60,,186,60,32,78,,118,,324,653,42,230,342,298,43,12,48,57,331,100,750,178,,,,,,
2002-03-01,1195,882,749,541,400,979,837,783,1494,1021,300,66,125,50,52,55,94,60,60,,186,60,32,78,,118,,321,653,42,230,342,298,43,12,,57,324,100,750,438,,,,,,
2002-03-08,1195,882,749,541,400,979,837,783,1494,1021,300,66,125,50,52,55,94,60,60,,186,60,32,78,,118,,324,653,42,230,342,298,43,12,,57,324,100,750,438,,,,,,
2002-03-15,1195,882,749,541,400,979,837,783,1494,1021,300,66,125,50,52,55,94,60,60,,186,60,32,78,,118,,326,653,42,230,342,298,43,12,,57,322,100,750,438,,,,,,
2002-03-22,1195,882,749,541,400,979,837,783,1494,1021,300,66,125,50,52,55,94,60,60,,186,60,32,78,,118,,327,653,42,230,342,298,43,12,,57,318,100,750,438,,,,,,
2002-03-29,1195,882,749,541,400,979,837,783,1494,1021,300,66,125,50,52,55,94,60,60,,186,60,32,78,,118,,328,653,42,230,342,298,43,12,,57,322,100,750,438,,,,,,
2002-04-05,1195,882,749,541,400,979,837,783,1494,1021,300,66,125,50,52,55,94,60,60,,186,60,32,78,,118,,329,653,42,230,342,298,43,12,,57,322,100,750,438,,,,,,
2002-04-12,1195,882,749,541,400,979,837,783,1494,1021,300,66,125,50,52,55,94,60,60,,186,60,32,78,,118,,325,653,42,230,342,298,43,12,,57,327,100,750,438,,,,,,
2002-04-19,1195,882,749,541,400,979,837,783,1494,1021,300,66,125,50,52,55,94,60,60,,186,60,32,78,,118,,325,653,42,230,342,298,43,12,,57,330,100,750,438,,,,,,
2002-04-26,1195,882,749,541,400,979,837,783,1494,1021,300,66,125,50,52,55,94,60,60,,186,60,32,78,,118,,324,653,42,230,342,298,43,12,,57,335,100,750,438,,,,,,
2002-05-03,1195,882,749,541,400,979,837,783,1494,1021,300,66,125,50,52,55,94,60,60,,186,60,32,78,,118,,323,653,42,230,342,298,43,12,,57,344,100,750,438,,,,,,
2002-05-10,1195,882,749,541,400,979,837,783,1494,1021,300,66,125,50,52,55,94,60,60,,186,60,32,78,,118,,323,653,42,230,342,298,43,12,,57,345,100,750,438,,,,,,
2002-05-17,1195,882,749,541,400,979,837,783,1494,1021,300,66,125,50,52,55,94,60,60,,186,60,32,78,,118,,322,653,42,230,342,298,43,12,,57,348,100,750,438,,,,,,
2002-05-24,1195,882,749,541,400,979,837,783,1494,1021,300,66,125,50,52,55,94,60,60,,186,60,32,78,,118,,318,653,42,230,342,298,43,12,,57,346,100,750,438,,,,,,
2002-05-31,1195,882,749,541,400,979,837,783,1494,1021,300,66,125,50,52,55,94,60,60,,186,60,32,78,,118,,314,653,42,230,342,298,43,12,,57,356,100,750,438,,,,,,
2002-06-07,1195,882,749,541,400,979,837,783,1494,1021,300,66,125,50,52,55,94,60,60,,186,60,32,78,,118,,318,653,42,230,342,298,43,12,,57,356,100,750,438,,,,,,
2002-06-14,1195,882,749,541,400,979,837,783,1494,1021,300,66,125,50,52,55,94,60,60,,186,60,32,78,,118,,323,653,42,230,342,298,43,12,,57,358,100,750,438,,,,,,
2002-06-21,1195,882,749,541,400,979,837,783,1494,1021,300,66,125,50,52,55,94,60,60,,186,60,32,78,,118,,321,653,42,230,342,298,43,12,,57,358,100,750,438,,,,,,
2002-06-28,1195,882,749,541,400,979,837,783,1494,1021,300,66,125,50,52,55,94,60,60,,186,60,32,78,,118,,321,653,42,230,342,298,43,12,,57,362,100,750,438,,,,,,
2002-07-05,1195,882,749,541,400,979,837,783,1494,1021,300,66,125,50,52,55,94,60,60,,186,60,32,78,,118,,319,653,42,230,342,298,43,12,,57,361,100,750,438,,,,,,
2002-07-12,1195,882,749,541,400,979,837,783,1494,1021,300,66,125,50,52,55,94,60,60,,186,60,32,78,,118,,317,653,42,230,342,298,43,12,,57,363,100,750,438,,,,,,
2002-07-19,1195,882,749,541,400,979,837,783,1494,1021,300,66,125,50,52,55,94,60,60,,186,60,32,78,,118,,312,653,42,230,342,298,43,12,,57,356,100,750,438,,,,,,
2002-07-26,1195,882,749,541,400,979,837,783,1494,1021,300,66,125,50,52,55,94,60,60,,186,60,32,78,,118,,314,653,42,230,342,298,43,12,,57,358,100,750,438,,,,,,
2002-08-02,1195,882,749,541,400,979,837,783,1494,1021,300,66,125,50,52,55,94,60,60,,186,60,32,78,,118,,315,653,42,230,342,298,43,12,,57,358,100,750,438,,,,,,
2002-08-09,1195,882,749,541,400,979,837,783,1494,1021,300,66,125,50,52,55,94,60,60,,186,60,32,78,,118,326,318,653,42,230,342,298,43,12,,57,359,100,750,438,,,,,,
2002-08-16,1195,882,749,541,400,979,837,783,1494,1021,300,66,125,50,52,55,94,60,60,,186,60,32,78,,118,326,312,653,42,230,342,298,43,12,,57,362,100,750,438,,,,,,
2002-08-23,1195,882,749,541,400,979,837,783,1494,1021,300,66,125,50,52,55,94,60,60,,186,60,32,78,,118,326,316,653,42,230,342,298,43,12,,57,363,100,750,438,,,,,,
2002-08-30,1195,882,749,541,400,979,837,783,1494,1021,300,66,125,50,52,55,94,60,60,,186,60,32,78,,118,326,317,653,42,230,342,298,43,12,,57,364,100,750,438,,,,,,
2002-09-06,1195,882,749,541,400,979,837,783,1494,1021,300,66,125,50,52,55,94,60,60,,186,60,32,78,,118,326,314,653,42,230,342,298,43,12,,57,358,100,750,438,1500,,,,,
2002-09-13,1195,882,749,541,400,979,837,783,1494,1021,300,66,125,50,52,55,94,60,60,,186,60,32,78,,118,326,315,653,42,230,342,298,43,12,,57,351,100,750,438,1500,,,,,
2002-09-20,1195,882,749,541,400,979,837,783,1494,1021,300,66,125,50,52,55,94,60,60,,186,60,32,78,,118,326,319,653,42,230,342,298,43,12,,57,346,100,750,438,1500,,,,,
2002-09-27,1195,882,749,541,400,979,837,783,1494,1021,300,66,125,50,52,55,94,60,60,,186,60,32,78,,118,326,315,653,42,230,342,298,43,12,,57,342,100,750,438,1500,,,,,
2002-10-04,1195,882,749,541,400,979,837,783,1494,1021,300,66,125,50,52,55,94,60,60,,186,60,32,78,,118,326,313,653,42,230,342,298,43,12,,57,341,100,750,438,1500,,,,,
2002-10-11,1195,882,749,541,400,979,837,783,1494,1021,300,66,125,50,52,55,94,60,60,,186,60,32,78,,118,326,310,653,42,230,342,298,43,12,,57,338,100,750,438,1500,,,,,
2002-10-18,1195,882,749,541,400,979,837,783,1494,1021,300,66,125,50,52,55,94,60,60,,186,60,32,78,,118,326,319,653,42,230,342,298,43,12,,57,336,100,750,438,1500,,,,,
2002-10-25,1195,882,749,541,400,979,837,783,1494,1021,300,66,125,50,52,55,94,60,60,,186,60,32,78,,118,326,320,653,42,230,342,298,43,12,,57,324,100,750,438,1500,,,,,
2002-11-01,1195,882,749,541,400,979,837,783,1494,1021,300,66,125,50,52,55,94,60,60,,186,60,32,78,,118,326,320,653,42,230,342,298,43,12,,57,349,100,750,438,1500,,,,,
2002-11-08,1195,882,749,541,400,979,837,783,1494,1021,300,66,125,50,52,55,94,60,60,,186,60,32,78,,118,326,318,653,42,230,342,298,43,12,,57,355,100,750,438,1500,,,,,
2002-11-15,1195,882,749,541,400,979,837,783,1494,1021,300,66,125,50,52,55,94,60,60,,186,60,32,78,,118,326,316,653,42,230,342,298,43,12,,57,351,100,750,438,1500,,,,,
2002-11-22,1195,882,749,541,400,979,837,783,1494,1021,300,66,125,50,52,55,94,60,60,,186,60,32,78,,118,326,318,653,42,230,342,298,43,12,,57,350,100,750,438,1500,,,,,
2002-11-29,1195,882,749,541,400,979,837,783,1494,1021,300,66,125,50,52,55,94,60,60,,186,60,32,78,,118,326,317,653,42,230,342,298,43,12,,57,348,100,750,438,1500,,,,,
2002-12-06,1195,882,749,541,400,979,837,783,1494,1021,300,66,125,50,52,55,94,60,60,,186,60,32,78,,118,326,313,653,42,230,342,298,43,12,,57,354,100,750,438,1500,,,,,
2002-12-13,1195,882,749,541,400,979,837,783,1494,1021,300,66,125,50,52,55,94,60,60,,186,60,32,78,,118,326,313,653,42,230,342,298,43,12,,57,362,100,750,438,1500,,,,,
2002-12-20,1195,882,749,541,400,979,837,783,1494,1021,300,66,125,50,52,55,94,60,60,,186,60,32,78,,118,326,314,653,42,230,342,298,43,12,,57,366,100,750,438,1500,,,,,
2002-12-27,1195,882,749,541,400,979,837,783,1494,1021,300,66,125,50,52,55,94,60,60,,186,60,32,78,,118,326,313,653,42,230,342,298,43,12,,57,380,100,750,438,1500,,,,,
2003-01-03,1195,882,749,541,400,979,837,783,1494,1021,300,66,125,50,52,55,94,60,60,,186,60,32,78,,118,326,309,653,42,230,342,298,43,12,,57,384,100,750,438,1500,,,,,
2003-01-10,1195,882,749,541,400,979,837,783,1494,1021,300,66,125,50,52,55,94,60,60,,186,60,32,78,,118,326,311,653,42,230,342,298,43,12,,57,389,100,750,438,1500,,,,,
2003-01-17,1195,882,749,541,400,979,837,783,1494,1021,300,66,125,50,52,55,94,60,60,,186,60,32,78,,118,326,313,653,42,230,342,298,43,12,,57,384,100,750,438,1500,,,,,
2003-01-24,1195,882,749,541,400,979,837,783,1494,1021,300,66,125,50,52,55,94,60,60,,186,60,32,78,,118,326,313,653,42,230,342,298,43,12,,57,382,100,750,438,1500,,,,,
2003-01-31,1195,882,749,541,400,979,837,783,1494,1021,300,66,125,50,52,55,94,60,60,,186,60,32,78,,118,326,312,653,42,230,342,298,43,12,,57,391,100,750,438,1500,,,,,
2003-02-07,1195,882,749,541,400,979,837,783,1494,1021,300,66,125,50,52,55,94,60,60,,186,60,32,78,,118,326,310,653,42,230,342,298,43,12,,57,396,100,750,438,1500,,,,,
2003-02-14,1195,882,749,541,400,979,837,783,1494,1021,300,66,125,50,52,55,106,60,60,,186,60,32,78,,118,326,313,653,42,230,342,298,43,12,,57,398,100,750,396,1500,,,,,
2003-02-21,1195,882,749,541,400,979,837,783,1494,1021,300,66,125,50,52,55,106,60,60,,186,60,32,78,,118,326,310,653,42,230,342,298,43,12,,57,405,100,750,396,1500,,,,,
2003-02-28,1195,882,749,541,400,979,837,783,1494,1021,300,66,125,50,52,55,106,60,60,,186,60,32,78,,118,326,317,653,42,230,342,298,43,12,,57,398,100,750,396,1500,,,,,
2003-03-07,1195,882,749,541,400,979,837,783,1494,1021,300,66,125,50,52,55,106,60,60,,186,60,32,78,,118,326,314,653,42,230,342,298,43,12,,57,402,100,750,396,1500,,,,,
2003-03-14,1195,882,749,541,400,979,837,783,1494,1021,300,66,125,50,52,55,106,60,60,,186,60,32,78,,118,326,314,653,42,230,342,298,43,12,,57,409,100,750,396,1500,,,,,
2003-03-21,1195,882,749,541,400,979,837,783,1494,1021,300,66,125,50,52,55,106,60,60,,186,60,32,78,,118,326,317,653,42,230,342,298,43,12,,57,416,100,750,396,1500,,,,,
2003-03-28,1195,882,749,541,400,979,837,783,1494,1021,300,66,125,50,52,55,106,60,60,,186,60,32,78,,118,326,315,653,42,230,342,298,43,12,,57,414,100,750,396,1500,,,,,
2003-04-04,1195,882,749,541,400,979,837,783,1494,1021,300,66,125,50,52,55,106,60,60,,186,60,32,78,,118,326,316,653,42,230,342,298,43,12,,57,423,100,750,396,1500,,,,,
2003-04-11,1195,882,749,541,400,979,837,783,1494,1021,300,66,125,50,52,55,106,60,60,,186,60,32,78,,118,326,317,653,42,230,342,298,43,12,,57,427,100,750,396,1500,,,,,
2003-04-18,1195,882,749,541,400,979,837,783,1494,1021,300,66,125,50,52,55,106,60,60,,186,60,32,78,,118,326,318,653,42,230,342,298,43,12,,57,423,100,750,396,1500,,,,,
2003-04-25,1195,882,749,541,400,979,837,783,1494,1021,300,66,125,50,52,55,106,60,60,,186,60,32,78,,118,326,318,653,42,230,342,298,43,12,,57,417,100,750,396,1500,,,,,
2003-05-02,1195,882,749,541,400,979,837,783,1494,1021,300,66,125,50,52,55,106,60,60,,186,60,32,78,,118,326,319,653,42,230,342,298,43,12,,57,422,100,750,396,1500,,,,,
2003-05-09,1195,882,749,541,400,979,837,783,1494,1021,300,66,125,50,52,55,106,60,60,,186,60,32,78,,118,326,322,653,42,230,342,298,43,12,,57,420,100,750,396,1500,,,,,
2003-05-16,1195,882,749,541,400,979,837,783,1494,1021,300,66,125,50,52,55,106,60,60,,186,60,32,78,,118,326,321,653,42,230,342,298,43,12,,57,424,100,750,396,1500,,,,,
2003-05-23,1195,882,749,541,400,979,837,783,1494,1021,300,66,125,50,52,55,106,60,60,,186,60,32,78,,118,326,324,653,42,230,342,298,43,12,,57,422,100,750,396,1500,,,,,
2003-05-30,1195,882,749,541,400,979,837,783,1494,1021,300,66,125,50,52,55,106,60,60,,186,60,32,78,,118,326,321,653,42,230,342,298,43,12,,57,424,100,750,396,1500,,,,,
2003-06-06,1195,882,749,541,400,979,837,783,1494,1021,300,66,125,50,52,55,106,60,60,,186,60,32,78,,118,326,322,653,42,230,342,298,43,12,,57,424,100,750,396,1500,,,,,
2003-06-13,1195,882,749,541,400,979,837,783,1494,1021,300,66,125,50,52,55,106,60,60,,186,60,32,78,,118,326,323,653,42,230,342,298,43,12,,57,423,100,750,396,1500,,,,,
2003-06-20,1195,882,749,541,400,979,837,783,1494,1021,300,66,125,50,52,55,106,60,60,,186,60,32,78,,118,326,320,653,42,230,342,298,43,12,,57,423,100,750,396,1500,,,,,
2003-06-27,1195,882,749,541,400,979,837,783,1494,1021,300,66,125,50,52,55,106,60,60,,186,60,32,78,,118,326,318,653,42,230,342,298,43,12,,57,433,100,750,396,1500,,,,,
2003-07-04,1195,882,749,541,400,979,837,783,1494,1021,300,66,125,50,52,55,106,60,60,,186,60,32,78,,118,326,315,653,42,230,342,298,43,12,,57,427,100,750,396,1500,,,,,
2003-07-11,1195,882,749,541,400,979,837,783,1494,1021,300,66,125,50,52,55,106,60,60,,186,60,32,78,,118,326,311,653,42,230,342,298,43,12,,57,421,100,750,396,1500,,,,,
2003-07-18,1195,882,749,541,400,979,837,783,1494,1021,300,66,125,50,52,55,106,60,60,,186,60,32,78,,118,326,315,653,42,230,342,298,43,12,,57,423,100,750,396,1500,,,,,
2003-07-25,1195,882,749,541,400,979,837,783,1494,1021,300,66,125,50,52,55,106,60,60,,186,60,32,78,,118,326,312,653,42,230,342,298,43,12,,57,409,100,750,396,1500,,,,,
2003-08-01,1195,882,749,541,400,979,837,783,1494,1021,300,66,125,50,52,55,106,60,60,,186,60,32,78,,118,326,313,653,42,230,342,298,43,12,,57,405,100,750,396,1500,,,,,
2003-08-08,1195,882,749,541,450,979,837,783,1494,1021,300,66,125,50,52,55,106,60,60,,186,60,32,78,,118,326,315,653,42,230,342,298,43,12,,57,404,100,750,396,1500,,,,,
2003-08-15,1195,882,749,541,450,979,837,783,1494,1021,300,66,125,50,52,55,106,60,60,,186,60,32,78,,118,326,317,653,42,230,342,298,43,12,,57,408,100,750,396,1500,,,,,
2003-08-29,1195,882,749,541,400,979,837,783,1494,1021,300,66,125,50,52,55,106,60,60,,186,60,32,78,,118,326,314,653,42,230,342,298,43,12,,57,416,100,750,396,1500,,,,,
2003-09-05,1195,882,749,541,400,979,837,783,1494,1021,300,66,125,50,52,55,106,60,60,,186,60,32,78,,118,326,317,653,42,230,342,298,43,12,,57,421,100,750,396,1500,,,,,
2003-09-12,1195,882,749,541,400,979,837,783,1494,1021,300,66,125,50,52,55,106,60,60,,186,60,32,78,,118,326,312,653,42,230,342,298,43,12,,57,426,100,750,396,1500,,,,,
2003-09-19,1195,882,749,541,400,979,837,783,1494,1021,300,66,125,50,52,55,106,60,60,,186,60,32,78,,118,326,310,653,42,230,342,298,43,12,,57,433,100,750,396,1500,,,,,
2003-09-26,1195,882,749,541,400,979,837,783,1494,1021,300,66,125,50,52,55,106,60,60,,186,60,32,78,,118,326,314,653,42,230,342,298,43,12,,57,424,100,750,396,1500,,,,,
2003-10-03,1195,882,749,541,400,979,837,783,1494,1021,300,66,125,50,52,55,106,60,60,,186,60,32,78,,118,326,319,653,42,230,342,298,43,12,,57,425,100,750,396,1500,,,,,
2003-10-10,1195,882,749,541,400,979,837,783,1494,1021,300,66,125,50,52,55,106,60,60,,186,60,32,78,,118,326,318,653,42,230,342,298,43,12,,57,434,100,750,396,1500,,,,,
2003-10-17,1195,882,749,541,400,979,837,783,1494,1021,300,66,125,50,52,55,106,60,60,,186,60,32,78,,118,326,323,653,42,230,342,298,43,12,,57,441,100,750,396,1500,,,,,
2003-10-24,1195,882,749,541,400,979,837,783,1494,1021,300,66,125,50,52,55,106,60,60,,186,60,32,78,,118,326,320,653,42,230,342,298,43,12,,57,441,100,750,396,1500,,,,,
2003-10-31,1195,882,749,541,400,979,837,783,1494,1021,300,66,125,50,52,55,106,60,60,,186,60,32,78,,118,326,321,653,42,230,342,298,43,12,,57,437,100,750,396,1500,,,,,
2003-11-07,1195,882,749,541,400,979,837,783,1494,1021,300,66,125,50,52,55,106,60,60,,186,60,32,78,,118,326,318,653,42,230,342,298,43,12,,57,442,100,750,396,1500,,,,,
2003-11-14,1195,882,749,541,400,979,837,783,1494,1021,300,66,125,50,52,55,106,60,60,,186,60,32,78,,118,326,322,653,42,230,342,298,43,12,,57,447,100,750,396,1500,,,,,
2003-11-21,1195,882,749,541,400,979,837,783,1494,1021,300,66,125,50,52,55,106,60,60,,186,60,32,78,,118,326,321,653,42,230,342,298,43,12,,57,443,100,750,396,1500,,,,,
2003-11-28,1195,882,749,541,400,979,837,783,1494,1021,300,66,125,50,52,55,106,60,60,,186,60,32,78,,118,326,320,653,42,230,342,298,43,12,,57,448,100,750,396,1500,,,,,
2003-12-05,1195,882,749,541,400,979,837,783,1494,1021,300,66,125,50,52,55,106,60,60,,186,60,32,78,,118,326,322,653,42,230,342,298,43,12,,57,445,100,750,396,1500,,,,,
2003-12-12,1195,882,749,541,400,979,837,783,1494,1021,300,66,125,50,52,55,106,60,210,,186,60,32,78,,118,326,325,653,42,230,342,298,43,12,,57,444,100,750,396,1500,150,,,,
2003-12-19,1195,882,749,541,400,979,837,783,1494,1021,300,66,125,50,52,55,106,60,210,,186,60,32,78,,118,326,324,653,42,230,342,298,43,12,,57,450,100,750,396,1500,150,,,,
2003-12-26,1195,882,749,541,400,979,837,783,1494,1021,300,66,125,50,52,55,106,60,210,,186,60,32,78,,118,326,326,653,42,230,342,298,43,12,,57,447,100,750,396,1500,150,,,,
2004-01-02,1195,882,749,541,400,979,837,783,1494,1021,300,66,125,50,52,55,106,60,210,,186,60,32,78,,118,326,325,653,42,230,342,298,43,12,,57,445,100,750,396,1500,150,,,,
2004-01-09,1195,882,749,541,400,979,837,783,1494,1021,300,66,125,50,52,55,106,60,210,,186,60,32,78,,118,326,322,653,42,230,342,298,43,12,,57,446,100,750,396,1500,150,,,,
2004-01-16,1195,882,749,541,400,979,837,783,1494,1021,300,66,125,50,52,55,106,60,210,,186,60,32,78,,118,326,323,653,42,230,342,298,43,12,,57,436,100,750,396,1500,150,,,,
2004-01-23,1195,882,749,541,400,979,837,783,1494,1021,300,66,125,50,52,55,106,60,210,,186,60,32,78,,118,326,326,653,42,230,342,298,43,12,,57,435,100,750,396,1500,150,,,,
2004-01-30,1195,882,749,541,400,979,837,783,1494,1021,300,66,125,50,52,55,106,60,210,,186,60,32,78,,118,326,324,653,42,230,342,298,43,12,,57,441,100,750,396,1500,150,,,,
2004-02-06,1195,882,749,541,400,979,837,783,1494,1021,300,66,125,50,52,55,106,60,210,,186,60,32,78,,118,326,326,653,42,230,342,298,43,12,,57,442,100,750,396,1500,150,,,,
2004-02-13,1195,882,749,541,400,979,837,783,1494,1021,300,66,125,50,52,55,106,60,210,,186,60,32,78,,118,326,326,653,42,230,342,298,43,12,,57,449,100,750,396,1500,150,,,,
2004-02-20,1195,882,749,541,400,979,837,783,1494,1021,300,66,125,50,52,55,106,60,210,,186,60,32,78,,118,326,324,653,42,230,342,298,43,12,,57,452,100,750,396,1500,150,,,,
2004-02-27,1195,882,749,541,400,979,837,783,1494,1021,300,66,125,50,52,55,106,60,210,,186,60,32,78,,118,326,328,653,42,230,342,298,43,12,,57,452,100,750,396,1500,150,,,,
2004-03-05,1195,882,749,541,400,979,837,783,1494,1021,300,66,125,50,52,55,106,60,210,,186,60,32,78,,118,326,331,653,42,230,342,298,43,12,,57,447,100,750,396,1500,150,,,,
2004-03-12,1195,882,749,541,400,979,837,783,1494,1021,300,66,125,50,52,55,106,60,210,,186,60,32,78,,118,326,325,653,42,230,342,298,43,12,,57,446,100,750,396,1500,150,,,,
2004-03-19,1195,882,749,541,400,979,837,783,1494,1021,300,66,125,50,52,55,106,60,210,,186,60,32,78,,118,326,321,653,42,230,342,298,43,12,,57,438,100,750,396,1500,150,,,,
2004-03-26,1195,882,749,541,400,979,837,783,1494,1021,300,66,125,50,52,55,106,60,210,,186,60,32,78,,118,326,317,653,42,230,342,298,43,12,,57,437,100,750,396,1500,150,,,,
2004-04-02,1195,882,749,541,400,979,837,783,1494,1021,300,66,125,50,52,55,106,60,210,,186,60,32,78,,118,326,321,653,42,230,342,298,43,12,,57,435,100,990,396,1500,150,950,450,,
2004-04-09,1195,882,749,541,400,979,837,783,1494,1021,300,66,125,50,52,55,106,60,210,,186,60,32,78,,118,326,321,653,42,230,342,298,43,12,,57,437,100,990,396,1500,150,950,450,,
2004-04-16,1195,882,749,541,400,979,837,783,1494,1021,300,66,125,50,52,55,106,60,210,,186,60,32,78,,118,326,321,653,42,230,342,298,43,12,,57,441,100,990,396,1500,150,950,450,,
2004-04-23,1195,882,749,541,400,979,837,783,1494,1021,300,66,125,50,52,55,106,60,210,,186,60,32,78,,118,326,319,653,42,230,342,298,43,12,,57,436,100,990,396,1500,150,950,450,,
2004-04-30,1195,882,749,541,400,979,837,783,1494,1021,300,66,125,50,52,55,106,60,210,,186,60,32,78,,118,326,321,653,42,230,342,298,43,12,,57,428,100,990,396,1500,150,950,450,,
2004-05-07,1195,882,749,541,400,979,837,783,1494,1021,300,66,125,50,52,55,106,60,210,,186,60,32,78,,118,326,323,653,42,230,342,298,43,12,,57,422,100,990,396,1500,150,950,450,,
2004-05-14,1195,882,749,541,400,979,837,783,1494,1021,300,66,125,50,52,55,106,60,210,,186,60,32,78,,118,326,325,653,42,230,342,298,43,12,,57,413,100,990,396,1500,150,950,450,,
2004-05-21,1195,882,749,541,400,979,837,783,1494,1021,300,66,125,50,52,55,106,60,210,,186,60,32,78,,118,326,331,653,42,230,342,298,43,12,,57,410,100,990,396,1500,150,950,450,,
2004-05-28,1195,882,749,541,400,979,837,783,1494,1021,300,66,125,50,52,55,106,60,210,,186,60,32,78,,118,326,328,653,42,230,342,298,43,12,,57,399,100,990,396,1500,150,950,450,,
2004-06-04,1195,882,749,541,400,979,837,783,1494,1021,300,66,125,50,52,55,106,60,210,,186,60,32,78,,118,326,333,653,42,230,342,298,43,12,,57,398,100,990,396,1500,150,950,450,,
2004-06-11,1195,882,749,541,400,979,837,783,1494,1021,300,66,125,50,52,55,106,60,210,,186,60,32,78,,118,326,335,653,42,230,342,298,43,12,,57,403,100,990,396,1500,150,950,450,,
2004-06-18,1195,882,749,541,400,979,837,783,1494,1021,300,66,125,50,52,55,106,60,210,,186,60,32,78,,118,326,338,653,42,230,342,298,43,12,,57,392,100,990,396,1500,150,950,450,,
2004-06-25,1195,882,749,541,400,979,837,783,1494,1021,300,66,125,50,52,55,106,60,210,,186,60,32,78,,118,326,341,653,42,230,342,298,43,12,,57,388,100,990,396,1500,150,950,450,,
2004-07-02,1195,882,749,541,400,979,837,783,1494,1021,300,66,125,50,52,55,106,60,210,,186,60,32,78,,118,326,343,653,42,230,342,298,43,12,,57,386,100,990,396,1500,150,950,450,,
2004-07-09,1195,882,749,541,400,979,837,783,1494,1021,300,66,125,50,52,55,106,60,210,,186,60,32,78,,118,326,342,653,42,230,342,298,43,12,,57,392,100,990,396,1500,150,950,450,,
2004-07-16,1195,882,749,541,400,979,837,783,1494,1021,300,66,125,50,52,55,106,60,210,,186,60,32,78,,118,326,344,653,42,230,342,298,43,12,,57,388,100,990,396,1500,150,950,450,,
2004-07-23,1195,882,749,541,400,979,837,783,1494,1021,300,66,125,50,52,55,106,60,210,,186,60,32,78,,118,326,344,653,42,230,342,298,43,12,,57,377,100,990,396,1500,150,950,450,,
2004-07-30,1195,882,749,541,400,979,837,783,1494,1021,300,66,125,50,52,55,106,60,210,,186,60,32,78,,118,326,341,653,42,230,342,298,43,12,,57,367,100,990,396,1500,150,950,450,,
2004-08-05,1195,882,749,541,400,979,837,783,1494,1021,300,66,125,50,52,55,106,60,210,,186,60,32,78,,118,326,344,653,42,230,342,298,43,12,,57,367,100,990,396,1500,150,950,450,,
2004-08-13,1195,882,749,541,400,979,837,783,1494,1021,300,66,125,50,52,55,106,60,210,,186,60,32,78,,118,326,341,653,42,230,342,298,43,12,,57,360,100,990,396,1500,150,950,450,,
2004-08-20,1195,882,749,541,400,979,837,783,1494,1021,300,66,125,50,52,55,106,60,210,,186,60,32,78,,118,326,343,653,42,230,342,298,43,12,,57,362,100,990,396,1500,150,950,450,,
2004-08-27,1195,882,749,541,400,979,837,783,1494,1021,300,66,125,50,52,55,106,60,210,,186,60,32,78,,118,326,343,653,42,230,342,298,43,12,,57,359,100,990,396,1500,150,950,450,,
2004-09-03,1195,882,749,541,400,979,837,783,1494,1021,300,66,125,50,52,55,106,60,210,,186,60,32,78,,118,326,341,653,42,230,342,298,43,12,,57,361,100,990,396,1500,150,950,450,,
2004-09-10,1195,882,749,541,400,979,837,783,1494,1021,300,66,125,50,52,55,106,60,210,,186,60,32,78,,118,326,341,653,42,230,342,298,43,12,,57,363,100,990,396,1500,150,950,450,,
2004-09-17,1195,882,749,541,400,979,837,783,1494,1021,300,66,125,50,52,55,106,60,210,,186,60,32,78,,118,326,342,653,42,230,342,298,43,12,,57,371,100,990,396,1500,150,950,450,,
2004-09-24,1195,882,749,541,400,979,837,783,1494,1021,300,66,125,50,52,55,106,60,210,,186,60,32,78,,118,326,343,653,42,230,342,298,43,12,,57,381,100,990,396,1500,150,950,450,,
2004-10-01,1195,882,749,541,400,979,837,783,1494,1021,300,66,125,50,52,55,106,60,210,,186,60,32,78,,118,326,345,653,42,230,342,298,43,12,,57,386,100,990,396,1500,150,950,450,,
2004-10-08,1195,882,749,541,400,979,837,783,1494,1021,300,66,125,50,52,55,106,60,210,,186,60,32,78,,118,326,345,653,42,230,342,298,43,12,,57,390,100,990,396,1500,150,950,450,,
2004-10-15,1195,882,749,541,400,979,837,783,1494,1021,300,66,125,50,52,55,106,60,210,,186,60,32,78,,118,326,346,653,42,230,342,298,43,12,,57,377,100,990,396,1500,150,950,450,,
2004-10-22,1195,882,749,541,400,979,837,783,1494,1021,300,66,125,50,52,55,106,60,210,,186,60,32,78,,118,326,346,653,42,230,342,298,43,12,,57,382,100,990,396,1500,150,950,450,,
2004-10-29,1195,882,749,541,400,979,837,783,1494,1021,300,66,125,50,52,55,106,60,210,,186,60,32,78,,118,326,346,653,42,230,342,298,43,12,,57,386,100,990,396,1500,150,950,450,,
2004-11-05,1195,882,749,541,400,979,837,783,1494,1021,300,66,125,50,52,55,106,60,210,,186,60,32,78,,118,326,346,653,42,230,342,298,43,12,,57,387,100,990,396,1500,150,950,450,,
2004-11-12,1195,882,749,541,400,979,837,783,1494,1021,300,66,125,50,52,55,106,60,210,,186,60,32,78,,118,326,348,653,42,230,342,298,43,12,,57,391,100,990,396,1500,150,950,450,,
2004-11-19,1195,882,749,541,400,979,837,783,1494,1021,300,66,125,50,52,55,106,60,210,,186,60,32,78,,118,326,347,653,42,230,342,298,43,12,,57,452,100,990,414,1500,150,950,450,,
2004-11-26,1195,882,749,541,400,979,837,783,1494,1021,300,66,125,50,52,55,106,60,210,,186,60,32,78,,118,326,349,653,42,230,342,298,43,12,,57,462,100,990,414,1500,150,950,450,,
2004-12-03,1195,882,749,541,400,979,837,783,1494,1021,300,66,125,50,52,55,106,60,210,,186,60,32,78,,118,326,348,653,42,230,342,298,43,12,,57,460,100,990,396,1500,150,950,450,,
2004-12-10,1195,882,749,541,400,979,837,783,1494,1021,300,66,125,50,52,55,106,60,210,,186,60,32,78,,118,326,345,653,42,230,342,298,43,12,,57,465,100,990,414,1500,150,950,450,,
2004-12-17,1195,882,749,541,400,979,837,783,1494,1021,300,66,125,50,52,55,106,60,210,,186,60,32,78,,118,326,343,653,42,230,342,298,43,12,,57,469,100,990,414,1500,150,950,450,,
2004-12-24,1195,882,749,541,400,979,837,783,1494,1021,300,66,125,50,52,55,106,60,210,,186,60,32,78,,118,326,343,653,42,230,342,298,43,12,,57,482,100,990,414,1500,150,950,450,,
2004-12-31,1195,882,749,541,400,979,837,783,1494,1021,300,66,125,50,52,55,106,60,210,,186,60,32,78,,118,326,341,653,42,230,342,298,43,12,,57,471,100,990,414,1500,150,950,450,,
2005-01-07,1195,882,749,541,400,979,837,783,1494,1021,300,66,125,50,52,55,106,60,210,,186,60,32,78,,118,326,338,653,42,230,342,298,43,12,,57,475,100,990,414,1500,150,950,450,,
2005-01-14,1195,882,749,541,400,979,837,783,1494,1021,300,66,125,50,52,55,106,60,210,,186,60,32,78,,118,326,341,653,42,230,342,298,43,12,,57,465,100,990,360,1500,150,950,450,,
2005-01-21,1195,882,749,541,400,979,837,783,1494,1021,300,66,125,50,52,55,106,60,210,,186,60,32,78,,118,326,341,653,42,230,342,298,43,12,,57,455,100,990,360,1500,150,950,450,,
2005-01-28,1195,882,749,541,400,979,837,783,1494,1021,300,66,125,50,52,55,106,60,210,,186,60,32,78,,118,326,342,653,42,230,342,298,43,12,,57,448,100,990,360,1500,150,950,450,,
2005-02-04,1195,882,749,541,400,979,837,783,1494,1021,300,66,125,50,52,55,106,60,210,,186,60,32,78,,118,326,345,653,42,230,342,298,43,12,,57,425,100,990,360,1500,150,950,450,,
2005-02-11,1195,882,749,541,400,979,837,783,1494,1021,300,66,125,50,52,55,106,60,210,,186,60,32,78,,118,326,343,653,42,230,342,298,43,12,,57,424,100,990,360,1500,150,950,450,,
2005-02-18,1195,882,749,541,400,979,837,783,1494,1021,300,66,125,50,52,55,106,60,210,,186,60,32,78,,118,326,343,653,42,230,342,298,43,12,,57,411,100,990,360,1500,150,950,450,,
2005-02-25,1195,882,749,541,400,979,837,783,1494,1021,300,66,125,50,52,55,106,60,210,,186,60,32,78,,118,326,343,653,42,230,342,298,43,12,,57,401,100,990,360,1500,150,950,450,,
2005-03-04,1195,882,749,541,400,979,837,783,1494,1021,300,66,125,50,52,55,106,60,210,,186,60,32,78,,118,326,344,653,42,230,342,298,43,12,,57,396,100,990,360,1500,150,950,450,,
2005-03-11,1195,882,749,541,400,979,837,783,1494,1021,300,66,125,50,52,55,106,60,210,,186,60,32,78,,118,326,344,653,42,230,342,298,43,12,,57,389,100,990,360,1500,150,950,450,,
2005-03-18,1195,882,749,541,400,979,837,783,1494,1021,300,66,125,50,52,55,106,60,210,,186,60,32,78,,118,326,346,653,42,230,342,298,43,12,,57,380,100,990,360,1500,150,950,450,,
2005-03-25,1195,882,749,541,400,979,837,783,1494,1021,300,66,125,50,52,55,106,60,210,,186,60,32,78,,118,326,347,653,42,230,342,298,43,12,,57,389,100,990,360,1500,150,950,450,,
2005-04-01,1195,882,749,541,400,979,837,783,1494,1021,300,66,125,50,52,55,106,60,210,,186,60,32,78,,118,326,345,653,42,230,342,298,43,12,,57,405,100,990,360,1500,150,950,450,,
2005-04-08,1195,882,749,541,400,979,837,783,1494,1021,300,66,125,50,52,55,106,60,210,,186,60,32,78,,118,326,340,653,42,230,342,298,43,12,,57,402,100,990,360,1500,150,950,450,,
2005-04-15,1165,882,749,541,400,979,837,783,1494,1021,300,66,125,50,52,55,106,60,210,,186,60,32,78,,118,326,334,653,42,230,342,298,43,12,,57,401,100,990,360,1500,150,950,450,,
2005-04-22,1165,882,749,541,400,979,837,783,1494,1021,300,66,125,50,52,55,106,60,210,,186,60,32,78,,118,326,332,653,42,230,342,298,43,12,,57,390,100,990,360,1500,150,950,450,,
2005-04-29,1165,882,749,541,400,979,837,783,1494,1021,300,66,125,50,52,55,106,60,210,,186,60,32,78,,118,326,333,653,42,230,342,298,43,12,,57,393,100,990,360,1500,150,950,450,,
2005-05-06,1165,882,749,541,400,979,837,783,1494,1021,300,66,125,50,52,55,106,60,210,,186,60,32,78,,118,326,334,653,42,230,342,298,43,12,,57,389,100,990,360,1500,150,950,450,,
2005-05-13,1165,882,749,541,400,979,837,783,1494,1021,300,66,125,50,52,55,106,60,210,,186,60,32,78,,118,326,335,653,42,230,342,298,43,12,,57,392,100,990,360,1500,150,950,450,,
2005-05-20,1165,882,749,541,400,979,837,783,1494,1021,300,66,125,50,52,55,106,60,210,,186,60,32,78,,118,326,335,653,42,230,342,298,43,12,,57,392,100,990,360,1500,150,950,450,,
2005-05-27,1165,882,749,541,400,979,837,783,1494,1021,300,66,125,50,52,55,106,60,210,,186,60,32,78,,118,326,339,653,42,230,342,298,43,12,,57,390,100,990,360,1500,150,950,450,,
2005-06-03,1165,882,749,541,400,979,837,783,1494,1021,300,66,125,50,52,55,106,60,210,,186,60,32,78,,118,326,344,653,42,230,342,298,43,12,,57,386,100,990,360,1500,150,950,450,,
2005-06-10,1165,882,749,541,400,979,837,783,1494,1021,300,66,125,50,52,55,106,60,210,,186,60,32,78,,118,326,347,653,42,230,342,298,43,12,,57,385,100,990,360,1500,150,950,450,,
2005-06-17,1165,882,749,541,400,979,837,783,1494,1021,300,66,125,50,52,55,106,60,210,,186,60,32,78,,118,326,345,653,42,230,342,298,43,12,,57,380,100,990,360,1500,150,950,450,,
2005-06-24,1165,882,749,541,400,979,837,783,1494,1021,300,66,125,50,52,55,106,60,210,,186,60,32,78,,118,326,342,653,42,230,342,298,43,12,,57,386,100,990,360,1500,150,950,450,,
2005-07-01,1165,882,749,541,400,979,837,783,1494,1021,300,66,125,50,52,55,106,60,210,,186,60,32,78,,118,326,343,653,42,230,342,298,43,12,,57,392,100,990,360,1500,150,950,450,,
2005-07-08,1165,882,749,541,400,979,837,783,1494,1021,300,66,125,50,52,55,106,60,210,,186,60,32,78,,118,326,344,653,42,230,342,298,43,12,,57,394,100,990,360,1500,150,950,450,,
2005-07-15,1165,882,749,541,400,979,837,783,1494,1021,300,66,125,50,52,55,106,60,210,,186,60,32,78,,118,326,343,653,42,230,342,298,43,12,,57,393,100,990,360,1500,150,950,450,,
2005-07-22,1165,882,749,541,400,979,837,783,1494,1021,300,66,125,50,52,55,106,60,210,,186,60,32,78,,118,326,342,653,42,230,342,298,43,12,,57,387,100,990,360,1500,150,950,450,,
2005-07-29,1165,882,749,541,400,979,837,783,1494,1021,300,66,125,50,52,55,106,60,210,,186,60,32,78,,118,326,345,653,42,230,342,298,43,12,,57,392,100,990,360,1500,150,950,450,,
2005-08-05,1165,882,749,541,400,979,837,783,1494,1021,300,66,125,50,52,55,106,60,210,,186,60,32,78,,118,326,346,653,42,230,342,298,43,12,,57,391,100,990,360,1500,150,950,450,,
2005-08-12,1165,882,749,541,400,979,837,783,1494,1021,300,66,125,50,52,55,106,60,210,,186,60,32,78,,118,326,345,653,42,230,342,298,43,12,,57,387,100,990,360,1500,150,950,450,,
2005-08-19,1165,882,749,541,400,979,837,783,1494,1021,300,66,125,50,52,55,106,60,210,,186,60,32,78,,118,326,343,653,42,230,342,298,43,12,,57,400,100,990,360,1500,150,950,450,,
2005-08-26,1165,882,749,541,400,979,837,783,1494,1021,300,66,125,50,52,55,106,60,210,,186,60,32,78,,118,326,347,653,42,230,342,298,43,12,,57,400,100,990,360,1500,150,950,450,,
2005-09-02,1165,882,749,541,400,979,837,783,1494,1021,300,66,125,50,52,55,106,60,210,,186,60,32,78,,118,326,344,653,42,230,342,298,43,12,,57,390,100,990,360,1500,150,950,450,,
2005-09-09,1165,882,749,541,400,979,837,783,1494,1021,300,66,125,50,52,55,106,60,210,,186,60,32,78,,118,326,342,653,42,230,342,298,43,12,,57,399,100,990,360,1500,150,950,450,,
2005-09-16,1165,882,749,541,400,979,837,783,1494,1021,300,66,125,50,52,55,106,60,210,,186,60,32,78,,118,326,343,653,42,230,342,298,43,12,,57,391,100,990,360,1500,150,950,450,,
2005-09-23,1165,882,749,541,400,979,837,783,1494,1021,300,66,125,50,52,55,106,60,210,,186,60,32,78,,118,326,340,653,42,230,342,298,43,12,,57,385,100,990,360,1500,150,950,450,,
2005-09-30,1165,882,749,541,400,979,837,783,1494,1021,300,66,125,50,52,55,106,60,210,,186,60,32,78,,118,326,340,653,42,230,342,298,43,12,,57,387,100,990,360,1500,150,950,450,,
2005-10-07,1165,882,749,541,400,979,837,783,1494,1021,300,66,125,50,52,55,106,60,210,,186,60,32,78,,118,326,340,653,42,230,342,298,43,12,,57,377,100,990,360,1500,150,950,450,,
2005-10-14,1165,882,749,541,400,979,837,783,1494,1021,300,66,125,50,52,55,106,60,210,,186,60,32,78,,118,326,338,653,42,230,342,298,43,12,,57,373,100,990,360,1500,150,950,450,,
2005-10-21,1165,882,749,541,400,979,837,783,1494,1021,300,66,125,50,52,55,106,60,210,,186,60,32,78,,118,326,338,653,42,230,342,298,43,12,,57,374,100,990,360,1500,150,950,450,,
2005-10-28,1165,882,749,541,400,979,837,783,1494,1021,300,66,125,50,52,55,106,60,210,,186,60,32,78,,118,326,338,653,42,230,342,298,43,12,,57,362,100,990,360,1500,150,950,450,,
2005-11-04,1165,882,749,541,400,979,837,783,1494,1021,300,66,125,50,52,55,106,60,210,,186,60,32,78,,118,326,338,653,42,230,342,298,43,12,,57,370,100,990,360,1500,150,950,450,,
2005-11-11,1165,882,749,541,400,979,837,783,1494,1021,300,66,125,50,52,55,106,60,210,,186,60,32,78,,118,326,337,653,42,230,342,298,43,12,,57,362,100,990,360,1500,150,950,450,,
2005-11-18,1165,882,749,541,400,979,837,783,1494,1021,300,66,125,50,52,55,106,60,210,,186,60,32,78,,118,326,339,653,42,230,342,298,43,12,,57,360,100,990,360,1500,150,950,450,,
2005-11-25,1165,882,749,541,400,979,837,783,1494,1021,300,66,125,50,52,55,106,60,210,,186,60,32,78,,118,326,340,653,42,230,342,298,43,12,,57,355,100,990,360,1500,150,950,450,,
2005-12-02,1165,882,749,541,400,979,837,783,1494,1021,300,66,125,50,52,55,106,60,210,,186,60,32,78,,118,326,341,653,42,230,342,298,43,12,,57,353,100,990,360,1500,150,950,450,,
2005-12-09,1165,882,749,541,400,979,837,783,1494,1021,300,66,125,50,52,55,106,60,210,,186,60,32,78,,118,326,340,653,42,230,342,298,43,12,,57,351,100,990,360,1500,150,950,450,,
2005-12-16,1165,882,749,541,400,979,837,783,1494,1021,300,66,125,50,52,55,106,60,210,,186,60,32,78,,118,326,339,653,42,230,342,298,43,12,,57,342,100,990,360,1500,150,950,450,,
2005-12-23,1165,882,749,541,400,979,837,783,1494,1021,300,66,125,50,52,55,106,60,210,,186,60,32,78,,118,326,338,653,42,230,342,298,43,12,,57,348,100,990,360,1500,150,950,450,,
2005-12-30,1165,882,749,541,400,979,837,783,1494,1021,300,66,125,50,52,55,106,60,210,,186,60,32,78,,118,326,335,653,42,230,342,298,43,12,,57,348,100,990,360,1500,150,950,450,,
2006-01-06,1165,882,749,541,400,979,837,783,1494,1021,300,66,125,50,52,55,106,60,210,,186,60,32,78,,118,326,336,653,42,230,342,298,43,12,,57,335,100,990,360,1500,150,950,450,,
2006-01-13,1165,882,749,541,400,979,837,783,1494,1021,300,66,125,50,52,55,106,60,210,,186,60,32,78,,118,326,336,653,42,230,342,298,43,12,,57,342,100,990,360,1500,150,950,450,,
2006-01-20,1165,882,749,541,400,979,837,783,1494,1021,300,66,125,50,52,55,106,60,210,,186,60,32,78,,118,326,337,653,42,230,342,298,43,12,,57,340,100,990,360,1500,150,950,450,,
2006-01-27,1165,882,749,541,400,979,837,783,1494,1021,300,66,125,50,52,55,106,60,210,,186,60,32,78,,118,326,339,653,42,230,342,298,43,12,,57,328,100,990,360,1500,150,950,450,,
2006-02-03,1165,882,749,541,400,979,837,783,1494,1021,300,66,125,50,52,55,106,60,210,,186,60,32,78,,118,326,337,653,42,230,342,298,43,12,,57,325,100,990,360,1500,150,950,450,,
2006-02-10,1165,882,749,541,400,979,837,783,1494,1021,300,66,125,50,52,55,106,60,210,,186,60,32,78,,118,326,337,653,42,230,342,298,43,12,,57,322,100,990,360,1500,150,950,450,,
2006-02-17,1165,882,749,541,400,979,837,783,1494,1021,300,66,125,50,52,55,106,60,210,,186,60,32,78,,118,326,334,653,42,230,342,298,43,12,,57,319,100,990,360,1500,150,950,450,,
2006-02-24,1165,882,749,541,400,979,837,783,1494,1021,300,66,125,50,52,55,106,60,210,,186,60,32,78,,118,326,334,653,42,230,342,298,43,12,,57,321,100,990,360,1500,150,950,450,,
2006-03-03,1165,882,749,541,400,979,837,783,1494,1021,300,66,125,50,52,55,106,60,210,,186,60,32,78,,118,326,332,653,42,230,342,298,43,12,,57,322,100,990,360,1500,150,950,450,,
2006-03-10,1165,882,749,541,400,979,837,783,1494,1021,300,66,125,50,52,55,106,60,210,,186,60,32,78,,118,326,336,653,42,230,342,298,43,12,,57,331,100,990,360,1500,150,950,450,,
2006-03-17,1165,882,749,541,400,979,837,783,1494,1021,300,66,125,50,52,55,106,60,210,,186,60,32,78,,118,326,334,653,42,230,342,298,43,12,,57,338,100,990,360,1500,150,950,450,,
2006-03-24,1165,882,749,541,400,979,837,783,1494,1021,300,66,125,50,52,55,106,60,210,,186,60,32,78,,118,326,336,653,42,230,342,298,43,12,,57,343,100,990,360,1500,150,950,450,,
2006-03-31,1165,882,749,541,400,979,837,783,1494,1021,300,66,125,50,52,55,106,60,210,,186,60,32,78,,118,326,344,653,42,230,342,298,43,12,,57,349,100,990,360,1500,150,950,450,,
2006-04-07,1165,882,749,541,400,979,837,783,1494,1021,300,66,125,50,52,55,106,60,210,,186,60,32,78,,118,326,343,653,42,230,342,298,43,12,,57,346,100,990,360,1500,150,950,450,,
2006-04-14,1165,882,749,541,400,979,837,783,1494,1021,300,66,125,50,52,55,106,60,210,,186,60,32,78,,118,326,345,653,42,230,342,298,43,12,,57,343,100,990,360,1500,150,950,450,,
2006-04-21,1165,882,749,541,400,979,837,783,1494,1021,300,66,125,50,52,55,106,60,210,,186,60,32,78,,118,326,348,653,42,230,342,298,43,12,,57,334,100,990,360,1500,150,950,450,,
2006-04-28,1165,882,749,541,400,979,837,783,1494,1021,300,66,125,50,52,55,106,60,210,,186,60,32,78,,118,326,346,653,42,230,342,298,43,12,,57,337,100,990,360,1500,150,950,450,,
2006-05-05,1165,882,749,541,400,979,837,783,1494,1021,300,66,125,50,52,55,106,60,210,,186,60,32,78,,118,326,347,653,42,230,342,298,43,12,,57,335,100,990,360,1500,150,950,450,,
2006-05-12,1165,882,749,541,400,979,837,783,1494,1021,300,66,125,50,52,55,106,60,210,,186,60,32,78,,118,326,345,653,42,230,342,298,43,12,,57,335,100,990,360,1500,150,950,450,,
2006-05-19,1165,882,749,541,400,979,837,783,1494,1021,300,66,125,50,52,55,106,60,210,,186,60,32,78,,118,326,342,653,42,230,342,298,43,12,,57,337,100,990,360,1500,150,950,450,,
2006-05-26,1165,882,749,541,400,979,837,783,1494,1021,300,66,125,50,52,55,106,60,210,,186,60,32,78,,118,326,342,653,42,230,342,298,43,12,,57,344,100,990,360,1500,150,950,450,,
2006-06-02,1165,882,749,541,400,979,837,783,1494,1021,300,66,125,50,52,55,106,60,210,,186,60,32,78,,118,326,342,653,42,230,342,298,43,12,,57,346,100,990,360,1500,150,950,450,,
2006-06-09,1165,882,749,541,400,979,837,783,1494,1021,300,66,125,50,52,55,106,60,210,,186,60,32,78,,118,326,344,653,42,230,342,298,43,12,,57,338,100,990,360,1500,150,950,450,,
2006-06-16,1165,882,749,541,400,979,837,783,1494,1021,300,66,125,50,52,55,106,60,210,,186,60,32,78,,118,326,344,653,42,230,342,298,43,12,,57,339,100,990,360,1500,150,950,450,,
2006-06-23,1165,882,749,541,400,979,837,783,1494,1021,300,66,125,50,52,55,106,60,210,,186,60,32,78,,118,326,346,653,42,230,342,298,43,12,,57,344,100,990,360,1500,150,950,450,,
2006-06-30,1165,882,749,834,400,979,837,783,1494,1021,300,66,125,50,52,55,106,60,210,,186,60,32,78,,118,326,348,653,42,230,342,298,43,12,,57,339,100,990,360,1500,150,950,450,,
2006-07-07,1165,882,749,541,400,979,837,783,1494,1021,300,66,125,50,52,55,106,60,210,,186,60,32,78,,118,326,343,653,42,230,342,298,43,12,,57,339,100,990,360,1500,150,950,450,,
2006-07-14,1165,882,749,541,400,979,837,783,1494,1021,300,66,125,50,52,55,106,60,210,,186,60,32,78,,118,326,345,653,42,230,342,298,43,12,,57,348,100,990,360,1500,150,950,450,,
2006-07-21,1165,882,749,541,400,979,837,783,1494,1021,300,66,125,50,52,55,106,60,210,,186,60,32,78,,118,326,344,653,42,230,342,298,43,12,,57,353,100,990,360,1500,150,950,450,,
2006-07-28,1165,882,749,541,400,979,837,783,1494,1021,300,66,125,50,52,55,106,60,210,,186,60,32,78,,118,326,343,653,42,230,342,298,43,12,,57,349,100,990,360,1500,150,950,450,,
2006-08-04,1165,882,749,541,400,979,837,783,1494,1021,300,66,125,50,52,55,106,60,210,,186,60,32,78,,118,326,343,653,42,230,342,298,43,12,,57,350,100,990,360,1500,150,950,450,,
2006-08-11,1165,882,749,541,400,979,837,783,1494,1021,300,66,125,50,52,55,106,60,210,,186,60,32,78,,118,326,345,653,42,230,342,298,43,12,,57,340,100,990,360,1500,150,950,450,,
2006-08-18,1165,882,749,541,400,979,837,783,1494,1021,300,66,125,50,52,55,106,60,210,,186,60,32,78,,118,326,345,653,42,230,342,298,43,12,,57,335,100,990,360,1500,150,950,450,,
2006-08-25,1165,882,749,541,400,979,837,783,1494,1021,300,66,125,50,52,55,106,60,210,,186,60,32,78,,118,326,343,653,42,230,342,298,43,12,,57,337,100,990,360,1500,150,950,450,,
2006-09-01,1165,882,749,541,400,979,837,783,1494,1021,300,66,125,50,52,55,106,60,210,,186,60,32,78,,118,326,340,653,42,230,342,298,43,12,,57,340,100,990,360,1500,150,950,450,,
2006-09-08,1165,882,749,541,400,979,837,783,1494,1021,300,66,125,50,52,55,106,60,210,,186,60,32,78,,118,326,341,653,42,230,342,298,43,12,,57,341,100,990,360,1500,150,950,450,,
2006-09-15,1165,882,749,541,400,979,837,783,1494,1021,300,66,125,50,52,55,106,60,210,,186,60,32,78,,118,326,339,653,42,230,342,298,43,12,,57,345,100,990,360,1500,150,950,450,,
2006-09-22,1165,882,749,541,400,979,837,783,1494,1021,300,66,125,50,52,55,106,60,210,,186,60,32,78,,118,326,338,653,42,230,342,298,43,12,,57,351,100,990,360,1500,150,950,450,,
2006-09-29,1165,882,749,541,400,979,837,783,1494,1021,300,66,125,50,52,55,106,60,210,,186,60,32,78,,118,326,339,653,42,230,342,298,43,12,,57,347,100,990,360,1500,150,950,450,,
2006-10-06,1165,882,749,541,400,979,837,783,1494,1021,300,66,125,50,52,55,106,60,210,,186,60,32,78,,118,326,342,653,42,230,342,298,43,12,,57,352,100,990,326,1500,150,950,450,,
2006-10-13,1165,882,749,541,400,979,837,783,1494,1021,300,66,125,50,52,55,106,60,210,,186,60,32,78,,118,326,346,653,42,230,342,298,43,12,,57,353,100,990,326,1500,150,950,450,,
2006-10-20,1165,882,749,541,400,979,837,783,1494,1021,300,66,125,50,52,55,106,60,210,,186,60,32,78,,118,326,345,653,42,230,342,298,43,12,,57,360,100,990,326,1500,150,950,450,,
2006-10-27,1165,882,749,541,400,979,837,783,1494,1021,300,66,125,50,52,55,106,60,210,,186,60,32,78,,118,326,348,653,42,230,342,298,43,12,,57,345,100,990,326,1500,150,950,450,,
2006-11-03,1165,882,749,541,400,979,837,783,1494,1021,300,66,125,50,52,55,106,60,210,,186,60,32,78,,118,326,347,653,42,230,342,298,43,12,,57,344,100,990,326,1500,150,950,450,,
2006-11-10,1165,882,749,541,400,979,837,783,1494,1021,300,66,125,50,52,55,106,60,210,,186,60,32,78,,118,326,350,653,42,230,342,298,43,12,,57,348,100,990,326,1500,150,950,450,,
2006-11-17,1165,882,749,541,400,979,837,783,1494,1021,300,66,125,50,52,55,106,60,210,,186,60,32,78,,118,326,349,653,42,230,342,298,43,12,,57,353,100,990,326,1500,150,950,450,,
2006-11-24,1165,882,749,541,400,979,837,783,1494,1021,300,66,125,50,52,55,106,60,210,,186,60,32,78,,118,326,350,653,42,230,342,298,43,12,,57,357,100,990,326,1500,150,950,450,,
2006-12-01,1165,882,749,541,400,979,837,783,1494,1021,300,66,125,50,52,55,106,60,210,,186,60,32,78,,118,326,350,653,42,230,342,298,43,12,,57,359,100,990,326,1500,150,950,450,,
2006-12-08,1165,882,749,541,400,979,837,783,1494,1021,300,66,125,50,52,55,106,60,210,,186,60,32,78,,118,326,354,653,42,230,342,298,43,12,,57,359,100,990,326,1500,150,950,450,,
2006-12-15,1165,882,749,541,400,979,837,783,1494,1021,300,66,125,50,52,55,106,60,210,,186,60,32,78,,118,326,353,653,42,230,342,298,43,12,,57,364,100,990,326,1500,150,950,450,,
2006-12-22,1165,882,749,541,400,979,837,783,1494,1021,300,66,125,50,52,55,106,60,210,,186,60,32,78,,118,326,347,653,42,230,342,298,43,12,,57,365,100,990,326,1500,150,950,450,,
2006-12-29,1165,882,749,541,400,979,837,783,1494,1021,300,66,125,50,52,55,106,60,210,,186,60,32,78,,118,326,347,653,42,230,342,298,43,12,,57,376,100,990,326,1500,150,950,450,,
2007-01-05,1165,882,749,541,400,979,837,783,1494,1021,300,66,125,50,52,55,106,60,210,,186,60,32,78,,118,326,350,653,42,230,342,298,43,12,,57,380,100,990,326,1500,150,950,450,,
2007-01-12,1165,882,749,541,400,979,837,783,1494,1021,300,66,125,50,52,55,106,60,210,,186,60,32,78,,118,326,347,653,42,230,342,298,43,12,,57,377,100,990,326,1500,150,950,450,,
2007-01-19,1165,882,749,541,400,979,837,783,1494,1021,300,66,125,50,52,55,106,60,210,,186,60,32,78,,118,326,345,653,42,230,342,298,43,12,,57,380,100,990,326,1500,150,950,450,,
2007-01-26,1165,882,749,541,400,979,837,783,1494,1021,300,66,125,50,52,55,106,60,210,,186,60,32,78,,118,326,343,653,42,230,342,298,43,12,,57,374,100,990,326,1500,150,950,450,,
2007-02-02,1165,882,749,541,400,979,837,783,1494,1021,300,66,125,50,52,55,106,60,210,,186,60,32,78,,118,326,339,653,42,230,342,298,43,12,,57,368,100,990,326,1500,150,950,450,,
2007-02-09,1165,882,749,541,400,979,837,783,1494,1021,300,66,125,50,52,55,106,60,210,,186,60,32,78,,118,326,339,653,42,230,342,298,43,12,,57,372,100,990,326,1500,150,950,450,,
2007-02-16,1165,882,749,541,400,979,837,783,1494,1021,300,66,125,50,52,55,106,60,210,,186,60,32,78,,118,326,339,653,42,230,342,298,43,12,,57,383,100,990,326,1500,150,950,450,,
2007-02-23,1165,882,749,541,400,979,837,783,1494,1021,300,66,125,50,52,55,106,60,210,,186,60,32,78,,118,326,340,653,42,230,342,298,43,12,,57,396,100,990,326,1500,150,950,450,,
2007-03-02,1165,882,749,541,400,979,837,783,1494,1021,300,66,125,50,52,55,106,60,210,,186,60,32,78,,118,326,341,653,42,230,342,298,43,12,,57,412,100,990,326,1500,150,950,450,,
2007-03-09,1165,882,749,541,400,979,837,783,1494,1021,300,66,125,50,52,55,106,60,210,,186,60,32,78,,118,326,336,653,42,230,342,298,43,12,,57,420,100,990,326,1500,150,950,450,,
2007-03-16,1165,882,749,541,400,979,837,783,1494,1021,300,66,125,50,52,55,106,60,210,,186,60,32,78,,118,326,340,653,42,230,342,298,43,12,,57,432,100,990,326,1500,150,950,450,,
2007-03-23,1165,882,749,541,400,979,837,783,1494,1021,300,66,125,50,52,55,106,60,210,,186,60,32,78,,118,326,340,653,42,230,342,298,43,12,,57,444,100,990,326,1500,150,950,450,,
2007-03-30,1165,882,749,541,400,979,837,783,1494,1021,300,66,125,50,52,55,106,60,210,,186,60,32,78,,118,326,335,653,42,230,342,298,43,12,,57,460,100,990,326,1500,150,950,450,,
2007-04-06,1165,882,749,541,400,979,837,783,1494,1021,300,66,125,50,52,55,106,60,210,,186,60,32,78,,118,326,337,653,42,230,342,298,43,12,,57,484,100,990,326,1500,150,950,450,,
2007-04-13,1165,882,749,541,400,979,837,783,1494,1021,300,66,125,50,52,55,106,60,210,,186,60,32,78,,118,326,336,653,42,230,342,298,43,12,,57,489,100,990,326,1500,150,950,450,,
2007-04-20,1165,882,749,541,400,979,837,783,1494,1021,300,66,125,50,52,55,106,60,210,,186,60,32,78,,118,326,335,653,42,230,342,298,43,12,,57,483,100,990,326,1500,150,950,450,,
2007-04-27,1165,882,749,541,400,979,837,783,1494,1021,300,66,125,50,52,55,106,60,210,,186,60,32,78,,118,326,332,653,42,230,342,298,43,12,,57,489,100,990,326,1500,150,950,450,,
2007-05-04,1165,882,749,541,400,979,837,783,1494,1021,300,66,125,50,52,55,106,60,210,,186,60,32,78,,118,326,332,653,42,230,342,298,43,12,,57,483,100,990,326,1500,150,950,450,,
2007-05-11,1165,882,749,541,400,979,837,783,1494,1021,300,106,125,50,52,55,106,60,210,,186,60,32,78,,118,326,334,653,42,230,342,298,43,12,,57,477,100,990,326,1500,150,950,450,,
2007-05-18,1165,882,749,541,400,979,837,783,1494,1021,300,66,125,50,52,55,106,60,210,,186,60,32,78,,118,326,335,653,42,230,342,298,43,12,,57,482,100,990,326,1500,150,950,450,,
2007-05-25,1165,882,749,541,400,979,837,783,1494,1021,300,66,125,50,52,55,106,60,210,,186,60,32,78,,118,326,337,653,42,230,342,298,43,12,,57,475,100,990,326,1500,150,950,450,,
2007-06-01,1165,882,749,541,400,979,837,783,1494,1021,300,66,125,50,52,55,106,60,210,,186,60,32,78,,118,326,335,653,42,230,342,298,43,12,,57,464,100,990,326,1500,150,950,450,,
2007-06-08,1165,882,749,541,400,979,837,783,1494,1021,300,66,125,50,52,55,106,60,210,,186,60,32,78,,118,326,334,653,42,230,342,298,43,12,,57,459,100,990,326,1500,150,950,450,,
2007-06-15,1165,882,749,541,400,979,837,783,1494,1021,300,66,125,50,52,55,106,60,210,,186,60,32,78,,118,326,336,653,42,230,342,298,43,12,,57,461,100,990,326,1500,150,950,450,,
2007-06-22,1165,882,749,541,400,979,837,783,1494,1021,300,66,125,50,52,55,106,60,210,,186,60,32,78,,118,326,335,653,42,230,342,298,43,12,,57,462,100,990,326,1500,150,950,450,,
2007-06-29,1165,882,749,541,400,979,837,783,1494,1021,300,66,125,50,52,55,106,60,210,,186,60,32,78,,118,326,336,653,42,230,342,298,43,12,,57,458,100,990,326,1500,150,950,450,,
2007-07-06,1165,882,749,541,400,979,837,783,1494,1021,300,66,125,50,52,102,106,60,210,,186,60,32,78,,118,326,338,653,42,230,342,298,43,12,,57,461,100,990,326,1500,150,950,450,,
2007-07-13,1165,882,749,541,400,979,837,783,1494,1021,300,66,125,50,52,55,106,60,210,,186,60,32,78,,118,326,331,653,42,230,342,298,43,12,,57,448,100,990,326,1500,150,950,450,,
2007-07-20,1165,882,749,541,400,979,837,783,1494,1021,300,66,125,50,52,55,106,60,210,,186,60,32,78,,118,326,332,653,42,230,342,298,43,12,,57,444,100,990,326,1500,150,950,450,,
2007-07-27,1165,882,749,541,400,979,837,783,1494,1021,300,66,125,50,52,55,106,60,210,,186,60,32,78,,118,326,325,653,42,230,342,298,43,12,,57,453,100,990,326,1500,150,950,450,,
2007-08-03,1165,882,749,541,400,979,837,783,1494,1021,300,66,125,50,52,55,106,60,210,,186,60,32,78,,118,326,329,653,42,230,342,298,43,12,,57,452,100,990,326,1500,150,950,450,,
2007-08-10,1165,882,749,541,400,979,837,783,1494,1021,300,66,125,50,52,55,106,60,210,,186,60,32,78,,118,326,331,653,42,230,342,298,43,12,,57,453,100,990,326,1500,150,950,450,,
2007-08-17,1165,882,749,541,400,979,837,783,1494,1021,300,66,125,50,52,55,106,60,210,,186,60,32,78,,118,326,326,653,42,230,342,298,43,12,,57,453,100,990,326,1500,150,950,450,,
2007-08-24,1165,882,749,541,400,979,837,783,1494,1021,300,66,125,50,52,55,106,60,210,,186,60,32,78,,118,326,328,653,42,230,342,298,43,12,,57,454,100,990,326,1500,150,950,450,,
2007-08-31,1165,882,749,541,400,979,837,783,1494,1021,300,66,125,50,52,55,106,60,210,,186,60,32,78,,118,326,324,653,42,230,342,298,43,12,,57,457,100,990,326,1500,150,950,450,,
2007-09-07,1165,882,749,541,400,979,837,783,1494,1021,300,66,125,50,52,55,106,60,210,,186,60,32,78,,118,326,324,653,42,230,342,298,43,12,,57,455,100,990,326,1500,150,950,450,,
2007-09-14,1165,882,749,541,400,979,837,783,1494,1021,300,66,125,50,52,55,106,60,210,,186,60,32,78,,118,326,322,653,42,230,342,298,43,12,,57,454,100,990,326,1500,150,950,450,,
2007-09-21,1165,882,749,541,400,979,837,783,1494,1021,300,66,125,50,52,55,106,60,210,,186,60,32,78,,118,326,322,653,42,230,342,298,43,12,,57,454,100,990,326,1500,150,950,450,,
2007-09-28,1165,882,749,541,400,979,837,783,1494,1021,300,66,125,50,52,55,106,60,210,,186,60,32,78,,118,326,321,653,42,230,342,298,43,12,,57,455,100,990,326,1500,150,950,450,,
2007-10-05,1165,882,749,541,400,979,837,783,1494,1021,300,66,125,50,52,55,106,60,210,,186,60,32,78,,118,326,320,653,42,230,342,298,43,12,,57,458,100,990,326,1500,150,950,450,,
2007-10-12,1165,882,749,541,400,979,837,783,1494,1021,300,66,125,50,52,55,106,60,210,,186,60,32,78,,118,326,321,653,42,230,342,298,43,12,,57,459,100,990,326,1500,150,950,450,,
2007-10-19,1165,882,749,541,400,979,837,783,1494,1021,300,66,125,50,52,55,106,60,210,,186,60,32,78,,118,326,322,653,42,230,342,298,43,12,,57,459,100,990,326,1500,150,950,450,,
2007-10-26,1165,882,749,541,400,979,837,783,1494,1021,300,66,125,50,52,55,106,60,210,,186,60,32,78,,118,326,325,653,42,230,342,298,43,12,,57,453,100,990,326,1500,150,950,450,,
2007-11-02,1165,882,749,541,400,979,837,783,1494,1021,300,66,125,50,52,55,106,60,210,,186,60,32,78,,118,326,330,653,42,230,342,298,43,12,,57,455,100,990,326,1500,150,950,450,,
2007-11-09,1165,882,749,541,400,979,837,783,1494,1021,300,66,125,50,52,55,106,60,210,,186,60,32,78,,118,326,337,653,42,230,342,298,43,12,,57,458,100,990,326,1500,150,950,450,,
2007-11-16,1165,882,749,541,400,979,837,783,1494,1021,300,66,125,50,52,55,106,60,210,,186,60,32,78,,118,326,340,653,42,230,342,298,43,12,,57,453,100,990,326,1500,150,950,450,,
2007-11-23,1165,882,749,541,400,979,837,783,1494,1021,300,66,125,50,52,55,106,60,210,,186,60,32,78,,118,326,339,653,42,230,342,298,43,12,,57,447,100,990,326,1500,150,950,450,,
2007-11-30,1165,882,749,541,400,979,837,783,1494,1021,300,66,125,50,52,55,106,60,210,,186,60,32,78,,118,326,340,653,42,230,342,298,43,12,,57,435,100,990,326,1500,150,950,450,,
2007-12-07,1165,882,749,541,400,979,837,783,1494,1021,300,66,125,50,52,55,106,60,210,,186,60,32,78,,118,326,346,653,42,230,342,298,43,12,,57,447,100,990,326,1500,150,950,450,,
2007-12-14,1165,882,749,541,400,979,837,783,1494,1021,300,66,125,50,52,55,106,60,210,,186,60,32,78,,118,326,345,653,42,230,342,298,43,12,,57,451,100,990,326,1500,150,950,450,,
2007-12-21,1165,882,749,541,400,979,837,783,1494,1021,300,66,125,50,52,55,106,60,210,,186,60,32,78,,118,326,345,653,42,230,342,298,43,12,,57,453,100,990,326,1500,150,950,450,,
2007-12-28,1165,882,749,541,400,979,837,783,1494,1021,300,66,125,50,52,55,106,60,210,,186,60,32,78,,118,326,346,653,42,230,342,298,43,12,,57,449,100,990,326,1500,150,950,450,,
2008-01-04,1165,882,749,541,400,979,837,783,1494,1021,300,66,125,50,52,55,106,60,210,,186,60,32,78,,118,326,347,653,42,230,342,298,43,12,,57,451,100,990,326,1500,150,950,450,,
2008-01-11,1165,882,749,541,400,979,837,783,1494,1021,300,66,125,50,52,55,106,60,210,,186,60,32,78,,118,326,343,653,42,230,342,298,43,12,,57,451,100,990,326,1500,150,950,450,,
2008-01-18,1165,882,749,541,400,979,837,783,1494,1021,300,66,125,50,52,55,106,60,210,,186,60,32,78,,118,326,344,653,42,230,342,298,43,12,,57,463,100,990,326,1500,150,950,450,,
2008-01-25,1165,882,749,541,400,979,837,783,1494,1021,300,66,125,50,52,55,106,60,210,,186,60,32,78,,118,326,342,653,42,230,342,298,43,12,,57,477,100,990,326,1500,150,950,450,,
2008-02-01,1165,882,749,541,400,979,837,783,1494,1021,300,66,125,50,52,55,106,60,210,,186,60,32,78,,118,326,341,653,42,230,342,298,43,12,,57,486,100,990,326,1500,150,950,450,,
2008-02-08,1165,882,749,541,400,979,837,783,1494,1021,300,66,125,50,52,55,106,60,210,,186,60,57,78,,118,326,343,653,42,230,342,298,43,12,,57,486,100,990,326,1500,150,950,450,,
2008-02-15,1165,882,749,541,400,979,837,783,1494,1021,300,66,125,50,52,55,106,60,210,,186,60,32,78,,118,326,344,653,42,230,342,298,43,12,,57,478,100,990,326,1500,150,950,450,,
2008-02-22,1165,882,749,541,400,979,837,783,1494,1021,300,66,125,50,52,55,106,60,210,,186,60,32,78,,118,326,346,653,42,230,342,298,43,12,,57,472,100,990,326,1500,150,950,450,,
2008-02-29,1165,882,1098,541,400,979,837,783,1494,1021,300,66,125,50,52,55,106,60,210,,186,60,32,78,,118,326,349,653,42,230,342,298,43,12,,57,481,100,990,326,1500,150,950,450,,
2008-03-07,1165,882,749,541,400,979,837,783,1494,1021,344,66,125,50,52,55,106,60,210,,186,60,32,78,,118,326,342,653,42,230,342,298,43,12,,57,481,100,990,326,1500,150,950,450,,
2008-03-14,1165,882,749,541,400,979,837,783,1494,1021,344,66,125,50,52,55,106,60,210,,186,60,32,78,,118,326,344,653,42,230,342,298,43,12,,57,477,100,990,302,1500,150,950,450,,
2008-03-21,1165,882,749,541,400,979,837,783,1494,1021,344,66,125,50,52,55,106,60,210,,186,60,32,78,,118,326,338,653,42,230,342,298,43,12,,57,484,100,990,302,1500,150,950,450,,
2008-03-28,1165,882,749,541,400,979,837,783,1494,1021,344,66,125,50,52,55,106,60,210,,186,60,32,78,,118,326,317,653,42,230,342,298,43,12,,57,468,100,990,302,1500,150,950,450,,
2008-04-04,1165,882,749,541,400,979,837,783,1494,1021,344,66,125,50,52,55,106,60,210,,186,60,32,78,,118,326,315,653,42,230,342,298,43,12,,57,469,100,990,302,1500,150,950,450,,
2008-04-11,1165,882,749,541,400,979,837,783,1494,1021,344,66,125,50,52,55,106,60,210,,186,60,32,78,,118,326,316,653,42,230,342,298,43,12,,57,468,100,990,302,1500,150,950,450,,
2008-04-18,1165,882,749,541,400,979,837,783,1494,1021,344,66,125,50,52,55,106,60,210,,186,60,32,78,,118,326,315,653,42,230,342,298,43,12,,57,465,100,990,302,1500,150,950,450,,
2008-04-25,1165,882,749,541,400,979,837,783,1494,1021,344,66,125,50,52,55,106,60,210,,186,60,32,78,,118,326,318,653,42,230,342,298,43,12,,57,460,100,990,302,1500,150,950,450,,
2008-05-02,1165,882,749,541,400,979,837,783,1494,1021,344,66,125,50,52,55,106,60,210,,186,60,32,78,,118,326,318,653,42,230,342,298,43,12,,57,467,100,990,302,1500,150,950,450,,
2008-05-09,1165,882,749,541,400,979,837,783,1494,1021,344,66,125,50,52,55,106,60,210,,186,60,32,78,,118,326,320,653,42,230,342,298,43,12,,57,443,100,990,302,1500,150,950,450,,
2008-05-16,1165,882,749,541,400,979,837,783,1494,1021,344,66,125,50,52,55,106,60,210,,186,60,32,78,,118,326,318,653,42,230,342,298,43,12,,57,435,100,990,302,1500,150,950,450,,
2008-05-23,1165,882,749,541,400,979,837,783,1494,1021,344,66,125,50,52,55,106,60,210,,186,60,32,78,,118,326,316,653,42,230,342,298,43,12,,57,426,100,990,302,1500,150,950,450,,
2008-05-30,1165,882,749,541,400,979,837,783,1494,1021,344,66,125,50,52,55,106,60,210,,186,60,32,78,,118,326,317,653,42,230,342,298,43,12,,57,429,100,990,302,1500,150,950,450,,
2008-06-06,1165,882,749,541,400,979,837,783,1494,1021,344,66,125,50,52,55,106,60,210,,186,60,32,78,,118,326,315,653,42,230,342,298,43,12,,57,428,100,990,302,1500,150,950,450,,
2008-06-13,1165,882,749,541,400,979,837,783,1494,1021,344,66,125,50,52,55,106,60,210,,186,60,32,78,,118,326,317,653,42,230,342,298,43,12,,57,417,100,990,302,1500,150,950,450,,
2008-06-20,1165,882,749,541,400,979,837,783,1494,1021,344,66,125,50,52,55,106,60,210,,186,60,32,78,,118,326,317,653,42,230,342,298,43,12,,57,426,100,990,302,1500,150,950,450,,
2008-06-27,1165,882,749,541,400,979,837,783,1494,1021,344,66,125,50,52,55,106,60,210,,186,60,32,78,,118,326,315,653,42,230,342,298,43,12,,57,423,100,990,302,1500,150,950,450,,
2008-07-04,1165,882,749,541,400,979,837,783,1494,1021,344,66,125,50,52,55,106,60,210,,186,60,32,78,,118,326,314,653,42,230,342,298,43,12,,57,429,100,990,302,1500,150,950,450,,
2008-07-11,1165,882,749,541,400,979,837,783,1494,1021,344,66,125,50,52,55,106,60,210,,186,60,32,78,,118,326,315,653,42,230,342,298,43,12,,57,431,100,990,302,1500,150,950,450,,
2008-07-18,1165,882,749,541,400,979,837,783,1494,1021,344,66,125,50,52,55,106,60,210,,186,60,32,78,,118,326,315,653,42,230,342,298,43,12,,57,432,100,990,302,1500,150,950,450,,
2008-07-25,1165,882,749,541,400,979,837,783,1494,1021,344,66,125,50,52,55,106,60,210,,186,60,32,78,,118,326,314,653,42,230,342,298,43,12,,57,424,100,990,302,1500,150,950,450,,
2008-08-01,1165,882,749,541,400,979,837,783,1494,1021,344,66,125,50,52,55,106,60,210,,186,60,32,78,,118,326,313,653,42,230,342,298,43,12,,57,429,100,990,302,1500,150,950,450,,
2008-08-08,1165,882,749,541,400,979,837,783,1494,1021,344,66,125,50,52,55,106,60,210,,186,60,32,78,,118,326,313,653,42,230,342,298,43,12,,57,440,100,990,302,1500,150,950,450,,
2008-08-15,1165,882,749,541,400,979,837,783,1494,1021,344,66,125,50,52,55,106,60,210,,186,60,32,78,,118,326,314,653,42,230,342,298,43,12,,57,441,100,990,302,1500,150,950,450,,
2008-08-22,1165,882,749,541,400,979,837,783,1494,1021,344,66,125,50,52,55,106,60,210,,186,60,32,78,,118,326,314,653,42,230,342,298,43,12,,57,438,100,990,302,1500,150,950,450,,
2008-08-29,1165,882,749,541,400,979,837,783,1494,1021,344,66,125,50,52,55,106,60,210,,186,60,32,78,,118,326,313,653,42,230,342,298,43,12,,57,430,100,990,302,1500,150,950,450,,
2008-09-05,1165,882,749,541,400,979,837,783,1494,1021,344,66,125,50,52,55,106,60,210,,186,60,32,78,,118,326,312,653,42,230,342,298,43,12,,57,437,100,990,302,1500,150,950,450,,
2008-09-12,1165,882,749,541,400,979,837,783,1494,1021,344,66,125,50,52,55,106,60,210,,186,60,32,78,,118,326,311,653,42,230,342,298,43,12,,57,453,100,990,302,1500,150,950,450,,
2008-09-19,1165,882,749,541,400,979,837,783,1494,1021,344,66,125,50,52,55,106,60,210,,186,60,32,78,,118,326,314,653,42,230,342,298,43,12,,57,453,100,990,302,1500,150,950,450,,
2008-09-26,1165,882,749,541,400,979,837,783,1494,1021,344,66,125,50,52,55,106,60,210,,186,60,32,78,,118,326,308,653,42,230,342,298,43,12,,57,461,100,990,302,1500,150,950,450,,
2008-10-03,1165,882,749,541,400,979,837,783,1494,1021,344,66,125,50,52,55,106,60,210,,186,60,32,78,,118,326,306,653,42,230,342,298,43,12,,57,471,100,990,302,1500,150,950,450,,
2008-10-10,1165,882,749,541,400,979,837,783,1494,1021,344,66,125,50,52,55,106,60,210,,186,60,32,78,,118,326,309,653,42,230,342,298,43,12,,57,469,100,990,302,1500,150,950,450,,
2008-10-17,1165,882,749,541,400,979,837,783,1494,1021,344,66,125,50,52,55,106,60,210,,186,60,32,78,,118,326,308,653,42,230,342,298,43,12,,57,475,100,990,302,1500,150,950,450,,
2008-10-24,1165,882,749,541,400,979,837,783,1494,1021,344,66,125,50,52,55,106,60,210,,186,60,32,78,,118,326,312,653,42,230,342,298,43,12,,57,495,100,990,302,1500,150,950,450,,
2008-10-31,1165,882,749,541,400,979,837,783,1494,1021,344,66,125,50,52,55,106,60,210,,186,60,32,78,,118,326,311,653,42,230,342,298,43,12,,57,491,100,990,302,1500,150,950,450,,
2008-11-07,1165,882,749,541,400,979,837,783,1494,1021,344,66,125,50,52,55,106,60,210,,186,60,32,78,,118,326,312,653,42,230,342,298,43,12,,57,495,100,990,302,1500,150,950,450,,
2008-11-14,1165,882,749,541,400,979,837,783,1494,1021,344,66,125,50,52,55,106,60,210,,186,60,32,78,,118,326,310,653,42,230,342,298,43,12,,57,493,100,990,302,1500,150,950,450,,
2008-11-21,1165,882,749,541,400,979,837,783,1494,1021,344,66,125,50,52,55,106,60,210,,186,60,32,78,,118,326,310,653,42,230,342,298,43,12,,57,485,100,990,302,1500,150,950,450,,
2008-11-28,1165,882,749,541,400,979,837,783,1494,1021,344,66,125,50,52,55,106,60,210,,186,60,32,78,,118,326,310,653,42,230,342,298,43,12,,57,496,100,990,302,1500,150,950,450,,
2008-12-05,1165,882,749,541,400,979,837,783,1494,1021,344,66,125,50,52,55,106,60,210,,186,60,32,78,,118,326,308,653,42,230,342,298,43,12,,57,491,100,990,302,1500,150,950,450,,
2008-12-12,1165,882,749,541,400,979,837,783,1494,1021,344,66,125,50,52,55,106,60,210,,186,60,32,78,,118,326,309,653,42,230,342,298,43,12,,57,500,100,990,302,1500,150,950,450,,
2008-12-19,1165,882,749,541,400,979,837,783,1494,1021,344,66,125,50,52,55,106,60,210,,186,60,32,78,,118,326,306,653,42,230,342,298,43,12,,57,493,100,990,306,1500,150,950,450,,
2008-12-26,1165,882,749,541,400,979,837,783,1494,1021,344,66,125,50,52,55,106,60,210,,186,60,32,78,,118,326,301,653,42,230,342,298,43,12,,57,496,100,990,306,1500,150,950,450,,
2009-01-02,1165,882,749,541,400,979,837,783,1494,1021,344,66,125,50,52,55,106,60,210,,186,60,32,78,,118,326,299,653,42,230,342,298,43,12,,57,493,100,990,306,1500,150,950,450,,
2009-01-09,1165,882,749,541,400,979,837,783,1494,1021,344,66,125,50,52,55,106,60,210,,186,60,32,78,,118,326,297,653,42,230,342,298,43,12,,57,485,100,990,306,1500,150,950,450,,
2009-01-16,1165,882,749,541,400,979,837,783,1494,1021,344,66,125,50,52,55,106,60,210,,186,60,32,78,,118,326,299,653,42,230,342,298,43,12,,57,490,100,990,306,1500,150,950,450,,
2009-01-23,1165,882,749,541,400,979,837,783,1494,1021,344,66,125,50,52,55,106,60,210,,186,60,32,78,,118,326,300,653,42,230,342,298,43,12,,57,489,100,990,305,1500,150,950,450,,
2009-01-30,1165,882,749,541,400,979,837,783,1494,1021,344,66,125,50,52,55,106,60,210,,186,60,32,78,,118,326,299,653,42,230,342,298,43,12,,57,485,100,990,305,1500,150,950,450,,
2009-02-06,1165,882,749,541,400,979,837,783,1494,1021,344,66,125,50,52,55,106,60,210,,186,60,32,78,,118,326,302,653,42,230,342,298,43,12,,57,485,100,990,302,1500,150,950,450,,
2009-02-13,1165,882,749,541,400,979,837,783,1494,1021,344,66,125,50,52,55,106,60,210,,186,60,32,78,,118,326,306,653,42,230,342,298,43,12,,57,480,100,990,302,1500,150,950,450,,
2009-02-20,1165,882,749,541,400,979,837,783,1494,1021,344,66,125,50,52,55,106,60,210,,186,60,32,78,,118,326,304,653,42,230,342,298,43,12,,57,480,100,990,302,1500,150,950,450,,
2009-02-27,1165,882,749,541,400,979,837,783,1494,1021,344,66,125,50,52,55,106,60,210,,186,60,32,78,,118,326,307,653,42,230,342,298,43,12,,57,485,100,990,302,1500,150,950,450,,
2009-03-06,1165,882,749,541,400,979,837,783,1494,1021,344,66,125,50,52,55,106,60,210,,186,60,32,78,,118,326,309,653,42,230,342,298,43,12,,57,484,100,990,302,1500,150,950,450,,
2009-03-13,1165,882,749,541,400,979,837,783,1494,1021,344,66,125,50,52,55,106,60,210,,186,60,32,78,,118,326,309,653,42,230,342,298,43,12,,57,492,100,990,302,1500,150,950,450,,
2009-03-20,1165,882,749,541,400,979,837,783,1494,1021,344,66,125,50,52,55,106,60,210,,186,60,32,78,,118,326,308,653,42,230,342,298,43,12,,57,486,100,990,302,1500,150,950,450,,
2009-03-27,1165,882,749,541,400,979,837,783,1494,1021,344,66,125,50,52,55,106,60,210,,186,60,32,78,,118,326,306,653,42,230,342,298,43,12,,57,490,100,990,302,1500,150,950,450,,
2009-04-03,1165,882,749,541,400,979,837,783,1494,1021,344,66,125,50,52,55,106,60,210,,186,60,32,78,,118,326,300,653,42,230,342,298,43,12,,57,488,100,990,302,1500,150,950,450,,
2009-04-10,1165,882,749,541,400,979,837,783,1494,1021,344,66,125,50,52,55,106,60,210,,186,60,32,78,,118,326,303,653,42,230,342,298,43,12,,57,491,100,990,302,1500,150,950,450,,
2009-04-17,1165,882,749,541,400,979,837,783,1494,1021,344,66,125,50,52,55,106,60,210,,186,60,32,78,,118,326,304,653,42,230,342,298,43,12,,57,481,100,990,302,1500,150,950,450,,
2009-04-24,1165,882,749,541,400,979,837,783,1494,1021,344,66,125,50,52,55,106,60,210,,186,60,32,78,,118,326,306,653,42,230,342,298,43,12,,57,482,100,990,302,1500,150,950,450,,
2009-05-01,1165,882,749,541,400,979,837,783,1494,1021,344,66,125,50,52,55,106,60,210,,186,60,32,78,,118,326,314,653,42,230,342,298,43,12,,57,496,100,990,302,1500,150,950,450,,
2009-05-08,1165,882,749,541,400,979,837,783,1494,1021,344,66,125,50,52,55,106,60,210,,186,60,32,78,,118,326,311,653,42,230,342,298,43,12,,57,492,100,990,302,1500,150,950,450,,
2009-05-15,1165,882,749,541,400,979,837,783,1494,1021,344,66,125,50,52,55,106,60,210,,186,60,32,78,,118,326,312,653,42,230,342,298,43,12,,57,492,100,990,302,1500,150,950,450,,
2009-05-22,1165,882,749,541,400,979,837,783,1494,1021,344,66,125,50,52,55,106,60,210,,186,60,32,78,,118,326,311,653,42,230,342,298,43,12,,57,486,100,990,302,1500,150,950,450,,
2009-05-29,1165,882,749,541,400,979,837,783,1494,1021,344,66,125,50,52,55,106,60,210,,186,60,32,78,,118,326,311,653,42,230,342,298,43,12,,57,493,100,990,302,1500,150,950,450,,
2009-06-05,1165,882,749,541,400,979,837,783,1494,1021,344,66,125,50,52,55,106,60,210,,186,60,32,78,,118,326,307,653,42,230,342,298,43,12,,57,490,100,990,302,1500,150,950,450,,
2009-06-12,1165,882,749,541,400,979,837,783,1494,1021,344,66,125,50,52,55,106,60,210,,186,60,32,78,,118,326,308,653,42,230,342,298,43,12,,57,491,100,990,302,1500,150,950,450,,
2009-06-19,1165,882,749,541,400,979,837,783,1494,1021,344,66,125,50,52,55,106,60,210,,186,60,32,78,,118,326,309,653,42,230,342,298,43,12,,57,493,100,990,302,1500,150,950,450,,
2009-06-26,1165,882,749,541,400,979,837,783,1494,1021,344,66,125,50,52,55,106,60,210,,186,60,32,78,,118,326,304,653,42,230,342,298,43,12,,57,487,100,990,302,1500,150,950,450,,
2009-07-03,1165,882,749,541,400,979,837,783,1494,1021,344,66,125,50,52,55,106,60,210,,186,60,32,78,,118,326,300,653,42,230,342,298,43,12,,57,493,100,990,302,1500,150,950,450,,
2009-07-10,1165,882,749,541,400,979,837,783,1494,1021,344,66,125,50,52,55,106,60,210,,186,60,32,78,,118,326,300,653,42,230,342,298,43,12,,57,488,100,990,302,1500,150,950,450,,
2009-07-17,1165,882,749,541,400,979,837,783,1494,1021,344,66,125,50,52,55,106,60,210,,186,60,32,78,,118,326,301,653,42,230,342,298,43,12,,57,484,100,990,302,1500,150,950,450,,
2009-07-24,1165,882,749,541,400,979,837,783,1494,1021,344,66,125,50,52,55,106,60,210,,186,60,32,78,,118,326,300,653,42,230,342,298,43,12,,57,487,100,990,302,1500,150,950,450,,
2009-07-31,1165,882,749,541,400,979,837,783,1494,1021,344,66,125,50,52,55,106,60,210,,186,60,32,78,,118,326,299,653,42,230,342,298,43,12,,57,486,100,990,302,1500,150,950,450,,
2009-08-07,1165,882,749,541,400,979,837,783,1494,1021,344,66,125,50,52,55,106,60,210,,186,60,32,78,,118,326,302,653,42,230,342,298,43,12,,57,483,100,990,302,1500,150,950,450,,
2009-08-14,1165,882,749,541,400,979,837,783,1494,1021,344,66,125,50,52,55,106,60,210,,186,60,32,78,,118,326,306,653,42,230,342,298,43,12,,57,483,100,990,302,1500,150,950,450,,
2009-08-21,1165,882,749,541,400,979,837,783,1494,1021,344,66,125,50,52,55,106,60,210,,186,60,32,78,,118,326,310,653,42,230,342,298,43,12,,57,485,100,990,302,1500,150,950,450,,
2009-08-28,1165,882,749,541,400,979,837,783,1494,1021,344,66,125,50,52,55,106,60,210,,186,60,32,78,,118,326,311,653,42,230,342,298,43,12,,57,484,100,990,302,1500,150,950,450,,
2009-09-04,1165,882,749,541,400,979,837,783,1494,1021,344,66,125,50,52,55,106,60,210,,186,60,32,78,,118,326,318,653,42,230,342,298,43,12,,57,488,100,990,302,1500,150,950,450,,
2009-09-11,1165,882,749,541,400,979,837,783,1494,1021,344,66,125,50,52,55,106,60,210,,186,60,32,78,,118,326,321,653,42,230,342,298,43,12,,57,489,100,990,302,1500,150,950,450,,
2009-09-18,1165,882,749,541,400,979,837,783,1494,1021,344,66,125,50,52,55,106,60,210,,186,60,32,78,,118,326,322,653,42,230,342,298,43,12,,57,488,100,990,302,1500,150,950,450,,
2009-09-25,1165,882,749,541,400,979,837,783,1494,1021,344,66,125,50,52,55,106,60,210,,186,60,32,78,,118,326,321,653,42,230,342,298,43,12,,57,487,100,990,302,1500,150,950,450,,
2009-10-02,1165,882,749,541,400,979,837,783,1494,1021,344,66,125,50,52,55,106,60,210,,186,60,32,78,,118,326,323,653,42,230,342,298,43,12,,57,483,100,990,302,1500,150,950,450,,
2009-10-09,1165,882,749,541,400,979,837,783,1494,1021,344,66,125,50,52,55,106,60,210,,186,60,32,78,,118,326,326,653,42,230,342,298,43,12,,57,479,100,990,302,1500,150,950,450,,
2009-10-16,1165,882,749,541,400,979,837,783,1494,1021,344,66,125,50,52,55,106,60,210,,186,60,32,78,,118,326,333,653,42,230,342,298,43,12,,57,473,100,990,302,1500,150,950,450,,
2009-10-23,1165,882,749,541,400,979,837,783,1494,1021,344,66,125,50,52,55,106,60,210,,186,60,32,78,,118,326,335,653,42,230,342,298,43,12,,57,473,100,990,302,1500,150,950,450,,
2009-10-30,1165,882,749,541,400,979,837,783,1494,1021,344,66,125,50,52,55,106,60,210,,186,60,32,78,,118,326,337,653,42,230,342,298,43,12,,57,469,100,990,302,1500,150,950,450,,
2009-11-06,1165,882,749,541,400,979,837,783,1494,1021,344,66,125,50,52,55,106,60,210,,186,60,32,78,,118,326,340,653,42,230,342,298,43,12,,57,461,100,990,302,1500,150,950,450,,
2009-11-13,1165,882,749,541,400,979,837,783,1494,1021,344,66,125,50,52,55,106,60,210,,186,60,32,78,,118,326,337,653,42,230,342,298,43,12,,57,460,100,990,302,1500,150,950,450,,
2009-11-20,1165,882,749,541,400,979,837,783,1494,1021,344,66,125,50,52,55,106,60,210,,186,60,32,78,,118,326,338,653,42,230,342,298,43,12,,57,459,100,990,302,1500,150,950,450,,
2009-11-27,1165,882,749,541,400,979,837,783,1494,1021,344,66,125,50,52,55,106,60,210,,186,60,32,78,,118,326,343,653,42,230,342,298,43,12,,57,462,100,990,302,1500,150,950,450,,
2009-12-04,1165,882,749,541,400,979,837,783,1494,1021,344,66,125,50,52,55,106,60,210,,186,60,32,78,,118,326,344,653,42,230,342,298,43,12,,57,469,100,990,302,1500,150,950,450,,
2009-12-11,1165,882,749,541,400,979,837,783,1494,1021,344,66,125,50,52,55,106,60,210,,186,60,32,78,,118,326,341,653,42,230,342,298,43,12,,57,466,100,990,302,1500,150,950,450,,
2009-12-18,1165,882,749,541,400,979,837,783,1494,1021,344,66,125,50,52,55,106,60,210,,186,60,32,78,,118,326,338,653,42,230,342,298,43,12,,57,462,100,990,302,1500,150,950,450,,
2009-12-25,1165,882,749,541,400,979,837,783,1494,1021,344,66,125,50,52,55,106,60,210,,186,60,32,78,,118,326,338,653,42,230,342,298,43,12,,57,463,100,990,302,1500,150,950,450,,
2010-01-01,1165,882,749,541,400,979,837,783,1494,1021,344,66,125,50,52,55,106,60,210,,186,60,32,78,,118,326,338,653,42,230,342,298,43,12,,57,469,100,990,302,1500,150,950,450,,
2010-01-08,1165,882,749,541,400,979,837,783,1494,1021,344,66,125,50,52,55,106,60,210,,186,60,32,78,,118,326,337,653,42,230,342,298,43,12,,57,462,100,990,302,1500,150,950,450,,
2010-01-15,1165,882,749,541,400,979,837,783,1494,1021,344,66,125,50,52,55,106,60,210,,186,60,32,78,,118,326,336,653,42,230,342,298,43,12,,57,463,100,990,302,1500,150,950,450,,
2010-01-22,1165,882,749,541,400,979,837,783,1494,1021,344,66,125,50,52,55,106,60,210,,186,60,32,78,,118,326,333,653,42,230,342,298,43,12,,57,461,100,990,302,1500,150,950,450,,
2010-01-29,1165,882,749,541,400,979,837,783,1494,1021,344,66,125,50,52,55,106,60,210,,186,60,32,78,,118,326,329,653,42,230,342,298,43,12,,57,451,100,990,302,1500,150,950,450,,
2010-02-05,1165,882,749,541,400,979,837,783,1494,1021,344,66,125,50,52,55,106,60,210,,186,60,32,78,,118,326,336,653,42,230,342,298,43,12,,57,453,100,990,302,1500,150,950,450,,
2010-02-12,1165,882,749,541,400,979,837,783,1494,1021,344,66,125,50,52,55,106,60,210,,186,60,32,78,,118,326,341,653,42,230,342,298,43,12,,57,460,100,990,302,1500,150,950,450,,
2010-02-19,1165,882,749,541,400,979,837,783,1494,1021,344,66,125,50,52,55,106,60,210,,186,60,32,78,,118,326,341,653,42,230,342,298,43,12,,57,456,100,990,302,1500,150,950,450,,
2010-02-26,1165,882,749,541,400,979,837,783,1494,1021,344,66,125,50,52,55,106,60,210,,186,60,32,78,,118,326,341,653,42,230,342,298,43,12,,57,447,100,990,302,1500,150,950,450,,
2010-03-05,1165,882,749,541,400,979,837,783,1494,1021,344,66,125,50,52,55,106,60,210,,186,60,32,78,,118,326,346,653,42,230,342,298,43,12,,57,456,100,990,302,1500,150,950,450,,
2010-03-12,1165,882,749,541,400,979,837,783,1494,1021,344,66,125,50,52,55,106,60,210,,186,60,32,78,,118,326,345,653,42,230,342,298,43,12,,57,443,100,990,302,1500,150,950,450,,
2010-03-19,1165,882,749,541,400,979,837,783,1494,1021,344,66,125,50,52,55,106,60,210,,186,60,32,78,,118,326,348,653,42,230,342,298,43,12,,57,434,100,990,302,1500,150,950,450,,
2010-03-26,1165,882,749,541,400,979,837,783,1494,1021,344,66,125,50,52,55,106,60,210,,186,60,32,78,,118,326,348,653,42,230,342,298,43,12,,57,437,100,990,302,1500,150,950,450,,
2010-04-02,1165,882,749,541,400,979,837,783,1494,1021,344,66,125,50,52,55,106,60,210,,186,60,32,78,,118,326,349,653,42,230,342,298,43,12,,57,438,100,990,302,1500,150,950,450,,
2010-04-09,1165,882,749,541,400,979,837,783,1494,1021,344,66,125,50,52,55,106,60,210,,186,60,32,78,,118,326,347,653,42,230,342,298,43,12,,57,439,100,990,302,1500,150,950,450,,
2010-04-16,1165,882,749,541,400,979,837,783,1494,1021,344,66,125,50,52,55,106,60,210,,186,60,32,78,,118,326,345,653,42,230,342,298,43,12,,57,431,100,990,302,1500,150,950,450,,
2010-04-23,1165,882,749,541,400,979,837,783,1494,1021,344,66,125,50,52,55,106,60,210,,186,60,32,78,,118,326,342,653,42,230,342,298,43,12,,57,433,100,990,302,1500,150,950,450,,
2010-04-30,1165,882,749,541,400,979,837,783,1494,1021,344,66,125,50,52,55,106,60,210,,186,60,32,78,,118,326,347,653,42,230,342,298,43,12,,57,432,100,990,302,1500,150,950,450,,
2010-05-07,1165,882,749,541,400,979,837,783,1494,1021,344,66,125,50,52,55,106,60,210,,186,60,32,78,,118,326,343,653,42,230,342,298,43,12,,57,443,100,990,302,1500,150,950,450,,
2010-05-14,1165,882,749,541,400,979,837,783,1494,1021,344,66,125,50,52,55,106,60,210,,186,60,32,78,,118,326,343,653,42,230,342,298,43,12,,57,447,100,990,302,1500,150,950,450,,
2010-05-21,1165,882,749,541,400,979,837,783,1494,1021,344,66,125,50,52,55,106,60,210,,186,60,32,78,,118,326,345,653,42,230,342,298,43,12,,57,454,100,990,302,1500,150,950,450,,
2010-05-28,1165,882,749,541,400,979,837,783,1494,1021,344,66,125,50,52,55,106,60,210,,186,60,32,78,,118,326,349,653,42,230,342,298,43,12,,57,471,100,990,302,1500,150,950,450,,
2010-06-04,1165,882,749,541,400,979,837,783,1494,1021,344,66,125,50,52,55,106,60,210,,186,60,32,78,,118,326,349,653,42,230,342,298,43,12,,57,470,100,990,302,1500,150,950,450,,
2010-06-11,1165,882,749,541,400,979,837,783,1494,1021,344,66,125,50,52,55,106,60,210,,186,60,32,78,,118,326,345,653,42,230,342,298,43,12,,57,471,100,990,302,1500,150,950,450,,
2010-06-18,1165,882,749,541,400,979,837,783,1494,1021,344,66,125,50,52,55,106,60,210,,186,60,32,78,,118,326,345,653,42,230,342,298,43,12,,57,472,100,990,302,1500,150,950,450,,
2010-06-25,1165,882,749,541,400,979,837,783,1494,1021,344,66,125,50,52,55,106,60,210,,186,60,32,78,,118,326,349,653,42,230,342,298,43,12,,57,468,100,990,302,1500,150,950,450,,
2010-07-02,1165,882,749,541,400,979,837,783,1494,1021,344,66,125,50,52,55,106,60,210,,186,60,32,78,,118,326,348,653,42,230,342,298,43,12,,57,466,100,990,460,1500,150,950,450,,
2010-07-09,1165,882,749,541,400,979,837,783,1494,1021,344,66,125,50,52,55,106,60,210,,186,60,32,78,,118,326,346,653,42,230,342,298,43,12,,57,468,100,990,460,1500,150,950,450,,
2010-07-16,1165,882,749,541,400,979,837,783,1494,1021,344,66,125,50,52,55,106,60,210,,186,60,32,78,,118,326,344,653,42,230,342,298,43,12,,57,471,100,990,460,1500,150,950,450,,
2010-07-23,1165,882,749,541,400,979,837,783,1494,1021,344,66,125,50,52,55,106,60,210,,186,60,32,78,,118,326,342,653,42,230,342,298,43,12,,57,476,100,990,460,1500,150,950,450,,
2010-07-30,1165,882,749,541,400,979,837,783,1494,1021,344,66,125,50,52,55,106,60,210,,186,60,32,78,,118,326,341,653,42,230,342,298,43,12,,57,501,100,990,460,1500,150,950,450,,
2010-08-06,1165,882,749,541,400,979,837,783,1494,1021,344,66,125,50,52,55,106,60,210,,186,60,32,78,,118,326,343,653,42,230,342,298,43,12,,57,501,100,990,460,1500,150,950,450,,
2010-08-13,1165,882,749,541,400,979,837,783,1494,1021,344,66,125,50,52,55,106,60,210,,186,60,32,78,,118,326,342,653,42,230,342,298,43,12,,57,501,100,990,460,1500,150,950,450,,
2010-08-20,1165,882,749,541,400,979,837,783,1494,1021,344,66,125,50,52,55,106,60,210,,186,60,32,78,,118,326,340,653,42,230,342,298,43,12,,57,501,100,990,460,1500,150,950,450,,
2010-08-27,1165,882,749,541,400,979,837,783,1494,1021,344,66,125,50,52,55,106,60,210,,186,60,32,78,,118,326,339,653,42,230,342,298,43,12,,57,501,100,990,460,1500,150,950,450,,
2010-09-03,1165,882,749,541,400,979,837,783,1494,1021,344,66,125,50,52,55,106,60,210,,186,60,32,78,,118,326,335,653,42,230,342,298,43,12,,57,501,100,990,460,1500,150,950,450,,
2010-09-10,1165,882,749,541,400,979,837,783,1494,1021,344,66,125,50,52,55,106,60,210,,186,60,32,78,,118,326,338,653,42,230,342,298,43,12,,57,501,100,990,460,1500,150,950,450,,
2010-09-17,1165,882,749,541,400,979,837,783,1494,1021,344,66,125,50,52,55,106,60,210,,186,60,32,78,,118,326,340,653,42,230,342,298,43,12,,57,501,100,990,460,1500,150,950,450,,
2010-09-24,1165,882,749,541,400,979,837,783,1494,1021,344,66,125,50,52,55,106,60,210,,186,60,32,78,,118,326,338,653,42,230,556,519,43,12,,85,501,100,990,460,1500,150,950,450,,
2010-10-01,1165,882,749,541,400,979,837,783,1494,1021,344,66,125,50,52,55,106,60,210,,186,60,32,78,,118,326,340,653,42,230,556,519,43,12,,85,501,100,990,460,1500,150,950,450,,
2010-10-08,1165,882,749,541,400,979,837,783,1494,1021,344,66,125,50,52,55,106,60,210,,186,60,32,78,,118,326,340,653,42,230,556,519,43,12,,85,501,100,990,460,1500,150,950,450,,
2010-10-15,1165,882,749,541,400,979,837,783,1494,1021,344,66,125,50,52,55,106,60,210,,186,60,32,78,,118,326,340,653,42,230,556,519,43,12,,85,501,100,990,460,1500,150,950,450,,
2010-10-22,1165,882,749,541,400,979,837,783,1494,1021,344,66,125,50,52,55,106,60,210,,186,60,32,78,,118,326,343,653,42,230,556,519,43,12,,85,501,100,990,460,1500,150,950,450,,
2010-10-29,1165,882,749,541,400,979,837,783,1494,1021,344,66,125,50,52,55,106,60,210,,186,60,32,78,,118,326,340,653,42,230,556,519,43,12,,85,501,100,990,460,1500,150,950,450,,
2010-11-05,1165,882,749,541,400,979,837,783,1494,1021,344,66,125,50,52,55,106,60,210,,186,60,32,78,,118,326,344,653,42,230,556,519,43,12,,85,501,100,990,460,1500,150,950,450,,
2010-11-12,1165,882,749,541,400,979,837,783,1494,1021,344,66,125,50,52,55,106,60,210,,186,60,32,78,,118,326,344,653,42,230,556,519,43,12,,85,501,100,990,460,1500,150,950,450,,
2010-11-19,1165,882,749,541,400,979,837,783,1494,1021,344,66,125,50,52,55,106,60,210,,186,60,32,78,,118,326,338,653,42,230,556,519,43,12,,85,501,100,990,460,1500,150,950,450,,
2010-11-26,1165,882,749,541,400,979,837,783,1494,1021,344,66,125,50,52,55,106,60,210,,186,60,32,78,,118,326,337,653,42,230,556,519,43,12,,85,501,100,990,460,1500,150,950,450,,
2010-12-03,1165,882,749,541,400,979,837,783,1494,1021,344,66,125,50,52,55,106,60,210,,186,60,32,78,,118,326,338,653,42,230,556,519,43,12,,85,501,100,990,460,1500,150,950,450,,
2010-12-10,1165,882,749,541,400,979,837,783,1494,1021,344,66,125,50,52,55,106,60,210,,186,60,32,78,,118,326,338,653,42,230,556,519,43,12,,85,501,100,990,460,1500,150,950,450,,
2010-12-17,1165,882,749,541,400,979,837,783,1494,1021,344,66,125,50,52,55,106,60,210,,186,60,32,78,,118,326,335,653,42,230,556,519,43,12,,85,501,100,990,460,1500,150,950,450,,
2010-12-24,1165,882,749,541,400,979,837,783,1494,1021,344,66,125,50,52,55,106,60,210,,186,60,32,78,,118,326,341,653,42,230,556,519,43,12,,85,501,100,990,460,1500,150,950,450,,
2010-12-31,1165,882,749,541,400,979,837,783,1494,1021,344,66,125,50,52,55,106,60,210,,186,60,32,78,,118,326,343,653,42,230,556,519,43,12,,85,501,100,990,460,1500,150,950,450,,
2011-01-07,1165,882,749,541,400,979,837,783,1494,1021,344,66,125,50,52,55,106,60,210,,186,60,32,78,,118,326,340,653,42,230,556,519,43,12,,85,501,100,990,460,1500,150,950,450,,
2011-01-14,1165,882,749,541,400,979,837,783,1494,1021,344,66,125,50,52,55,106,60,210,,186,60,32,78,,118,326,340,653,42,230,556,519,43,12,,85,501,100,990,460,1500,150,950,450,,
2011-01-21,1165,882,749,541,400,979,837,783,1494,1021,344,66,125,50,52,55,106,60,210,,186,60,32,78,,118,326,335,653,42,230,556,519,43,12,,85,501,100,990,460,1500,150,950,450,,
2011-01-28,1165,882,749,541,400,979,837,783,1494,1021,344,66,125,50,52,55,106,60,210,,186,60,32,78,,118,326,336,653,42,230,556,519,43,12,,85,501,100,990,460,1500,150,950,450,,
2011-02-04,1165,882,749,541,400,979,837,783,1494,1021,344,66,125,50,52,55,106,60,210,,186,60,32,78,,118,326,334,653,42,230,556,519,43,12,,85,501,100,990,460,1500,150,950,450,,
2011-02-11,1165,882,749,541,400,979,837,783,1494,1021,344,66,125,50,52,55,106,60,210,,186,60,32,78,,118,326,333,653,42,230,556,519,43,12,,85,501,100,990,460,1500,150,950,450,,
2011-02-18,1165,882,749,541,400,979,837,783,1494,1021,344,66,125,50,52,55,106,60,210,,186,60,32,78,,118,326,333,653,42,230,556,519,43,12,,85,501,100,990,460,1500,150,950,450,,
2011-02-25,1165,882,749,541,400,979,837,783,1494,1021,344,66,125,50,52,55,106,60,210,,186,60,32,78,,118,326,333,653,42,230,556,519,43,12,,85,501,100,990,460,1500,150,950,450,,
2011-03-04,1165,882,749,541,400,979,837,783,1494,1021,344,66,125,50,52,55,106,60,210,,186,60,32,78,,118,326,331,653,42,230,556,519,43,12,,85,501,100,990,460,1500,150,950,450,,
2011-03-11,1165,882,749,541,400,979,837,783,1494,1021,344,66,125,50,52,55,106,60,210,,186,60,32,78,,118,326,337,653,42,230,556,519,43,12,,85,501,100,990,460,1500,150,950,450,,
2011-03-18,1165,882,749,541,400,979,837,783,1494,1021,344,66,125,50,52,55,106,60,210,,186,60,32,78,,118,326,332,653,42,230,556,519,43,12,,85,501,100,990,460,1500,150,950,450,,
2011-03-25,1165,882,749,541,400,979,837,783,1494,1021,344,66,125,50,52,55,106,60,210,,186,60,32,78,,118,326,330,653,42,230,556,519,43,12,,85,501,100,990,460,1500,150,950,450,,
2011-04-01,1165,882,749,541,400,979,837,783,1494,1021,344,66,125,50,52,55,106,60,210,,186,60,32,78,,118,326,333,653,42,230,556,519,43,12,,85,501,100,990,460,1500,150,950,450,,
2011-04-08,1165,882,749,541,400,979,837,783,1494,1021,344,66,125,50,52,55,106,60,210,,186,60,32,78,,118,326,333,653,42,230,556,519,43,12,,85,501,100,990,460,1500,150,950,450,,
2011-04-15,1165,882,749,541,400,979,837,783,1494,1021,344,66,125,50,52,55,106,60,210,,186,60,32,78,,118,326,334,653,42,230,556,519,43,12,,85,501,100,990,460,1500,150,950,450,,
2011-04-22,1165,882,749,541,400,979,837,783,1494,1021,344,66,125,50,52,55,106,60,210,,186,60,32,78,,118,326,331,653,42,230,556,519,43,12,,85,501,100,990,460,1500,150,950,450,,
2011-04-29,1165,882,749,541,400,979,837,783,1494,1021,344,66,125,50,52,55,106,60,210,,186,60,32,78,,118,326,328,653,42,230,556,519,43,12,,85,501,100,990,460,1500,150,950,450,,
2011-05-06,1165,882,749,541,400,979,837,783,1494,1021,344,66,125,50,52,55,106,60,210,,186,60,32,78,,118,326,332,653,42,230,556,519,43,12,,85,501,100,990,460,1500,150,950,450,,
2011-05-13,1165,882,749,541,400,979,837,783,1494,1021,344,66,125,50,52,55,106,60,210,,186,60,32,78,,118,326,334,653,42,230,556,519,43,12,,85,501,100,990,460,1500,150,950,450,,
2011-05-20,1165,882,749,541,400,979,837,783,1494,1021,344,66,125,50,52,55,106,60,210,,186,60,32,78,,118,326,332,653,42,230,556,519,43,12,,85,501,100,990,460,1500,150,950,450,,
2011-05-27,1165,882,749,541,400,979,837,783,1494,1021,344,66,125,50,52,55,106,60,210,,186,60,32,78,,118,326,331,653,42,230,556,519,43,12,,85,501,100,990,460,1500,150,950,450,,
2011-06-03,1165,882,749,541,400,979,837,783,1494,1021,344,66,125,50,52,55,106,60,210,,186,60,32,78,,118,326,331,653,42,230,556,519,43,12,,85,501,100,990,460,1500,150,950,450,,
2011-06-10,1165,882,749,541,400,979,837,783,1494,1021,344,66,125,50,52,55,106,60,210,,186,60,32,78,,118,326,330,653,42,230,556,519,43,12,,85,501,100,990,460,1500,150,950,450,,
2011-06-17,1165,882,749,541,400,979,837,783,1494,1021,344,66,125,50,52,55,106,60,210,,186,60,32,78,,118,326,331,653,42,230,556,519,43,12,,85,501,100,990,460,1500,150,950,450,,
2011-06-24,1165,882,749,541,400,979,837,783,1494,1021,344,66,125,50,52,55,106,60,210,,186,60,32,78,,118,326,334,653,42,230,556,519,43,12,,85,501,100,990,460,1500,150,950,450,,
2011-07-01,1165,882,749,541,400,979,837,783,1494,1021,344,66,125,50,52,55,106,60,210,,186,60,32,78,,118,326,336,653,42,230,556,519,43,12,,,501,100,990,460,1500,150,950,450,29,
2011-07-08,1165,882,749,541,400,979,837,783,1494,1021,344,66,125,50,52,55,106,60,210,,186,60,32,78,,118,326,339,653,42,230,556,519,43,12,,,501,100,990,460,1500,150,950,450,29,
2011-07-15,1165,882,749,541,400,979,837,783,1494,1021,344,66,125,50,52,55,106,60,210,,186,60,32,78,,118,326,347,653,42,230,556,519,43,12,,,501,100,990,460,1500,150,950,450,29,
2011-07-22,1165,882,749,541,400,979,837,783,1494,1021,344,66,125,50,52,55,106,60,210,,186,60,32,78,,118,326,342,653,42,230,556,519,43,12,,,501,100,990,460,1500,150,950,450,29,
2011-07-29,1165,882,749,541,400,979,837,783,1494,1021,344,66,125,50,52,55,106,60,210,,186,60,32,78,,118,326,340,653,42,230,556,519,43,12,,,501,100,990,460,1500,150,950,450,29,
2011-08-05,1165,882,749,541,400,979,837,783,1494,1021,344,66,125,50,52,55,106,60,210,,186,60,32,78,,118,326,341,653,42,230,556,519,43,12,,,501,100,990,460,1500,150,950,450,29,
2011-08-12,1165,882,749,541,400,979,837,783,1494,1021,344,66,125,50,52,55,106,60,210,,186,60,32,78,,118,326,345,653,42,230,556,519,43,12,,,501,100,990,460,1500,150,950,450,29,
2011-08-19,1165,882,749,541,400,979,837,783,1494,1021,344,66,125,50,52,55,106,60,210,,186,60,32,78,,118,326,344,653,42,230,556,519,43,12,,,501,100,990,460,1500,150,950,450,29,
2011-08-26,1165,882,749,541,400,979,837,783,1494,1021,344,66,125,50,52,55,106,60,210,,186,60,32,78,,118,326,347,653,42,230,556,519,43,12,,,501,100,990,460,1500,150,950,450,29,
2011-09-02,1165,882,749,541,400,979,837,783,1494,1021,344,66,125,50,52,55,106,60,210,,186,60,32,78,,118,326,340,653,42,230,556,519,43,12,,,501,100,990,460,1500,150,950,450,29,
2011-09-09,1165,882,749,541,400,979,837,783,1494,1021,344,66,125,50,52,55,106,60,210,,186,60,32,78,,118,326,342,653,42,230,556,519,43,12,,,501,100,990,460,1500,150,950,450,29,
2011-09-16,1165,882,749,541,400,979,837,783,1494,1021,344,66,125,50,52,55,106,60,210,,186,60,32,78,,118,326,351,653,42,230,556,519,43,12,,,501,100,990,461,1500,150,950,450,29,
2011-09-23,1165,882,749,541,400,979,837,783,1494,1021,344,66,125,50,52,55,106,60,210,,186,60,32,78,,118,326,357,653,42,230,556,519,43,12,,,501,100,990,460,1500,150,950,450,29,
2011-09-30,1165,882,749,541,400,979,837,783,1494,1021,344,66,125,50,52,55,106,60,210,,186,60,32,78,,118,326,353,653,42,230,556,519,43,12,,,501,100,990,460,1500,150,950,450,29,
2011-10-07,1165,882,749,541,400,979,837,783,1494,1021,344,66,125,50,52,55,106,60,210,,186,60,32,78,,118,326,354,653,42,230,556,519,43,12,,,501,100,990,460,1500,150,950,450,29,
2011-10-14,1165,882,749,541,400,979,837,783,1494,1021,344,66,125,50,52,55,106,60,210,,186,60,32,78,,118,326,358,653,42,230,556,519,43,12,,,501,100,990,460,1500,150,950,450,29,
2011-10-21,1165,882,749,541,400,979,837,783,1494,1021,344,66,125,50,52,55,106,60,210,,186,60,32,78,,118,326,367,653,42,230,556,519,43,12,,,501,100,990,460,1500,150,950,450,29,
2011-10-28,1165,882,749,541,400,979,837,783,1494,1021,344,66,125,50,52,55,106,60,210,,186,60,32,78,,118,326,367,653,42,230,556,519,43,12,,,501,100,990,460,1500,150,950,450,29,
2011-11-04,1165,882,749,541,400,979,837,783,1494,1021,344,66,125,50,52,55,106,60,210,,186,60,32,78,,118,326,362,653,42,230,556,519,43,12,,,501,100,990,460,1500,150,950,450,29,
2011-11-11,1165,882,749,541,400,979,837,783,1494,1021,344,66,125,50,52,55,106,60,210,,186,60,32,78,,118,326,362,653,42,230,556,519,43,12,,,501,100,990,460,1500,150,950,450,29,
2011-11-18,1165,882,749,541,400,979,837,783,1494,1021,344,66,125,50,52,55,106,60,210,,186,60,32,78,,118,326,363,653,42,230,556,519,43,12,,,501,100,990,460,1500,150,950,450,29,
2011-11-25,1165,882,749,541,400,979,837,783,1494,1021,344,66,125,50,52,55,106,60,210,,186,60,32,78,,118,326,365,653,42,230,556,519,43,12,,,501,100,990,460,1500,150,950,450,29,
2011-12-02,1165,882,749,541,400,979,837,783,1494,1021,344,66,125,50,52,55,106,60,210,,186,60,32,78,,118,326,368,653,42,230,556,519,43,12,,,501,100,990,460,1500,150,950,450,29,
2011-12-09,1165,882,749,541,400,979,837,783,1494,1021,344,66,125,50,52,55,106,60,210,,186,60,32,78,,118,326,369,653,42,230,556,519,43,12,,,501,100,990,460,1500,150,950,450,29,
2011-12-16,1165,882,749,541,400,979,837,783,1494,1021,344,66,125,50,52,55,106,60,210,,186,60,32,78,,118,326,369,653,42,230,556,519,43,12,,,501,100,990,460,1500,150,950,450,29,
2011-12-23,1165,882,749,541,400,691,837,783,1494,1021,344,66,125,50,52,55,106,60,210,,186,60,32,78,,118,326,371,653,42,230,556,519,43,12,,,501,100,990,460,1500,150,950,450,29,
2011-12-30,1165,882,749,541,400,979,837,783,1494,1021,344,66,125,50,52,55,106,60,210,,186,60,32,78,,118,326,368,653,42,230,556,519,43,12,,,501,100,990,460,1500,150,950,450,29,
2012-01-06,1165,882,749,541,400,979,837,783,1494,1021,344,66,125,50,52,55,106,60,210,,186,60,32,78,,118,326,370,653,42,230,556,519,43,12,,,501,100,990,460,1500,150,950,450,29,
2012-01-13,1165,882,749,541,400,979,837,783,1494,1021,344,66,125,50,52,55,106,60,210,,186,60,32,78,,118,326,375,653,42,230,556,519,43,12,,,501,100,990,460,1500,150,950,450,29,
2012-01-20,1165,882,749,541,400,979,837,783,1494,1021,344,66,125,50,52,55,106,60,210,,186,60,32,78,,118,326,374,653,42,230,556,519,43,12,,,501,100,990,460,1500,150,950,450,29,
2012-01-27,1165,882,749,541,400,979,837,783,1494,1021,344,66,125,50,52,55,106,60,210,,186,60,32,78,,118,326,370,653,42,230,,519,43,,,,501,100,990,460,1500,150,950,450,29,
2012-02-03,1165,882,749,541,400,979,837,783,1494,1021,344,66,125,50,52,55,106,60,210,,186,60,32,78,,118,326,374,653,42,230,,519,43,,,,501,100,990,460,1500,150,950,450,29,
2012-02-10,1165,882,749,541,400,979,837,783,1494,1021,344,66,125,50,52,55,106,60,210,,186,60,32,78,,118,326,376,653,42,230,,519,43,,,,501,100,990,460,1500,150,950,450,29,
2012-02-17,1165,882,749,541,400,979,837,783,1494,1021,344,66,125,50,52,55,106,60,210,,186,60,32,78,,118,326,378,653,42,230,,519,43,,,,501,100,990,460,1500,150,950,450,29,
2012-02-24,1165,882,749,541,400,979,837,783,1494,1021,344,66,125,50,52,55,106,60,210,,186,60,32,78,,118,326,375,653,42,230,,519,43,,,,501,100,990,461,1500,150,950,450,29,
2012-03-02,1165,882,749,541,400,979,837,783,1494,1021,344,66,125,50,52,55,106,60,210,,186,60,32,78,,118,326,373,653,42,230,,519,43,,,,501,100,990,460,1500,150,950,450,29,
2012-03-09,1165,882,749,541,400,979,837,783,1494,1021,344,66,125,50,52,55,106,60,210,,186,60,32,78,,118,326,359,653,42,230,,519,43,,,,501,100,990,460,1500,150,950,450,29,
2012-03-16,1165,882,749,541,400,979,837,783,1494,1021,344,66,125,50,52,55,106,60,210,,186,60,32,78,,118,326,362,653,42,230,,519,43,,,,501,100,990,461,1500,150,950,450,29,
2012-03-23,1165,882,749,541,400,979,837,783,1494,1021,344,66,125,50,52,55,106,60,210,,186,60,32,78,,118,326,360,653,42,230,,519,43,,,,501,100,990,460,1500,150,950,450,29,
2012-03-30,1165,882,749,541,400,979,837,783,1494,1021,344,66,125,50,52,55,106,60,210,,186,60,32,78,,118,326,360,653,42,230,,519,43,,,,501,100,990,460,1500,150,950,450,29,
2012-04-06,1165,882,749,541,400,979,837,783,1494,1021,344,66,125,50,52,55,106,60,210,,186,60,32,78,,118,326,363,653,42,230,,519,43,,,,501,100,990,460,1500,150,950,450,29,
2012-04-13,1165,882,749,541,400,979,837,783,1494,1021,344,66,125,50,52,55,106,60,210,,186,60,32,78,,118,326,365,653,42,230,,519,43,,,,501,100,990,461,1500,150,950,450,29,
2012-04-20,1165,882,749,541,400,979,837,783,1494,1021,344,66,125,50,52,55,106,60,210,,186,60,32,78,,118,326,363,653,42,230,,519,43,,,,501,100,990,461,1500,150,950,450,29,
2012-04-27,1165,882,749,541,400,979,837,783,1494,1021,344,66,125,50,52,55,106,60,210,,186,60,32,78,,118,326,366,653,42,230,,519,43,,,,501,100,990,461,1500,150,950,450,29,
2012-05-04,1165,882,749,541,400,979,837,783,1494,1021,344,66,125,50,52,55,106,60,210,,186,60,32,78,,118,326,372,653,42,230,,519,43,,,,501,100,990,461,1500,150,950,450,29,
2012-05-11,1165,882,749,541,400,979,837,783,1494,1021,344,66,125,50,52,55,106,60,210,,186,60,32,78,,118,326,367,653,42,230,,519,43,,,,501,100,990,460,1500,150,950,450,29,
2012-05-18,1165,882,749,541,400,979,837,783,1494,1021,344,66,125,50,52,55,106,60,210,,186,60,32,78,,118,326,365,653,42,230,,519,43,,,,501,100,990,460,1500,150,950,450,29,
2012-05-25,1165,882,749,541,400,979,837,783,1494,1021,344,66,125,50,52,55,106,60,210,,186,60,32,78,,118,326,359,653,42,230,,519,43,,,,501,100,990,460,1500,150,950,450,29,
2012-06-01,1165,882,749,541,400,979,837,783,1494,1021,344,66,125,50,52,55,106,60,210,,186,60,32,78,,118,326,356,653,42,230,,519,43,,,,501,100,990,460,1500,150,950,450,29,
2012-06-08,1165,882,749,541,400,979,837,783,1494,1021,344,66,125,50,52,55,106,60,210,,186,60,32,78,,118,326,347,653,42,230,,519,43,,,,501,100,990,460,1500,150,950,450,29,
2012-06-15,1165,882,749,541,400,979,837,783,1494,1021,344,66,125,50,52,55,106,60,210,,186,60,32,78,,118,326,352,653,42,230,,519,43,,,,501,100,990,461,1500,150,950,450,29,
2012-06-22,1165,882,749,541,400,979,837,783,1494,1021,344,66,125,50,52,55,106,60,210,,186,60,32,78,,118,326,361,653,42,230,,519,43,,,,501,100,990,461,1500,150,950,450,29,
2012-06-29,1165,882,749,541,400,979,837,783,1494,1021,344,66,125,50,52,55,106,60,210,,186,60,32,78,,118,326,360,653,42,230,,519,43,,,,501,100,990,461,1500,150,950,450,29,
2012-07-06,1165,882,749,541,400,979,837,783,1494,1021,344,66,125,50,52,55,106,60,210,,186,60,32,78,,118,326,360,653,42,230,,519,43,,,,501,100,990,460,1500,150,950,450,29,
2012-07-13,1165,882,749,541,400,979,837,783,1494,1021,344,66,125,50,52,55,106,60,210,,186,60,32,78,,118,326,359,653,42,230,,519,43,,,,501,100,990,460,1500,150,950,450,29,
2012-07-20,1165,882,749,541,400,979,837,783,1494,1021,344,66,125,50,52,55,106,60,210,,186,60,32,78,,118,326,357,653,42,230,,519,43,,,,501,100,990,462,1500,150,950,450,29,
2012-07-27,1165,882,749,541,400,979,837,783,1494,1021,344,66,125,50,52,55,106,60,210,,186,60,32,78,,118,326,357,653,42,230,,519,43,,,,501,100,990,460,1500,150,950,450,29,
2012-08-03,1165,882,749,541,400,979,837,783,1494,1021,344,66,125,50,52,55,106,60,210,,186,60,32,78,,118,326,361,653,42,230,,519,43,,,,501,100,990,460,1500,150,950,450,29,
2012-08-10,1165,882,749,541,400,979,837,783,1494,1021,344,66,125,50,52,55,106,60,210,,186,60,32,78,,118,326,366,653,42,230,,519,43,,,,501,100,990,460,1500,150,950,450,29,
2012-08-17,1165,882,749,541,400,979,837,783,1494,1021,344,66,125,50,52,55,106,60,210,,186,60,32,78,,118,326,363,653,42,230,,519,43,,,,501,100,990,460,1500,150,950,450,29,
2012-08-24,1165,882,749,541,400,979,837,783,1494,1021,344,66,125,50,52,55,106,60,210,,186,60,32,78,,118,326,361,653,42,230,,519,43,,,,501,100,990,460,1500,150,950,450,29,
2012-08-31,1165,882,749,541,400,979,837,783,1494,1021,344,66,125,50,52,55,106,60,210,,186,60,32,78,,118,326,361,653,42,230,,519,43,,,,501,100,990,460,1500,150,950,450,29,
2012-09-07,1165,882,749,541,400,979,837,783,1494,1021,344,66,125,50,52,55,106,60,210,,186,60,32,78,,118,326,362,653,42,230,,519,43,,,,501,100,990,460,1500,150,950,450,29,
2012-09-14,1165,882,749,541,400,979,837,783,1494,1021,344,66,125,50,52,55,106,60,210,,186,60,32,78,,118,326,359,653,42,230,,519,43,,,,501,100,990,460,1500,150,950,450,29,
2012-09-21,1165,882,749,541,400,979,837,783,1494,1021,344,66,125,50,52,55,106,60,210,,186,60,32,78,,118,326,365,653,42,230,,519,43,,,,501,100,990,460,1500,150,950,450,29,
2012-09-28,1165,882,749,541,400,979,837,783,1494,1021,344,66,125,50,52,55,106,60,210,,186,60,32,78,,118,326,364,653,42,230,,519,43,,,,501,100,990,460,1500,150,950,450,29,
2012-10-05,1165,882,749,541,400,979,837,783,1494,1021,344,66,125,50,52,55,106,60,210,,186,60,32,78,,118,326,362,653,42,230,,519,43,,,,501,100,990,461,1500,150,950,450,29,
2012-10-12,1165,882,749,541,400,979,837,783,1494,1021,344,66,125,50,52,55,106,60,210,,186,60,32,78,,118,326,359,653,42,230,,519,43,,,,501,100,990,492,1500,150,950,450,29,
2012-10-19,1165,882,749,541,400,979,837,783,1494,1021,344,66,125,50,52,55,106,60,210,,186,60,32,78,,118,326,358,653,42,230,,519,43,,,,501,100,990,461,1500,150,950,450,29,
2012-10-26,1165,882,749,541,400,979,837,783,1494,1021,344,66,125,50,52,55,106,60,210,,186,60,32,78,,118,326,355,653,42,230,,519,43,,,,501,100,990,460,1500,150,950,450,29,
2012-11-02,1165,882,749,541,400,979,837,783,1494,1021,344,66,125,50,52,55,106,60,210,,186,60,32,78,,118,326,354,653,42,230,,519,43,,,,501,100,990,460,1500,150,950,450,29,
2012-11-09,1165,882,749,541,400,979,837,783,1494,1021,344,66,125,50,52,55,106,60,210,,186,60,32,78,,118,326,353,653,42,230,,519,43,,,,501,100,990,460,1500,150,950,450,29,
2012-11-16,1165,882,749,541,400,979,837,783,1494,1021,344,66,125,50,52,55,106,60,210,,186,60,32,78,,118,326,356,653,42,230,,519,43,,,,501,100,990,460,1500,150,950,450,29,
2012-11-23,1165,882,749,541,400,979,837,783,1494,1021,344,66,125,50,52,55,106,60,210,,186,60,32,78,,118,326,355,653,42,230,,519,43,,,,501,100,990,460,1500,150,950,450,29,
2012-11-30,1165,882,749,541,400,979,837,783,1494,1021,344,66,125,50,52,55,106,60,210,,186,60,32,78,,118,326,357,653,42,230,,519,43,,,,501,100,990,460,1500,150,950,450,29,
2012-12-07,1165,882,749,541,400,979,837,783,1494,1021,344,66,125,50,52,55,106,60,210,,186,60,32,78,,118,326,360,653,42,230,,519,43,,,,501,100,990,460,1500,150,950,450,29,
2012-12-14,1165,882,749,541,400,979,837,783,1494,1021,344,66,125,50,52,55,106,60,210,,186,60,32,78,,118,326,358,653,42,230,,519,43,,,,501,100,990,460,1500,150,950,450,29,
2012-12-21,1165,882,749,541,400,979,837,783,1494,1021,344,66,125,50,52,55,106,60,210,,186,60,32,78,,118,326,361,653,42,230,,519,43,,,,501,100,990,460,1500,150,950,450,29,
2012-12-28,1165,882,749,541,400,979,837,783,1494,1021,344,66,125,50,52,55,106,60,210,,186,60,32,78,,118,326,362,653,42,230,,519,43,,,,501,100,990,460,1500,150,950,450,29,
2013-01-11,1165,882,749,541,400,979,837,783,1494,1021,344,66,125,50,52,55,106,60,210,,186,60,32,78,,118,326,356,653,42,230,,519,43,,,,501,100,990,461,1500,150,950,450,29,
2013-01-18,1165,882,749,541,400,979,837,783,1494,1021,344,66,125,50,52,55,106,60,210,,186,60,32,78,,118,326,366,653,42,230,,519,43,,,,501,100,990,460,1500,150,950,450,29,
2013-01-25,1165,882,749,541,400,979,837,783,1494,1021,344,66,125,50,52,55,106,60,210,,186,60,32,78,,118,326,360,653,42,230,,519,43,,,,501,100,990,460,1500,150,950,450,29,
2013-02-01,1165,882,749,541,400,979,837,783,1494,1021,344,66,125,50,52,55,106,60,210,,186,60,32,78,,118,326,365,653,42,230,,519,43,,,,501,100,990,460,1500,150,950,450,29,
2013-02-08,1165,882,749,541,400,979,837,783,1494,1021,344,66,125,50,52,55,106,60,210,,186,60,32,78,,118,326,364,653,42,230,,519,43,,,,501,100,990,460,1500,150,950,450,29,
2013-02-15,1165,882,749,541,400,979,837,783,1494,1021,344,66,125,50,52,55,106,60,210,,186,60,32,78,,118,326,366,653,42,230,,519,43,,,,501,100,990,460,1500,150,950,450,29,
2013-02-22,1165,882,749,541,400,979,837,783,1494,1021,344,66,125,50,52,55,106,60,210,,186,60,32,78,,118,326,366,653,42,230,,519,43,,,,501,100,990,460,1500,150,950,450,29,
2013-03-01,1165,882,749,541,400,979,837,783,1494,1021,344,66,125,50,52,55,106,60,210,,186,60,32,78,,118,326,366,653,42,230,,519,43,,,,501,100,990,460,1500,150,950,450,29,
2013-03-08,1165,882,749,541,400,979,837,783,1494,1021,344,66,125,50,52,55,106,60,210,,186,60,32,78,,118,326,365,653,42,230,,519,43,,,,501,100,990,461,1500,150,950,450,29,
2013-03-15,1165,882,749,541,400,979,837,783,1494,1021,344,66,125,50,52,55,106,60,210,,186,60,32,78,,118,326,367,653,42,230,,519,43,,,,501,100,990,462,1500,150,950,450,29,
2013-03-22,1165,882,749,541,400,979,837,783,1494,1021,344,66,125,50,52,55,106,60,210,,186,60,32,78,,118,326,367,653,42,230,,519,43,,,,501,100,990,461,1500,150,950,450,29,
2013-03-29,1165,882,749,541,400,979,837,783,1494,1021,344,66,125,50,52,55,106,60,210,,186,60,32,78,,118,326,366,653,42,230,,519,43,,,,501,100,990,461,1500,150,950,450,29,
2013-04-05,1165,882,749,541,400,979,837,783,1494,1021,344,66,125,50,52,55,106,60,210,,186,60,32,78,,118,326,361,653,42,230,,519,43,,,,501,100,990,461,1500,150,950,450,29,
2013-04-12,1165,882,749,541,400,979,837,783,1494,1021,344,66,125,50,52,55,106,60,210,,186,60,32,78,,118,326,359,653,42,230,,519,43,,,,501,100,990,461,1500,150,950,450,29,
2013-04-19,1165,882,749,541,400,979,837,783,1494,1021,344,66,125,50,52,55,106,60,210,,186,60,32,78,,118,326,358,653,42,230,,519,43,,,,501,100,990,461,1500,150,950,450,29,
2013-04-26,1165,882,749,541,400,979,837,783,1494,1021,344,66,125,50,52,55,106,60,210,,186,60,32,78,,118,326,360,653,42,230,,519,43,,,,501,100,990,461,1500,150,950,450,29,
2013-05-03,1165,882,749,541,400,979,837,783,1494,1021,344,66,125,50,52,55,106,60,210,,186,60,32,78,,118,326,363,653,42,230,,519,43,,,,501,100,990,461,1500,150,950,450,29,
2013-05-10,1165,882,749,541,400,979,837,783,1494,1021,344,66,125,50,52,55,106,60,210,,186,60,32,78,,118,326,366,653,42,230,,519,43,,,,501,100,990,461,1500,150,950,450,29,
2013-05-17,1165,882,749,541,400,979,837,783,1494,1021,344,66,125,50,52,55,106,60,210,,186,60,32,78,,118,326,367,653,42,230,,519,43,,,,501,100,990,461,1500,150,950,450,29,
2013-05-24,1165,882,749,541,400,979,837,783,1494,1021,344,66,125,50,52,55,106,60,210,,186,60,32,78,,118,326,363,653,42,230,,519,43,,,,501,100,990,461,1500,150,950,450,29,
2013-05-31,1165,882,749,541,400,979,837,783,1494,1021,344,66,125,50,52,55,106,60,210,,186,60,32,78,,118,326,362,653,42,230,,519,43,,,,501,100,990,461,1500,150,950,450,29,
2013-06-07,1165,882,749,541,400,979,837,783,1494,1021,344,66,125,50,52,55,106,60,210,,186,60,32,78,,118,326,362,653,42,230,,519,43,,,,501,100,990,460,1500,150,950,450,29,
2013-06-14,1165,882,749,541,400,979,837,783,1494,1021,344,66,125,50,52,55,106,60,210,,186,60,32,78,,118,326,363,653,42,230,,519,43,,,,501,100,990,460,1500,150,950,450,29,
2013-06-21,1165,882,749,541,400,979,837,783,1494,1021,344,66,125,50,52,55,106,60,210,,186,60,32,78,,118,326,357,653,42,230,,519,43,,,,501,100,990,460,1500,150,950,450,29,
2013-06-28,1165,882,749,541,400,979,837,783,1494,1021,344,66,125,50,52,55,106,60,210,,186,60,32,78,,118,326,357,653,42,230,,519,43,,,,501,100,990,460,1500,150,950,450,29,
2013-07-05,1165,882,749,541,400,979,837,783,1494,1021,344,66,125,50,52,55,106,60,210,,186,60,32,78,,118,326,354,653,42,230,,519,43,,,,501,100,990,461,1500,150,950,450,29,
2013-07-12,1165,882,749,541,400,979,837,783,1494,1021,344,66,125,50,52,55,106,60,210,,186,60,32,78,,118,326,351,653,42,230,,519,43,,,,501,100,990,460,1500,150,950,450,29,
2013-07-19,1165,882,749,541,400,979,837,783,1494,1021,344,66,125,50,52,55,106,60,210,,186,60,32,78,,118,326,338,653,42,230,,519,43,,,,501,100,990,460,1500,150,950,450,29,
2013-07-26,1165,882,749,541,400,979,837,783,1494,1021,344,66,125,50,52,55,106,60,210,,186,60,32,78,,118,326,336,653,42,230,,519,43,,,,501,100,990,461,1500,150,950,450,29,
2013-08-02,1165,882,749,541,400,979,837,783,1494,1021,344,66,125,50,52,55,106,60,210,,186,60,32,78,,118,326,345,653,42,230,,519,43,,,,501,100,990,460,1500,150,950,450,29,
2013-08-09,1165,882,749,541,400,979,837,783,1494,1021,344,66,125,50,52,55,106,60,210,,186,60,32,78,,118,326,344,653,42,230,,519,43,,,,501,100,990,460,1500,150,950,450,29,
2013-08-16,1165,882,749,541,400,979,837,783,1494,1021,344,66,125,50,52,55,106,60,210,,186,60,32,78,,118,326,344,653,42,230,,519,43,,,,501,100,990,460,1500,150,950,450,29,
2013-08-23,1165,882,749,541,400,979,837,783,1494,1021,344,66,125,50,52,55,106,60,210,,186,60,32,78,,118,326,344,653,42,230,,519,43,,,,501,100,990,461,1500,150,950,450,29,
2013-08-30,1165,882,749,541,400,979,837,783,1494,1021,344,66,125,50,52,55,106,60,210,,186,60,32,78,,118,326,346,653,42,230,,519,43,,,,501,100,990,461,1500,150,950,450,29,
2013-09-06,1165,882,749,541,400,979,837,783,1494,1021,344,66,125,50,52,55,106,60,210,,186,60,32,78,,118,326,340,653,42,230,,519,43,,,,501,100,990,461,1500,150,950,450,29,
2013-09-13,1165,882,749,541,400,979,837,783,1494,1021,344,66,125,50,52,55,106,60,210,,186,60,32,78,,118,326,339,653,42,230,,519,43,,,,501,100,990,460,1500,150,950,450,29,
2013-09-20,1165,882,749,541,400,979,837,783,1494,1021,344,66,125,50,52,55,106,60,210,,186,60,32,78,,118,326,341,653,42,230,,519,43,,,,501,100,990,460,1500,150,950,450,29,
2013-09-27,1165,882,749,541,400,979,837,783,1494,1021,344,66,125,50,52,55,106,60,210,,186,60,32,78,,118,326,337,653,42,230,,519,43,,,,501,100,990,460,1500,150,950,450,29,
2013-10-04,1165,882,749,541,400,979,837,783,1494,1021,344,66,125,50,52,55,106,60,210,,186,60,32,78,,118,326,337,653,42,230,,519,43,,,,501,100,990,460,1500,150,950,450,29,
2013-10-11,1165,882,749,541,400,979,837,783,1494,1021,344,66,125,50,52,55,106,60,210,,186,60,32,78,,118,326,334,653,42,230,,519,43,,,,501,100,990,460,1500,150,950,450,29,
2013-10-18,1165,882,749,541,400,979,837,783,1494,1021,344,66,125,50,52,55,106,60,210,,186,60,32,78,,118,326,332,653,42,230,,519,43,,,,501,100,990,460,1500,150,950,450,29,
2013-10-25,1165,882,749,541,400,979,837,783,1494,1021,344,66,125,50,52,55,106,60,210,,186,60,32,78,,118,326,335,653,42,230,,519,43,,,,501,100,990,460,1500,150,950,450,29,
2013-11-01,1165,882,749,541,400,979,837,783,1494,1021,344,66,125,50,52,55,106,60,210,,186,60,32,78,,118,326,345,653,42,230,,519,43,,,,501,100,990,460,1500,150,950,450,29,
2013-11-08,1165,882,749,541,400,979,837,783,1494,1021,344,66,125,50,52,55,106,60,210,,186,60,32,78,,118,326,351,653,42,230,,519,43,,,,501,100,990,460,1500,150,950,450,29,
2013-11-15,1165,882,749,541,400,979,837,783,1494,1021,344,66,125,50,52,55,106,60,210,,186,60,32,78,,118,326,350,653,42,230,,519,43,,,,501,100,990,460,1500,150,950,450,29,
2013-11-22,1165,882,749,541,400,979,837,783,1494,1021,344,66,125,50,52,55,106,60,210,,186,60,32,78,,118,326,348,653,42,230,,519,43,,,,501,100,990,460,1500,150,950,450,29,
2013-11-29,1165,882,749,541,400,979,837,783,1494,1021,344,66,125,50,52,55,106,60,210,,186,60,32,78,,118,326,347,653,42,230,,519,43,,,,501,100,990,460,1500,150,950,450,29,
2013-12-06,1165,882,749,541,400,979,837,783,1494,1021,344,66,125,50,52,55,106,60,210,,186,60,32,78,,118,326,347,653,42,230,,519,43,,,,501,100,990,460,1500,150,950,450,29,
2013-12-13,1165,882,749,541,400,979,837,783,1494,1021,344,66,125,50,52,55,106,60,210,,186,60,32,78,,118,326,348,653,42,230,,519,43,,,,501,100,990,461,1500,150,950,450,29,
2013-12-20,1165,882,749,541,400,979,837,783,1494,1021,344,66,125,50,52,55,106,60,210,,186,60,32,78,,118,326,350,653,42,230,,519,43,,,,501,100,990,460,1500,150,950,450,29,
2013-12-27,1165,882,749,541,400,979,837,783,1494,1021,344,66,125,50,52,55,106,60,210,,186,60,32,78,,118,326,349,653,42,230,,519,43,,,,501,100,990,460,1500,150,950,450,29,
2014-01-03,1165,882,749,541,400,979,837,783,1494,1021,344,66,125,50,52,55,106,60,210,,186,60,32,78,,118,326,349,653,42,230,,519,43,,,,501,100,990,460,1500,150,950,450,29,
2014-01-10,1165,882,749,541,400,979,837,783,1494,1021,344,66,125,50,52,55,106,60,210,,186,60,32,78,,118,326,352,653,42,230,,519,43,,,,501,100,990,460,1500,150,950,450,29,
2014-01-17,1165,882,749,541,400,979,837,783,1494,1021,344,66,125,50,52,55,106,60,210,,186,60,32,78,,118,326,353,653,42,230,,519,43,,,,501,100,990,460,1500,150,950,450,29,
2014-01-24,1165,882,749,541,400,979,837,783,1494,1021,344,66,125,50,52,55,106,60,210,,186,60,32,78,,118,326,351,653,42,230,,519,43,,,,501,100,990,461,1500,150,950,450,29,
2014-01-31,1165,882,749,541,400,979,837,783,1494,1021,344,66,125,50,52,55,106,60,210,,186,60,32,78,,118,326,349,653,42,230,,519,43,,,,501,100,990,460,1500,150,950,450,29,
2014-02-07,1165,882,749,541,400,979,837,783,1494,1021,344,66,125,50,52,55,106,60,210,,186,60,32,78,,118,326,344,653,42,230,,519,43,,,,501,100,990,460,1500,150,950,450,29,
2014-02-14,1165,882,749,541,400,979,837,783,1494,1021,344,66,125,50,52,55,106,60,210,,186,60,32,78,,118,326,340,653,42,230,,519,43,,,,501,100,990,461,1500,150,950,450,29,
2014-02-21,1165,882,749,541,400,979,837,783,1494,1021,344,66,125,50,52,55,106,60,210,,186,60,32,78,,118,326,347,653,42,230,,519,43,,,,501,100,990,460,1500,150,950,450,29,
2014-02-28,1165,882,749,541,400,979,837,783,1494,1021,344,66,125,50,52,55,106,60,210,,186,60,32,78,,118,326,356,653,42,230,,519,43,,,,501,100,990,461,1500,150,950,450,29,
2014-03-07,1165,882,749,541,400,979,837,783,1494,1021,344,66,125,50,52,55,106,60,210,,186,60,32,78,,118,326,348,653,42,230,,519,43,,,,501,100,990,460,1500,150,950,450,29,
2014-03-14,1165,882,749,541,400,979,837,783,1494,1021,344,66,125,50,52,55,106,60,210,,186,60,32,78,,118,326,349,653,42,230,,519,43,,,,501,100,990,460,1500,150,950,450,29,
2014-03-21,1165,882,749,541,400,979,837,783,1494,1021,344,66,125,50,52,55,106,60,210,,186,60,32,78,,118,326,349,653,42,230,,519,43,,,,501,100,990,460,1500,150,950,450,29,
2014-03-28,1165,882,749,541,400,979,837,783,1494,1021,344,66,125,50,52,55,106,60,210,,186,60,32,78,,118,326,347,653,42,230,,519,43,,,,501,100,990,460,1500,150,950,450,29,
2014-04-04,1165,882,749,541,400,979,837,783,1494,1021,344,66,125,50,52,55,106,60,210,,186,60,32,78,,118,326,352,653,42,230,,519,43,,,,501,100,990,460,1500,150,950,450,29,
2014-04-11,1165,882,749,541,400,979,837,783,1494,1021,344,66,125,50,52,55,106,60,210,,186,60,32,78,,118,326,351,653,42,230,,519,43,,,,501,100,990,460,1500,150,950,450,29,
2014-04-18,1165,882,749,541,400,979,837,783,1494,1021,344,66,125,50,52,55,106,60,210,,186,60,32,78,,118,326,348,653,42,230,,519,43,,,,501,100,990,460,1500,150,950,450,29,
2014-04-25,1165,882,749,541,400,979,837,783,1494,1021,344,66,125,50,52,55,106,60,210,,186,60,32,78,,118,326,348,653,42,230,,519,43,,,,501,100,990,463,1500,150,950,450,29,
2014-05-02,1165,882,749,541,400,979,837,783,1494,1021,344,66,125,50,52,55,106,60,210,,186,60,32,78,,118,326,349,653,42,230,,519,43,,,,501,100,990,460,1500,150,950,450,29,
2014-05-09,1165,882,749,541,400,979,837,783,1494,1021,344,66,125,50,52,55,106,60,210,,186,60,32,78,,118,326,347,653,42,230,,519,43,,,,501,100,990,460,1500,150,950,450,29,
2014-05-16,1165,882,749,541,400,979,837,783,1494,1021,344,66,125,50,52,55,106,60,210,,186,60,32,78,,118,326,344,653,42,230,,519,43,,,,501,100,990,461,1500,150,950,450,29,
2014-05-23,1165,882,749,541,400,979,837,783,1494,1021,344,66,125,50,52,55,106,60,210,,186,60,32,78,,118,326,345,653,42,230,,519,43,,,,501,100,990,460,1500,150,950,450,29,
2014-05-30,1165,882,749,541,400,979,837,783,1494,1021,344,66,125,50,52,55,106,60,210,,186,60,32,78,,118,326,355,653,42,230,,519,43,,,,501,100,990,460,1500,150,950,450,29,
2014-06-06,1165,882,749,541,400,979,837,783,1494,1021,344,66,125,50,52,55,106,60,210,,186,60,32,78,,118,326,363,653,42,230,,519,43,,,,501,100,990,461,1500,150,950,450,29,
2014-06-13,1165,882,749,541,400,979,837,783,1494,1021,344,66,125,50,52,55,106,60,210,,186,60,32,78,,118,326,364,653,42,230,,519,43,,,,501,100,990,462,1500,150,950,450,29,12
2014-06-20,1165,882,749,541,400,979,837,783,1494,1021,344,66,125,50,52,55,106,60,210,,186,60,32,78,,118,326,369,653,42,230,,519,43,,,,501,100,990,460,1500,150,950,450,29,12
2014-06-27,1165,882,749,541,400,979,837,783,1494,1021,344,66,125,50,52,55,106,60,210,,186,60,32,78,,118,326,367,653,42,230,,519,43,,,,501,100,990,460,1500,150,950,450,29,12
2014-07-04,1165,882,749,541,400,979,837,783,1494,1021,344,66,125,50,52,55,106,60,210,,186,60,32,78,,118,326,366,653,42,230,,519,43,,,,501,100,990,460,1500,150,950,450,29,12
2014-07-11,1165,882,749,541,400,979,837,783,1494,1021,344,66,125,50,52,55,106,60,210,,186,60,32,78,,118,326,361,653,42,230,,519,43,,,,501,100,990,462,1500,150,950,450,29,12
2014-07-18,1165,882,749,541,400,979,837,783,1494,1021,344,66,125,50,52,55,106,60,210,,186,60,32,78,,118,326,357,653,42,230,,519,43,,,,501,100,990,460,1500,150,950,450,29,12
2014-07-25,1165,882,749,541,400,979,837,783,1494,1021,344,66,125,50,52,55,106,60,210,,186,60,32,78,,118,326,363,653,42,230,,519,43,,,,501,100,990,461,1500,150,950,450,29,12
2014-08-01,1165,882,749,541,400,979,837,783,1494,1021,344,66,125,50,52,55,106,60,210,,186,60,32,78,,118,326,360,653,42,230,,519,43,,,,501,100,990,460,1500,150,950,450,29,12
2014-08-08,1165,882,749,541,400,979,837,783,1494,1021,344,66,125,50,52,55,106,60,210,,186,60,32,78,,118,326,356,653,42,230,,519,43,,,,501,100,990,460,1500,150,950,450,29,12
2014-08-15,1165,882,749,541,400,979,837,783,1494,1021,344,66,125,50,52,55,106,60,210,,186,60,32,78,,118,326,365,653,42,230,,519,43,,,,501,100,990,460,1500,150,950,450,29,12
2014-08-22,1165,882,749,541,400,979,837,783,1494,1021,344,66,125,50,52,55,106,60,210,,186,60,32,78,,118,326,365,653,42,230,,519,43,,,,501,100,990,460,1500,150,950,450,29,12
2014-08-29,1165,882,749,541,400,979,837,783,1494,1021,344,66,125,50,52,55,106,60,210,,186,60,32,78,,118,326,368,653,42,230,,519,43,,,,501,100,990,461,1500,150,950,450,29,12
2014-09-05,1165,882,749,541,400,979,837,783,1494,1021,344,66,125,50,52,55,106,60,210,,186,60,32,78,,118,326,367,653,42,230,,519,43,,,,501,100,990,460,1500,150,950,450,29,12
2014-09-12,1165,882,749,541,400,979,837,783,1494,1021,344,66,125,50,52,55,106,60,210,,186,60,32,78,,118,326,365,653,42,230,,519,43,,,,501,100,990,460,1500,150,950,450,29,12
2014-09-19,1165,882,749,541,400,979,837,783,1494,1021,344,66,125,50,52,55,106,60,210,,186,60,32,78,,118,326,365,653,42,230,,519,43,,,,501,100,990,461,1500,150,950,450,29,12
2014-09-26,1165,882,749,541,400,979,837,783,1494,1021,344,66,125,50,52,55,106,60,210,,186,60,32,78,,118,326,370,653,42,230,,519,43,,,,501,100,990,460,1500,150,950,450,29,12
2014-10-03,1165,882,749,541,400,979,837,783,1494,1021,344,66,125,50,52,55,106,60,210,,186,60,32,78,,118,326,371,653,42,230,,519,43,,,,501,100,990,461,1500,150,950,450,29,12
2014-10-10,1165,882,749,541,400,979,837,783,1494,1021,344,66,125,50,52,55,106,60,210,,186,60,32,78,,118,326,370,653,42,230,,519,43,,,,501,100,990,460,1500,150,950,450,29,12
2014-10-17,1165,882,749,541,400,979,837,783,1494,1021,344,66,125,50,52,55,106,60,210,,186,60,32,78,,118,326,373,653,42,230,,519,43,,,,501,100,990,460,1500,150,950,450,29,12
2014-10-24,1165,882,749,541,400,979,837,783,1494,1021,344,66,125,50,52,55,106,60,210,,186,60,32,78,,118,326,376,653,42,230,,519,43,,,,501,100,990,460,1500,150,950,450,29,12
2014-10-31,1165,882,749,541,400,979,837,783,1494,1021,344,66,125,50,52,55,106,60,210,,186,60,32,78,,118,326,377,653,42,230,,519,43,,,,501,100,990,460,1500,150,950,450,29,12
2014-11-07,1165,882,749,541,400,979,837,783,1494,1021,344,66,125,50,52,55,106,60,210,,186,60,32,78,,118,326,377,653,42,230,,519,43,,,,501,100,990,461,1500,150,950,450,29,12
2014-11-14,1165,882,749,541,400,979,837,783,1494,1021,344,66,125,50,52,55,106,60,210,,186,60,32,78,,118,326,375,653,42,230,,519,43,,,,501,100,990,460,1500,150,950,450,29,12
2014-11-21,1165,882,749,541,400,979,837,783,1494,1021,344,66,125,50,52,55,106,60,210,,186,60,32,78,,118,326,372,653,42,230,,519,43,,,,501,100,990,460,1500,150,950,450,29,12
2014-11-28,1165,882,749,541,400,979,837,783,1494,1021,344,66,125,50,52,55,106,60,210,,186,60,32,78,,118,326,367,653,42,230,,519,43,,,,501,100,990,460,1500,150,950,450,29,12
2014-12-05,1165,882,749,541,400,979,837,783,1494,1021,344,66,125,50,52,55,106,60,210,,186,60,32,78,,118,326,368,653,42,230,,519,43,,,,501,100,990,460,1500,150,950,450,29,12
2014-12-12,1165,882,749,541,400,979,837,783,1494,1021,344,66,125,50,52,55,106,60,210,,186,60,32,78,,118,326,375,653,42,230,,519,43,,,,501,100,990,460,1500,150,950,450,29,12
2014-12-19,1165,882,749,541,400,979,837,783,1494,1021,344,66,125,50,52,55,106,60,210,,186,60,32,78,,118,326,374,653,42,230,,519,43,,,,501,100,990,460,1500,150,950,450,29,12
2014-12-26,1165,882,749,541,400,979,837,783,1494,1021,344,66,125,50,52,55,106,60,210,,186,60,32,78,,118,326,371,653,42,230,,519,43,,,,501,100,990,460,1500,150,950,450,29,12
2015-01-02,1165,882,749,541,400,979,837,783,1494,1021,344,66,125,50,52,55,106,60,210,,186,60,32,78,,118,326,371,653,42,230,,519,43,,,,501,100,990,460,1500,150,950,450,29,12
2015-01-09,1165,882,749,541,400,979,837,783,1494,1021,344,66,125,50,52,55,106,60,210,,186,60,32,78,,118,326,375,653,42,230,,519,43,,,,501,100,990,460,1500,150,950,450,29,12
2015-01-16,1165,882,749,541,400,979,837,783,1494,1021,344,66,125,50,52,55,106,60,210,,186,60,32,78,,118,326,371,653,42,230,,519,43,,,,501,100,990,460,1500,150,950,450,29,12
2015-01-23,1165,882,749,541,400,979,837,783,1494,1021,344,66,125,50,52,55,106,60,210,,186,60,32,78,,118,326,371,653,42,230,,519,43,,,,501,100,990,460,1500,150,950,450,29,12
2015-01-30,1165,882,749,541,400,979,837,783,1494,1021,344,66,125,50,52,55,106,60,210,,186,60,32,78,,118,326,374,653,42,230,,519,43,,,,501,100,990,460,1500,150,950,450,29,12
2015-02-06,1165,882,749,541,400,979,837,783,1494,1021,344,66,125,50,52,55,106,60,210,,186,60,32,78,,118,326,375,653,42,230,,519,43,,,,501,100,990,460,1500,150,950,450,29,12
2015-02-13,1165,882,749,541,400,979,837,783,1494,1021,344,66,125,50,52,55,106,60,210,,186,60,32,78,,118,326,376,653,42,230,,519,43,,,,501,100,990,460,1500,150,950,450,29,12
2015-02-20,1165,882,749,541,400,979,837,783,1494,1021,344,66,125,50,52,55,106,60,210,,186,60,32,78,,118,326,378,653,42,230,,519,43,,,,501,100,990,460,1500,150,950,450,29,12
2015-02-27,1165,882,749,541,400,979,837,783,1494,1021,344,66,125,50,52,55,106,60,210,,186,60,32,78,,118,326,381,653,42,230,,519,43,,,,501,100,990,460,1500,150,950,450,29,12
2015-03-06,1165,882,749,541,400,979,837,783,1494,1021,344,66,125,50,52,55,106,60,210,,186,60,32,78,,118,326,383,653,42,230,,519,43,,,,501,100,990,460,1500,150,950,450,29,12
2015-03-13,1165,882,749,541,400,979,837,783,1494,1021,344,66,125,50,52,55,106,60,210,,186,60,32,78,,118,326,381,653,42,230,,519,43,,,,501,100,990,464,1500,150,950,450,29,12
2015-03-20,1165,882,749,541,400,979,837,783,1494,1021,344,66,125,50,52,55,106,60,210,,186,60,32,78,,118,326,384,653,42,230,,519,43,,,,501,100,990,460,1500,150,950,450,29,12
2015-03-27,1165,882,749,541,400,979,837,783,1494,1021,344,66,125,50,52,55,106,60,210,,186,60,32,78,,118,326,390,653,42,230,,519,43,,,,501,100,990,460,1500,150,950,450,29,12
2015-04-03,1165,882,749,541,400,979,837,783,1494,1021,344,66,125,50,52,55,106,60,210,,186,60,32,78,,118,326,389,653,42,230,,519,43,,,,501,100,990,462,1500,150,950,450,29,12
2015-04-10,1165,882,749,541,400,979,837,783,1494,1021,344,66,125,50,52,55,106,60,210,,186,60,32,78,,118,326,386,653,42,230,,519,43,,,,501,100,990,460,1500,150,950,450,29,12
2015-04-17,1165,882,749,541,400,979,837,783,1494,1021,344,66,125,50,52,55,106,60,210,,186,60,32,78,,118,326,386,653,42,230,,519,43,,,,501,100,990,460,1500,150,950,450,29,12
2015-04-24,1165,882,749,541,400,979,837,783,1494,1021,344,66,125,50,52,55,106,60,210,,186,60,32,78,,118,326,386,653,42,230,,519,43,,,,501,100,990,463,1500,150,950,450,29,12
2015-05-01,1165,882,749,541,400,979,837,783,1494,1021,344,66,125,50,52,55,106,60,210,,186,60,32,78,,118,326,375,653,42,230,,519,43,,,,501,100,990,460,1500,150,950,450,29,12
2015-05-08,1165,882,749,541,400,979,837,783,1494,1021,344,66,125,50,52,55,106,60,210,,186,60,32,78,,118,326,385,653,42,230,,519,43,,,,501,100,990,461,1500,150,950,450,29,12
2015-05-15,1165,882,749,541,400,979,837,783,1494,1021,344,66,125,50,52,55,106,60,210,,186,60,32,78,,118,326,383,653,42,230,,519,43,,,,501,100,990,462,1500,150,950,450,29,12
2015-05-22,1165,882,749,541,400,979,837,783,1494,1021,344,66,125,50,52,55,106,60,210,,186,60,32,78,,118,326,382,653,42,230,,519,43,,,,501,100,990,462,1500,150,950,450,29,12
2015-05-29,1165,882,749,541,400,979,837,783,1494,1021,344,66,125,50,52,55,106,60,210,,186,60,32,78,,118,326,377,653,42,230,,519,43,,,,501,100,990,461,1500,150,950,450,29,12
2015-06-05,1165,882,749,541,400,979,837,783,1494,1021,344,66,125,50,52,55,106,60,210,,186,60,32,78,,118,326,381,653,42,230,,519,43,,,,501,100,990,461,1500,150,950,450,29,12
2015-06-12,1165,882,749,541,400,979,837,783,1494,1021,344,66,125,50,52,55,106,60,210,,186,60,32,78,,118,326,373,653,42,230,,519,43,,,,501,100,990,461,1500,150,950,450,29,12
2015-06-19,1165,882,749,541,400,979,837,783,1494,1021,344,66,125,50,52,55,106,60,210,,186,60,32,78,,118,326,377,653,42,230,,519,43,,,,501,100,990,460,1500,150,950,450,29,12
2015-06-26,1165,882,749,541,400,979,837,783,1494,1021,344,66,125,50,52,55,106,60,210,,186,60,32,78,,118,326,382,653,42,230,,519,43,,,,501,100,990,460,1500,150,950,450,29,12
2015-07-03,1165,882,749,541,400,979,837,783,1494,1021,344,66,125,50,52,55,106,60,210,,186,60,32,78,,118,326,380,653,42,230,,519,43,,,,501,100,990,460,1500,150,950,450,29,12
2015-07-10,1165,882,749,541,400,979,837,783,1494,1021,344,66,125,50,52,55,106,60,210,,186,60,32,78,,118,326,376,653,42,230,,519,43,,,,501,100,990,460,1500,150,950,450,29,12
2015-07-17,1165,882,749,541,400,979,837,783,1494,1021,344,66,125,50,52,55,106,60,210,,186,60,32,78,,118,326,379,653,42,230,,519,43,,,,501,100,990,460,1500,150,950,450,29,12
2015-07-24,1165,882,749,541,400,979,837,783,1494,1021,344,66,125,50,52,55,106,60,210,,186,60,32,78,,118,326,378,653,42,230,,519,43,,,,501,100,990,460,1500,150,950,450,29,12
2015-07-31,1165,882,749,541,400,979,837,783,1494,1021,344,66,125,50,52,55,106,60,210,,186,60,32,78,,118,326,379,653,42,230,,519,43,,,,501,100,990,460,1500,150,950,450,29,12
2015-08-07,1165,882,749,541,400,979,837,783,1494,1021,344,66,125,50,52,55,106,60,210,,186,60,32,78,,118,326,382,653,42,230,,519,43,,,,501,100,990,461,1500,150,950,450,29,12
2015-08-14,1165,882,749,541,400,979,837,783,1494,1021,344,66,125,50,52,55,106,60,210,,186,60,32,78,,118,326,385,653,42,230,,519,43,,,,501,100,990,460,1500,150,950,450,29,12
2015-08-21,1165,882,749,541,400,979,837,783,1494,1021,344,66,125,50,52,55,106,60,210,,186,60,32,78,,118,326,383,653,42,230,,519,43,,,,501,100,990,460,1500,150,950,450,29,12
2015-08-28,1165,882,749,541,400,979,837,783,1494,1021,344,66,125,50,52,55,106,60,210,,186,60,32,78,,118,326,385,653,42,230,,519,43,,,,501,100,990,460,1500,150,950,450,29,12
2015-09-04,1165,882,749,541,400,979,837,783,1494,1021,344,66,125,50,52,55,106,60,210,,186,60,32,78,,118,326,383,653,42,230,,519,43,,,,501,100,990,460,1500,150,950,450,29,12
2015-09-11,1165,882,749,541,400,979,837,783,1494,1021,344,66,125,50,52,55,106,60,210,,186,60,32,78,,118,326,380,653,42,230,,519,43,,,,501,100,990,460,1500,150,950,450,29,12
2015-09-18,1165,882,749,541,400,979,837,783,1494,1021,344,66,125,50,52,55,106,60,210,,186,60,32,78,,118,326,381,653,42,230,,519,43,,,,501,100,990,460,1500,150,950,450,29,12
2015-09-25,1165,882,749,541,400,979,837,783,1494,1021,344,66,125,50,52,55,106,60,210,,186,60,32,78,,118,326,386,653,42,230,,519,43,,,,501,100,990,460,1500,150,950,450,29,12
2015-10-02,1165,882,749,541,400,979,837,783,1494,1021,344,66,125,50,52,55,106,60,210,,186,60,32,78,,118,326,385,653,42,230,,519,43,,,,501,100,990,460,1500,150,950,450,29,12
2015-10-09,1165,882,749,541,400,979,837,783,1494,1021,344,66,125,50,52,55,106,60,210,,186,60,32,78,,118,326,382,653,42,230,,519,43,,,,501,100,990,460,1500,150,950,450,29,12
2015-10-16,1165,882,749,541,400,979,837,783,1494,1021,344,66,125,50,52,55,106,60,210,,186,60,32,78,,118,326,384,653,42,230,,519,43,,,,501,100,990,460,1500,150,950,450,29,12
2015-10-23,1165,882,749,541,400,979,837,783,1494,1021,344,66,125,50,52,55,106,60,210,,186,60,32,78,,118,326,383,653,42,230,,519,43,,,,501,100,990,460,1500,150,950,450,29,12
2015-10-30,1165,882,749,541,400,979,837,783,1494,1021,344,66,125,50,52,55,106,60,210,,186,60,32,78,,118,326,381,653,42,230,,519,43,,,,501,100,990,460,1500,150,950,450,29,12
2015-11-06,1165,882,749,541,400,979,837,783,1494,1021,344,66,125,50,52,55,106,60,210,,186,60,32,78,,118,326,377,653,42,230,,519,43,,,,501,100,990,467,1500,150,950,450,29,12
2015-11-13,1165,882,749,541,400,979,837,783,1494,1021,344,66,125,50,52,55,106,60,210,,186,60,32,78,,118,326,373,653,42,230,,519,43,,,,501,100,990,462,1500,150,950,450,29,12
2015-11-20,1165,882,749,541,400,979,837,783,1494,1021,344,66,125,50,52,55,106,60,210,,186,60,32,78,,118,326,376,653,42,230,,519,43,,,,501,100,990,462,1500,150,950,450,29,12
2015-11-27,1165,882,749,541,400,979,837,783,1494,1021,344,66,125,50,52,55,106,60,210,,186,60,32,78,,118,326,376,653,42,230,,519,43,,,,501,100,990,463,1500,150,950,450,29,12
2015-12-04,1165,882,749,541,400,979,837,783,1494,1021,344,66,125,50,52,55,106,60,210,,186,60,32,78,,118,326,373,653,42,230,,519,43,,,,501,100,990,460,1500,150,950,450,29,12
2015-12-11,1165,882,749,541,400,979,837,783,1494,1021,344,66,125,50,52,55,106,60,210,,186,60,32,78,,118,326,375,653,42,230,,519,43,,,,501,100,990,460,1500,150,950,450,29,12
2015-12-18,1165,882,749,541,400,979,837,783,1494,1021,344,66,125,50,52,55,106,60,210,,186,60,32,78,,118,326,373,653,42,230,,519,43,,,,501,100,990,460,1500,150,950,450,29,12
2015-12-25,1165,882,749,541,400,979,837,783,1494,1021,344,66,125,50,52,55,106,60,210,,186,60,32,78,,118,326,375,653,42,230,,519,43,,,,501,100,990,462,1500,150,950,450,29,12
2016-01-01,1165,882,749,541,400,979,837,783,1494,1021,344,66,125,50,52,55,106,60,210,,186,60,32,78,,118,326,374,653,42,230,,519,43,,,,501,100,990,462,1500,150,950,450,29,12
2016-01-08,1165,882,749,541,400,979,837,783,1494,1021,344,66,125,50,52,55,106,60,210,,186,60,32,78,,118,326,376,653,42,230,,519,43,,,,501,100,990,460,1500,150,950,450,29,12
2016-01-15,1165,882,749,541,400,979,837,783,1494,1021,344,66,125,50,52,55,106,60,210,,186,60,32,78,,118,326,379,653,42,230,,519,43,,,,501,100,990,462,1500,150,950,450,29,12
2016-01-22,1165,882,749,541,400,979,837,783,1494,1021,344,66,125,50,52,55,106,60,210,,186,60,32,78,,118,326,386,653,42,230,,519,43,,,,501,100,990,460,1500,150,950,450,29,12
2016-01-29,1165,882,749,541,400,979,837,783,1494,1021,344,66,125,50,52,55,106,60,210,,186,60,32,78,,118,326,387,653,42,230,,519,43,,,,501,100,990,461,1500,150,950,450,29,12
2016-02-05,1165,882,749,541,400,979,837,783,1494,1171,344,66,125,50,52,55,106,60,210,,186,60,32,78,,118,326,388,653,42,230,,519,43,,,,501,100,990,460,1500,150,950,450,29,12
2016-02-12,1165,882,749,541,400,979,837,783,1494,1171,344,66,125,50,52,55,106,60,210,,186,60,32,78,,118,326,389,653,42,230,,519,43,,,,501,100,990,460,1500,150,950,450,29,12
2016-02-19,1165,882,749,541,400,979,837,783,1494,1021,344,66,125,50,52,55,106,60,210,,186,60,32,78,,118,326,388,653,42,230,,519,43,,,,501,100,990,461,1500,150,950,450,29,12
2016-02-26,1165,882,749,541,400,979,837,783,1494,1171,344,66,125,50,52,55,106,60,210,,186,60,32,78,,118,326,385,653,42,230,,519,43,,,,501,100,990,461,1500,150,950,450,29,12
2016-03-04,1165,882,749,541,400,979,837,783,1494,1171,344,66,125,50,52,55,106,60,210,,186,60,32,78,,118,326,379,653,42,230,,519,43,,,,501,100,990,460,1500,150,950,450,29,12
2016-03-11,1165,882,749,541,400,979,837,783,1494,1171,344,66,125,50,52,55,106,60,210,,186,60,32,78,,118,326,374,653,42,230,,519,43,,,,501,100,990,460,1500,150,950,450,29,12
2016-03-18,1165,882,749,541,400,979,837,783,1494,1171,344,66,125,50,52,55,106,60,210,,186,60,32,78,,118,326,376,653,42,230,,519,43,,,,501,100,990,460,1500,150,950,450,29,12
2016-03-25,1165,882,749,541,400,979,837,783,1494,1021,344,66,125,50,52,55,106,60,210,,186,60,32,78,,118,326,386,653,42,230,,519,43,,,,501,100,990,460,1500,150,950,450,29,12
2016-04-01,1165,882,749,541,400,979,837,783,1494,1171,344,66,125,50,52,55,106,60,210,,186,60,32,78,,118,326,386,653,42,230,,519,43,,,,501,100,990,460,1500,150,950,450,29,12
2016-04-08,1165,882,749,541,400,979,837,783,1494,1171,344,66,125,50,52,55,106,60,210,,186,60,32,78,,118,326,386,653,42,230,,519,43,,,,501,100,990,460,1500,150,950,450,29,12
2016-04-15,1165,882,749,541,400,979,837,783,1494,1171,344,66,125,50,52,55,106,60,210,,186,60,32,78,,118,326,386,653,42,230,,519,43,,,,501,100,990,460,1500,150,950,450,29,12
2016-04-22,1165,882,749,541,400,979,837,783,1494,1171,344,66,125,50,52,55,106,60,210,,186,60,32,78,,118,326,384,653,42,230,,519,43,,,,501,100,990,462,1500,150,950,450,29,12
2016-04-29,1165,882,749,541,400,979,837,783,1494,1171,344,66,125,50,52,55,106,60,210,,186,60,32,78,,118,326,382,653,42,230,,519,43,,,,501,100,990,461,1500,150,950,450,29,12
2016-05-06,1165,882,749,541,400,979,837,783,1494,1171,344,66,125,50,52,55,106,60,210,,186,60,32,78,,118,326,382,653,42,230,,519,43,,,,501,100,990,460,1500,150,950,450,29,12
2016-05-13,1165,882,749,541,400,979,837,783,1494,1171,344,66,125,50,52,55,106,60,210,,186,60,32,78,,118,326,382,653,42,230,,519,43,,,,501,100,990,460,1500,150,950,450,29,12
2016-05-20,1165,882,749,541,400,979,837,783,1494,1171,344,66,125,50,52,55,106,60,210,,186,60,32,78,,118,326,374,653,42,230,,519,43,,,,501,100,990,461,1500,150,950,450,29,12
2016-05-27,1165,882,749,541,400,979,837,783,1494,1171,344,66,125,50,52,55,106,60,210,,186,60,32,78,,118,326,375,653,42,230,,519,43,,,,501,100,990,460,1500,150,950,450,29,12
2016-06-03,1165,882,749,541,400,979,837,783,1494,1171,344,66,125,50,52,55,106,60,210,,186,60,32,78,,118,326,376,653,42,230,,519,43,,,,501,100,990,461,1500,150,950,450,29,12
2016-06-10,1165,882,749,541,400,979,837,783,1494,1171,344,66,125,50,52,55,106,60,210,,186,60,32,78,,118,326,375,653,42,230,,519,43,,,,501,100,990,461,1500,150,950,450,29,12
2016-06-17,1165,882,749,541,400,979,837,783,1494,1171,344,66,125,50,52,55,106,60,210,,186,60,32,78,,118,326,372,653,42,230,,519,43,,,,501,100,990,461,1500,150,950,450,29,12
2016-06-24,1165,882,749,541,400,979,837,783,1494,1021,344,66,125,50,52,55,106,60,210,,186,60,32,78,,118,326,372,653,42,230,,519,43,,,,501,100,990,461,1500,150,950,450,29,12
2016-07-01,1165,882,749,541,400,979,837,783,1494,1171,344,66,125,50,52,55,106,60,210,,186,60,32,78,,118,326,376,653,42,230,,519,43,,,,501,100,990,461,1500,150,950,450,29,12
2016-07-08,1165,882,749,541,400,979,837,783,1494,1021,344,66,125,50,52,55,106,60,210,,186,60,32,78,,118,326,376,653,42,230,,519,43,,,,501,100,990,462,1500,150,950,450,29,12
2016-07-15,1165,882,749,541,400,979,837,783,1494,1171,344,66,125,50,52,55,106,60,210,,186,60,32,78,,118,326,376,653,42,230,,519,43,,,,501,100,990,460,1500,150,950,450,29,12
2016-07-22,1165,882,749,541,400,979,837,783,1494,1171,344,66,125,50,52,55,106,60,210,,186,60,32,78,,118,326,381,653,42,230,,519,43,,,,501,100,990,462,1500,150,950,450,29,12
2016-07-29,1165,882,749,541,400,979,837,783,1494,1171,344,66,125,50,52,55,106,60,210,,186,60,32,78,,118,326,384,653,42,230,,519,43,,,,501,100,990,462,1500,150,950,450,29,12
2016-08-05,1165,882,749,541,400,979,837,783,1494,1171,344,66,125,50,52,55,106,60,210,,186,60,32,78,,118,326,384,653,42,230,,519,43,,,,501,100,990,460,1500,150,950,450,29,12
2016-08-12,1165,882,749,541,400,979,837,783,1494,1171,344,66,125,50,52,55,106,60,210,,186,60,32,78,,118,326,378,653,42,230,,519,43,,,,501,100,990,460,1500,150,950,450,29,12
2016-08-19,1165,882,749,541,400,979,837,783,1494,1171,344,66,125,50,52,55,106,60,210,,186,60,32,78,,118,326,377,653,42,230,,519,43,,,,501,100,990,460,1500,150,950,450,29,12
2016-08-26,1165,882,749,541,400,979,837,783,1494,1171,344,66,125,50,52,55,106,60,210,,186,60,32,78,,118,326,377,653,42,230,,519,43,,,,501,100,990,460,1500,150,950,450,29,12
2016-09-02,1165,882,749,541,400,979,837,783,1494,1171,344,66,125,50,52,55,106,60,210,,186,60,32,78,,118,326,383,653,42,230,,519,43,,,,501,100,990,462,1500,150,950,450,29,12
2016-09-09,1165,882,749,541,400,979,837,783,1494,1171,344,66,125,50,52,55,106,60,210,,186,60,32,78,,118,326,384,653,42,230,,519,43,,,,501,100,990,460,1500,150,950,450,29,12
2016-09-16,1165,882,749,541,400,979,837,783,1494,1171,344,66,125,50,52,55,106,60,210,,186,60,32,78,,118,326,377,653,42,230,,519,43,,,,501,100,990,460,1500,150,950,450,29,12
2016-09-23,1165,882,749,541,400,979,837,783,1494,1171,344,66,125,50,52,55,106,60,210,,186,60,32,78,,118,326,379,653,42,230,,519,43,,,,501,100,990,463,1500,150,950,450,29,12
2016-09-30,1165,882,749,541,400,979,837,783,1494,1171,344,66,125,50,52,55,106,60,210,,186,60,32,78,,118,326,374,653,42,230,,519,43,,,,501,100,990,463,1500,150,950,450,29,12
2016-10-07,1165,882,749,541,400,979,837,783,1494,1171,344,66,125,50,52,55,106,60,210,,186,60,32,78,,118,326,371,653,42,230,,519,43,,,,501,100,990,461,1500,150,950,450,29,12
2016-10-14,1165,882,749,541,400,979,837,783,1494,1171,344,66,125,50,52,55,106,60,210,,186,60,32,78,,118,326,371,653,42,230,,519,43,,,,501,100,990,462,1500,150,950,450,29,12
2016-10-21,1165,882,749,541,400,979,837,783,1494,1171,344,66,125,50,52,55,106,60,210,,186,60,32,78,,118,326,369,653,42,230,,519,43,,,,501,100,990,461,1500,150,950,450,29,12
2016-10-28,1165,882,749,541,400,979,837,783,1494,1171,344,66,125,50,52,55,106,60,210,,186,60,32,78,,118,326,369,653,42,230,,519,43,,,,501,100,990,461,1500,150,950,450,29,12
2016-11-04,1165,882,749,541,400,979,837,783,1494,1171,344,66,125,50,52,55,106,60,210,,186,60,32,78,,118,326,369,653,42,230,,519,43,,,,501,100,990,461,1500,150,950,450,29,12
2016-11-11,1165,882,749,541,400,979,837,783,1494,1171,344,66,125,50,52,55,106,60,210,,186,60,32,78,,118,326,369,653,42,230,,519,43,,,,501,100,990,461,1500,150,950,450,29,12
2016-11-18,1165,882,749,541,400,979,837,783,1494,1171,344,66,125,50,52,55,106,60,210,,186,60,32,78,,118,326,376,653,42,230,,519,43,,,,501,100,990,462,1500,150,950,450,29,12
2016-11-25,1165,882,749,541,400,979,837,783,1494,1171,344,66,125,50,52,55,106,60,210,,186,60,32,78,,118,326,379,653,42,230,,519,43,,,,501,100,990,464,1500,150,950,450,29,12
2016-12-02,1165,882,749,541,400,979,837,783,1494,1171,344,66,125,50,52,55,106,60,210,,186,60,32,78,,118,326,379,653,42,230,,519,43,,,,501,100,990,465,1500,150,950,450,29,12
2016-12-09,1165,882,749,541,400,979,837,783,1494,1171,344,66,125,50,52,55,106,60,210,,186,60,32,78,,118,326,377,653,42,230,,519,43,,,,501,100,990,460,1500,150,950,450,29,12
2016-12-16,1165,882,749,541,400,979,837,783,1494,1021,344,66,125,50,52,55,106,60,210,,186,60,32,78,,118,326,376,653,42,230,,519,43,,,,501,100,990,462,1500,150,950,450,29,12
2016-12-23,1165,882,749,541,400,979,837,783,1494,1021,344,66,125,50,52,55,106,60,210,,186,60,32,78,,118,326,375,653,42,230,,519,43,,,,501,100,990,460,1500,150,950,450,29,12
2016-12-30,1165,882,749,541,400,979,837,783,1494,1021,344,66,125,50,52,55,106,60,210,,186,60,32,78,,118,326,377,653,42,230,,519,43,,,,501,100,990,460,1500,150,950,450,29,12
2017-01-06,1165,882,749,541,400,979,837,783,1494,1171,344,66,125,50,52,55,106,60,210,,186,60,32,78,,118,326,375,653,42,230,,519,43,,,,501,100,990,461,1500,150,950,450,29,12
2017-01-13,1165,882,749,541,400,979,837,783,1494,1171,344,66,125,50,52,55,106,60,210,,186,60,32,78,,118,326,377,653,42,230,,519,43,,,,501,100,990,461,1500,150,950,450,29,12
2017-01-20,1165,882,749,541,400,979,837,783,1494,1171,344,66,125,50,52,55,106,60,210,,186,60,32,78,,118,326,376,653,42,230,,519,43,,,,501,100,990,460,1500,150,950,450,29,12
2017-01-27,1165,882,749,541,400,979,837,783,1494,1171,344,66,125,50,52,55,106,60,210,,186,60,32,78,,118,326,371,653,42,230,,519,43,,,,501,100,990,461,1500,150,950,450,29,12
2017-02-03,1165,882,749,541,400,979,837,783,1494,1021,344,66,125,50,52,55,106,60,210,,186,60,32,78,,118,326,373,653,42,230,,519,43,,,,501,100,990,461,1500,150,950,450,29,12
2017-02-10,1165,882,749,541,400,979,837,783,1494,1021,344,66,125,50,52,55,106,60,210,,186,60,32,78,,118,326,373,653,42,230,,519,43,,,,501,100,990,461,1500,150,950,450,29,12
2017-02-17,1165,882,749,541,400,979,837,783,1494,1171,344,66,125,50,52,55,106,60,210,,186,60,32,78,,118,326,375,653,42,230,,519,43,,,,501,100,990,460,1500,150,950,450,29,12
2017-02-24,1165,882,749,541,400,979,837,783,1494,1171,344,66,125,50,52,55,106,60,210,,186,60,32,78,,118,326,368,653,42,230,,519,43,,,,501,100,990,460,1500,150,950,450,29,12
2017-03-03,1165,882,749,541,400,979,837,783,1494,1171,344,66,125,50,52,55,106,60,210,,186,60,32,78,,118,326,372,653,42,230,,519,43,,,,501,100,990,461,1500,150,950,450,29,12
2017-03-10,1165,882,749,541,400,979,837,783,1494,1171,344,66,125,50,52,55,106,60,210,,186,60,32,78,,118,326,374,653,42,230,,519,43,,,,501,100,990,460,1500,150,950,450,29,12
2017-03-17,1165,882,749,541,400,979,837,783,1494,1171,344,66,125,50,52,55,106,60,210,,186,60,32,78,,118,326,380,653,42,230,,519,43,,,,501,100,990,460,1500,150,950,450,29,12
2017-03-24,1165,882,749,541,400,979,837,783,1494,1171,344,66,125,50,52,55,106,60,210,,186,60,32,78,,118,326,379,653,42,230,,519,43,,,,501,100,990,462,1500,150,950,450,29,12
2017-03-31,1165,882,749,541,400,979,837,783,1494,1171,344,66,125,50,52,55,106,60,210,,186,60,32,78,,118,326,376,653,42,230,,519,43,,,,501,100,990,460,1500,150,950,450,29,12
2017-04-07,1165,882,749,541,400,979,837,783,1494,1171,344,66,125,50,52,55,106,60,210,,186,60,32,78,,118,326,375,653,42,230,,519,43,,,,501,100,990,460,1500,150,950,450,29,12
2017-04-14,1165,882,749,541,400,979,837,783,1494,1171,344,66,125,50,52,55,106,60,210,,186,60,32,78,,118,326,376,653,42,230,,519,43,,,,501,100,990,463,1500,150,950,450,29,12
2017-04-21,1165,882,749,541,400,979,837,783,1494,1171,344,66,125,50,52,55,106,60,210,,186,60,32,78,,118,326,377,653,42,230,,519,43,,,,501,100,990,460,1500,150,950,450,29,12
2017-04-28,1165,882,749,541,400,979,837,783,1494,1171,344,66,125,50,52,55,106,60,210,,186,60,32,78,,118,326,378,653,42,230,,519,43,,,,501,100,990,460,1500,150,950,450,29,12
2017-05-05,1165,882,749,541,400,979,837,783,1494,1171,344,66,125,50,52,55,106,60,210,,186,60,32,78,,118,326,383,653,42,230,,519,43,,,,501,100,990,462,1500,150,950,450,29,12
2017-05-12,1165,882,749,541,400,979,837,783,1494,1171,344,66,125,50,52,55,106,60,210,,186,60,32,78,,118,326,381,653,42,230,,519,43,,,,501,100,990,462,1500,150,950,450,29,12
2017-05-19,1165,882,749,541,400,979,837,783,1494,1171,344,66,125,50,52,55,106,60,210,,186,60,32,78,,118,326,379,653,42,230,,519,43,,,,501,100,990,460,1500,150,950,450,29,12
2017-05-26,1165,882,749,541,400,979,837,783,1494,1171,344,66,125,50,52,55,106,60,210,,186,60,32,78,,118,326,378,653,42,230,,519,43,,,,501,100,990,460,1500,150,950,450,29,12
2017-06-02,1165,882,749,541,400,979,837,783,1494,1171,344,66,125,50,52,55,106,60,210,,186,60,32,78,,118,326,379,653,42,230,,519,43,,,,501,100,990,461,1500,150,950,450,29,12
2017-06-09,1165,882,749,541,400,979,837,783,1494,1171,344,66,125,50,52,55,106,60,210,,186,60,32,78,,118,326,377,653,42,230,,519,43,,,,501,100,990,460,1500,150,950,450,29,12
2017-06-16,1165,882,749,541,400,979,837,783,1494,1171,344,66,125,50,52,55,106,60,210,,186,60,32,78,,118,326,376,653,42,230,,519,43,,,,501,100,990,462,1500,150,950,450,29,12
2017-06-23,1165,882,749,541,400,979,837,783,1494,1171,344,66,125,50,52,55,106,60,210,,186,60,32,78,,118,326,376,653,42,230,,519,43,,,,501,100,990,461,1500,150,950,450,29,12
2017-06-30,1165,882,749,541,400,979,837,783,1494,1171,344,66,125,50,52,55,106,60,210,,186,60,32,78,,118,326,373,653,42,230,,519,43,,,,501,100,990,462,1500,150,950,450,29,12
2017-07-07,1165,882,749,541,400,979,837,783,1494,1171,344,66,125,50,52,55,106,60,210,,186,60,32,78,,118,326,378,653,42,230,,519,43,,,,501,100,990,462,1500,150,950,450,29,12
2017-07-14,1165,882,749,541,400,979,837,783,1494,1171,344,66,125,50,52,55,106,60,210,,186,60,32,78,,118,326,373,653,42,230,,519,43,,,,501,100,990,462,1500,150,950,450,29,12
2017-07-21,1165,882,749,541,400,979,837,783,1494,1171,344,66,125,50,52,55,106,60,210,,186,60,32,78,,118,326,371,653,42,230,,519,43,,,,501,100,990,462,1500,150,950,450,29,12
2017-07-28,1165,882,749,541,400,979,837,783,1494,1171,344,66,125,50,52,55,106,60,210,,186,60,32,78,,118,326,371,653,42,230,,519,43,,,,501,100,990,462,1500,150,950,450,29,12
2017-08-04,1165,882,749,541,400,979,837,783,1494,1171,344,66,125,50,52,55,106,60,210,,186,60,32,78,,118,326,368,653,42,230,,519,43,,,,501,100,990,461,1500,150,950,450,29,12
2017-08-11,1165,882,749,541,400,979,837,783,1494,1171,344,66,125,50,52,55,106,60,210,,186,60,32,78,,118,326,368,653,42,230,,519,43,,,,501,100,990,461,1500,150,950,450,29,12
2017-08-18,1165,882,749,541,400,979,837,783,1494,1171,344,66,125,50,52,55,106,60,210,,186,60,32,78,,118,326,369,653,42,230,,519,43,,,,501,100,990,461,1500,150,950,450,29,12
2017-08-25,1165,882,749,541,400,979,837,783,1494,1171,344,66,125,50,52,55,106,60,210,,186,60,32,78,,118,326,375,653,42,230,,519,43,,,,501,100,990,462,1500,150,950,450,29,12
2017-09-01,1165,882,749,541,400,979,837,783,1494,1171,344,66,125,50,52,55,106,60,210,,186,60,32,78,,118,326,377,653,42,230,,519,43,,,,501,100,990,464,1500,150,950,450,29,12
2017-09-08,1165,882,749,541,400,979,837,783,1494,1171,344,66,125,50,52,55,106,60,210,,186,60,32,78,,118,326,374,653,42,230,,519,43,,,,501,100,990,463,1500,150,950,450,29,12
2017-09-15,1165,882,749,541,400,979,837,783,1494,1171,344,66,125,50,52,55,106,60,210,,186,60,32,78,,118,326,375,653,42,230,,519,43,,,,501,100,990,463,1500,150,950,450,29,12
2017-09-22,1165,882,749,541,400,979,837,783,1494,1171,344,66,125,50,52,55,106,60,210,,186,60,32,78,,118,326,377,653,42,230,,519,43,,,,501,100,990,463,1500,150,950,450,29,12
2017-09-29,1165,882,749,541,400,979,837,783,1494,1171,344,66,125,50,52,55,106,60,210,,186,60,32,78,,118,326,382,653,42,230,,519,43,,,,501,100,990,462,1500,150,950,450,29,12
2017-10-06,1165,882,749,541,400,979,837,783,1494,1171,344,66,125,50,52,55,106,60,210,,186,60,32,78,,118,326,380,653,42,230,,519,43,,,,501,100,990,462,1500,150,950,450,29,12
2017-10-13,1165,882,749,541,400,979,837,783,1494,1171,344,66,125,50,52,55,106,60,210,,186,60,32,78,,118,326,383,653,42,230,,519,43,,,,501,100,990,463,1500,150,950,450,29,12
2017-10-20,1165,882,749,541,400,979,837,783,1494,1171,344,66,125,50,52,55,106,60,210,,186,60,32,78,,118,326,379,653,42,230,,519,43,,,,501,100,990,462,1500,150,950,450,29,12
2017-10-27,1165,882,749,541,400,979,837,783,1494,1171,344,66,125,50,52,55,106,60,210,,186,60,32,78,,118,326,372,653,42,230,,519,43,,,,501,100,990,463,1500,150,950,450,29,12
2017-11-03,1165,882,749,541,400,979,837,783,1494,1171,344,66,125,50,52,55,106,60,210,,186,60,32,78,,118,326,372,653,42,230,,519,43,,,,501,100,990,464,1500,150,950,450,29,12
2017-11-10,1165,882,749,541,400,979,837,783,1494,1171,344,66,125,50,52,55,106,60,210,,186,60,32,78,,118,326,376,653,42,230,,519,43,,,,501,100,990,467,1500,150,950,450,29,12
2017-11-17,1165,882,749,541,400,979,837,783,1494,1171,344,66,125,50,52,55,106,60,210,,186,60,32,78,,118,326,373,653,42,230,,519,43,,,,501,100,990,468,1500,150,950,450,29,12
2017-11-24,1165,882,749,541,400,979,837,783,1494,1171,344,66,125,50,52,55,106,60,210,,186,60,32,78,,118,326,372,653,42,230,,519,43,,,,501,100,990,465,1500,150,950,450,29,12
2017-12-01,1165,882,749,541,400,979,837,783,1494,1171,344,66,125,50,52,55,106,60,210,,186,60,32,78,,118,326,376,653,42,230,,519,43,,,,501,100,990,463,1500,150,950,450,29,12
2017-12-08,1165,882,749,541,400,979,837,783,1494,1171,344,66,125,50,52,55,106,60,210,,186,60,32,78,,118,326,381,653,42,230,,519,43,,,,501,100,990,463,1500,150,950,450,29,12
2017-12-15,1165,882,749,541,400,979,837,783,1494,1171,344,66,125,50,52,55,106,60,210,,186,60,32,78,,118,326,383,653,42,230,,519,43,,,,501,100,990,465,1500,150,950,450,29,12
2017-12-22,1165,882,749,541,400,979,837,783,1494,1171,344,66,125,50,52,55,106,60,210,,186,60,32,78,,118,326,384,653,42,230,,519,43,,,,501,100,990,465,1500,150,950,450,29,12
2017-12-29,1165,882,749,541,400,979,837,783,1494,1171,344,66,125,50,52,55,106,60,210,,186,60,32,78,,118,326,385,653,42,230,,519,43,,,,501,100,990,462,1500,150,950,450,29,12
2018-01-05,1165,882,749,541,400,979,837,783,1494,1171,344,66,125,50,52,55,106,60,210,,186,60,32,78,,118,326,382,653,42,230,,519,43,,,,501,100,990,462,1500,150,950,450,29,12
2018-01-12,1165,882,749,541,400,979,837,783,1494,1171,344,66,125,50,52,55,106,60,210,,186,60,32,78,,118,326,380,653,42,230,,519,43,,,,501,100,990,462,1500,150,950,450,29,12
2018-01-19,1165,882,749,541,400,979,837,783,1494,1171,344,66,125,50,52,55,106,60,210,,186,60,32,78,,118,326,379,653,42,230,,519,43,,,,501,100,990,465,1500,150,950,450,29,12
2018-01-26,1165,882,749,541,400,979,837,783,1494,1171,344,66,125,50,52,55,106,60,210,,186,60,32,78,,118,326,380,653,42,230,,519,43,,,,501,100,990,462,1500,150,950,450,29,12
2018-02-02,1165,882,749,541,400,979,837,783,1494,1171,344,66,125,50,52,55,106,60,210,,186,60,32,78,,118,326,383,653,42,230,,519,43,,,,501,100,990,463,1500,150,950,450,29,12
2018-02-09,1165,882,749,541,400,979,837,783,1494,1171,344,66,125,50,52,55,106,60,210,,186,60,32,78,,118,326,375,653,42,230,,519,43,,,,501,100,990,462,1500,150,950,450,29,12
2018-02-16,1165,882,749,541,400,979,837,783,1494,1171,344,66,125,50,52,55,106,60,210,,186,60,32,78,,118,326,371,653,42,230,,519,43,,,,501,100,990,461,1500,150,950,450,29,12
2018-02-23,1165,882,749,541,400,979,837,783,1494,1171,344,66,125,50,52,55,106,60,210,,186,60,32,78,,118,326,370,653,42,230,,519,43,,,,501,100,990,460,1500,150,950,450,29,12
2018-03-02,1165,882,749,541,400,979,837,783,1494,1171,344,66,125,50,52,55,106,60,210,,186,60,32,78,,118,326,371,653,42,230,,519,43,,,,501,100,990,462,1500,150,950,450,29,12
2018-03-09,1165,882,749,541,400,979,837,783,1494,1171,344,66,125,50,52,55,106,60,210,,186,60,32,78,,118,326,372,653,42,230,,519,43,,,,501,100,990,460,1500,150,950,450,29,12
2018-03-16,1165,882,749,541,400,979,837,783,1494,1171,344,66,125,50,52,55,106,60,210,,186,60,32,78,,118,326,368,653,42,230,,519,43,,,,501,100,990,462,1500,150,950,450,29,12
2018-03-23,1165,882,749,541,400,979,837,783,1494,1171,344,66,125,50,52,55,106,60,210,,186,60,32,78,,118,326,367,653,42,230,,519,43,,,,501,100,990,461,1500,150,950,450,29,12
2018-03-30,1165,882,749,541,400,979,837,783,1494,1171,344,66,125,50,52,55,106,60,210,,186,60,32,78,,118,326,368,653,42,230,,519,43,,,,501,100,990,460,1500,150,950,450,29,12
2018-04-06,1165,882,749,541,400,979,837,783,1494,1171,344,66,125,50,52,55,106,60,210,,186,60,32,78,,118,326,364,653,42,230,,519,43,,,,501,100,990,460,1500,150,950,450,29,12
2018-04-13,1165,882,749,541,400,979,837,783,1494,1171,344,66,125,50,52,55,106,60,210,,186,60,32,78,,118,326,366,653,42,230,,519,43,,,,501,100,990,463,1500,150,950,450,29,12
2018-04-20,1165,882,749,541,400,979,837,783,1494,1171,344,66,125,50,52,55,106,60,210,,186,60,32,78,,118,326,369,653,42,230,,519,43,,,,501,100,990,461,1500,150,950,450,29,12
2018-04-27,1165,882,749,541,400,979,837,783,1494,1171,344,66,125,50,52,55,106,60,210,,186,60,32,78,,118,326,365,653,42,230,,519,43,,,,501,100,990,461,1500,150,950,450,29,12
2018-05-04,1165,882,749,541,400,979,837,783,1494,1171,344,66,125,50,52,55,106,60,210,,186,60,32,78,,118,326,361,653,42,230,,519,43,,,,501,100,990,461,1500,150,950,450,29,12
2018-05-11,1165,882,749,541,400,979,837,783,1494,1171,344,66,125,50,52,55,106,60,210,,186,60,32,78,,118,326,367,653,42,230,,519,43,,,,501,100,990,461,1500,150,950,450,29,12
2018-05-18,1165,882,749,541,400,979,837,783,1494,1171,344,66,125,50,52,55,106,60,210,,186,60,32,78,,118,326,370,653,42,230,,519,43,,,,501,100,990,460,1500,150,950,450,29,12
2018-05-25,1165,882,749,541,400,979,837,783,1494,1171,344,66,125,50,52,55,106,60,210,,186,60,32,78,,118,326,370,653,42,230,,519,43,,,,501,100,990,461,1500,150,950,450,29,12
2018-06-01,1165,882,749,541,400,979,837,783,1494,1171,344,66,125,50,52,55,106,60,210,,186,60,32,78,,118,326,367,653,42,230,,519,43,,,,501,100,990,460,1500,150,950,450,29,12
2018-06-08,1165,882,749,541,400,979,837,783,1494,1171,344,66,125,50,52,55,106,60,210,,186,60,32,78,,118,326,367,653,42,230,,519,43,,,,501,100,990,461,1500,150,950,450,29,12
2018-06-15,1165,882,749,541,400,979,837,783,1494,1171,344,66,125,50,52,55,106,60,210,,186,60,32,78,,118,326,369,653,42,230,,519,43,,,,501,100,990,461,1500,150,950,450,29,12
2018-06-22,1165,882,749,541,400,979,837,783,1494,1171,344,66,125,50,52,55,106,60,210,,186,60,32,78,,118,326,371,653,42,230,,519,43,,,,501,100,990,460,1500,150,950,450,29,12
2018-06-29,1165,882,749,541,400,979,837,783,1494,1171,344,66,125,50,52,55,106,60,210,,186,60,32,78,,118,326,368,653,42,230,,519,43,,,,501,100,990,461,1500,150,950,450,29,12
2018-07-06,1165,882,749,541,400,979,837,783,1494,1171,344,66,125,50,52,55,106,60,210,,186,60,32,78,,118,326,371,653,42,230,,519,43,,,,501,100,990,461,1500,150,950,450,29,12
2018-07-13,1165,882,749,541,400,979,837,783,1494,1171,344,66,125,50,52,55,106,60,210,,186,60,32,78,,118,326,370,653,42,230,,519,43,,,,501,100,990,462,1500,150,950,450,29,12
2018-07-20,1165,882,749,541,400,979,837,783,1494,1171,344,66,125,50,52,55,106,60,210,,186,60,32,78,,118,326,367,653,42,230,,519,43,,,,501,100,990,461,1500,150,950,450,29,12
2018-07-27,1165,882,749,541,400,979,837,783,1494,1171,344,66,125,50,52,55,106,60,210,,186,60,32,78,,118,326,376,653,42,230,,519,43,,,,501,100,990,461,1500,150,950,450,29,12
2018-08-03,1165,882,749,541,400,979,837,783,1494,1171,344,66,125,50,52,55,106,60,210,,186,60,32,78,,118,326,377,653,42,230,,519,43,,,,501,100,990,460,1500,150,950,450,29,12
2018-08-10,1165,882,749,541,400,979,837,783,1494,1171,344,66,125,50,52,55,106,60,210,,186,60,32,78,,118,326,376,653,42,230,,519,43,,,,501,100,990,462,1500,150,950,450,29,12
2018-08-17,1165,882,749,541,400,979,837,783,1494,1171,344,66,125,50,52,55,106,60,210,,186,60,32,78,,118,326,377,653,42,230,,519,43,,,,501,100,990,460,1500,150,950,450,29,12
2018-08-24,1165,882,749,541,400,979,837,783,1494,1171,344,66,125,50,52,55,106,60,210,,186,60,32,78,,118,326,381,653,42,230,,519,43,,,,501,100,990,460,1500,150,950,450,29,12
2018-08-31,1165,882,749,541,400,979,837,783,1494,1171,344,66,125,50,52,55,106,60,210,,186,60,32,78,,118,326,378,653,42,230,,519,43,,,,501,100,990,461,1500,150,950,450,29,12
2018-09-07,1165,882,749,541,400,979,837,783,1494,1171,344,66,125,50,52,55,106,60,210,,186,60,32,78,,118,326,386,653,42,230,,519,43,,,,501,100,990,461,1500,150,950,450,29,12
2018-09-14,1165,882,749,541,400,979,837,783,1494,1171,344,66,125,50,52,55,106,60,210,,186,60,32,78,,118,326,401,653,42,230,,519,43,,,,501,100,990,460,1500,150,950,450,29,12
2018-09-21,1165,882,749,541,400,979,837,783,1494,1171,344,66,125,50,52,55,106,60,210,,186,60,32,78,,118,326,410,653,42,230,,519,43,,,,501,100,990,460,1500,150,950,450,29,12
2018-09-28,1165,882,749,541,400,979,837,783,1494,1171,344,66,125,50,52,55,106,60,210,,186,60,32,78,,118,326,418,653,42,230,,519,43,,,,501,100,990,460,1500,150,950,450,29,12
2018-10-05,1165,882,749,541,400,979,837,783,1494,1171,344,66,125,50,52,55,106,60,210,,186,60,32,78,,118,326,428,653,42,230,,519,43,,,,501,100,990,461,1500,150,950,450,29,12
2018-10-12,1165,882,749,541,400,979,837,783,1494,1171,344,66,125,50,52,55,106,60,210,,186,60,32,78,,118,326,437,653,42,230,,519,43,,,,501,100,990,464,1500,150,950,450,29,12
2018-10-19,1165,882,749,541,400,979,837,783,1494,1171,344,66,125,50,52,55,106,60,210,,186,60,32,78,,118,326,435,653,42,230,,519,43,,,,501,100,990,461,1500,150,950,450,29,12
2018-10-26,1165,882,749,541,400,979,837,783,1494,1171,344,66,125,50,52,55,106,60,210,,186,60,32,78,,118,326,439,653,42,230,,519,43,,,,501,100,990,462,1500,150,950,450,29,12
2018-11-02,1165,882,749,541,400,979,837,783,1494,1171,344,66,125,50,52,55,106,60,210,,186,60,32,78,,118,326,445,653,42,230,,519,43,,,,501,100,990,461,1500,150,950,450,29,12
2018-11-09,1165,882,749,541,400,979,837,783,1494,1171,344,66,125,50,52,55,106,60,210,,186,60,32,78,,118,326,448,653,42,230,,519,43,,,,501,100,990,461,1500,150,950,450,29,12
2018-11-16,1165,882,749,541,400,979,837,783,1494,1171,344,66,125,50,52,55,106,60,210,,186,60,32,78,,118,326,446,653,42,230,,519,43,,,,501,100,990,460,1500,150,950,450,29,12
2018-11-23,1165,882,749,541,400,979,837,783,1494,1171,344,66,125,50,52,55,106,60,210,,186,60,32,78,,118,326,440,653,42,230,,519,43,,,,501,100,990,461,1500,150,950,450,29,12
2018-11-30,1165,882,749,541,400,979,837,783,1494,1171,344,66,125,50,52,55,106,60,210,,186,60,32,78,,118,326,441,653,42,230,,519,43,,,,501,100,990,461,1500,150,950,450,29,12
2018-12-07,1165,882,749,541,400,979,837,783,1494,1171,344,66,125,50,52,55,106,60,210,,186,60,32,78,,118,326,444,653,42,230,,519,43,,,,501,100,990,461,1500,150,950,450,29,12
2018-12-14,1165,882,749,541,400,979,837,783,1494,1171,344,66,125,50,52,55,106,60,210,,186,60,32,78,,118,326,444,653,42,230,,519,43,,,,501,100,990,462,1500,150,950,450,29,12
2018-12-21,1165,882,749,541,400,979,837,783,1494,1171,344,66,125,50,52,55,106,60,210,,186,60,32,78,,118,326,443,653,42,230,,519,43,,,,501,100,990,461,1500,150,950,450,29,12
2018-12-28,1165,882,749,541,400,979,837,783,1494,1171,344,66,125,50,52,55,106,60,210,,186,60,32,78,,118,326,440,653,42,230,,519,43,,,,501,100,990,460,1500,150,950,450,29,12
2019-01-04,1165,882,749,541,400,979,837,783,1494,1171,344,66,125,50,52,55,106,60,210,,186,60,32,78,,118,326,437,653,42,230,,519,43,,,,501,100,990,460,1500,150,950,450,29,12
2019-01-11,1165,882,749,541,400,979,837,783,1494,1171,344,66,125,50,52,55,106,60,210,,186,60,32,78,,118,326,431,653,42,230,,519,43,,,,501,100,990,460,1500,150,950,450,29,12
2019-01-18,1165,882,749,541,400,979,837,783,1494,1171,344,66,125,50,52,55,106,60,210,,186,60,32,78,,118,326,428,653,42,230,,519,43,,,,501,100,990,460,1500,150,950,450,29,12
2019-01-25,1165,882,749,541,400,979,837,783,1494,1171,344,66,125,50,52,55,106,60,210,,186,60,32,78,,118,326,426,653,42,230,,519,43,,,,501,100,990,461,1500,150,950,450,29,12
2019-02-01,1165,882,749,541,400,979,837,783,1494,1171,344,66,125,50,52,55,106,60,210,,186,60,32,78,,118,326,421,653,42,230,,519,43,,,,501,100,990,462,1500,150,950,450,29,12
2019-02-08,1165,882,749,541,400,979,837,783,1494,1171,344,66,125,50,52,55,106,60,210,,186,60,32,78,,118,326,421,653,42,230,,519,43,,,,501,100,990,463,1500,150,950,450,29,12
2019-02-15,1165,882,749,541,400,979,837,783,1494,1171,344,66,125,50,52,55,106,60,210,,186,60,32,78,,118,326,418,653,42,230,,519,43,,,,501,100,990,461,1500,150,950,450,29,12
2019-02-22,1165,882,749,541,400,979,837,783,1494,1171,344,66,125,50,52,55,106,60,210,,186,60,32,78,,118,326,418,653,42,230,,519,43,,,,501,100,990,464,1500,150,950,450,29,12
2019-03-01,1165,882,749,541,400,979,837,783,1494,1171,344,66,125,50,52,55,106,60,210,,186,60,32,78,,118,326,416,653,42,230,,519,43,,,,501,100,990,461,1500,150,950,450,29,12
2019-03-08,1165,882,749,541,400,979,837,783,1494,1171,344,66,125,50,52,55,106,60,210,,186,60,32,78,,118,326,416,653,42,230,,519,43,,,,501,100,990,460,1500,150,950,450,29,12
2019-03-15,1165,882,749,541,400,979,837,783,1494,1171,344,66,125,50,52,55,106,60,210,,186,60,32,78,,118,326,416,653,42,230,,519,43,,,,501,100,990,460,1500,150,950,450,29,12
2019-03-22,1165,882,749,541,400,979,837,783,1494,1171,344,66,125,50,52,55,106,60,210,,186,60,32,78,,118,326,414,653,42,230,,519,43,,,,501,100,990,461,1500,150,950,450,29,12
2019-03-29,1165,882,749,541,400,979,837,783,1494,1171,344,66,125,50,52,55,106,60,210,,186,60,32,78,,118,326,410,653,42,230,,519,43,,,,501,100,990,460,1500,150,950,450,29,12
2019-04-05,1165,882,749,541,400,979,837,783,1494,1171,344,66,125,50,52,55,106,60,210,,186,60,32,78,,118,326,410,653,42,230,,519,43,,,,501,100,990,462,1500,150,950,450,29,12
2019-04-12,1165,882,749,541,400,979,837,783,1494,1171,344,66,125,50,52,55,106,60,210,,186,60,32,78,,118,326,409,653,42,230,,519,43,,,,501,100,990,460,1500,150,950,450,29,12
2019-04-19,1165,882,749,541,400,979,837,783,1494,1171,344,66,125,50,52,55,106,60,210,,186,60,32,78,,118,326,406,653,42,230,,519,43,,,,501,100,990,462,1500,150,950,450,29,12
2019-04-26,1165,882,749,541,400,979,837,783,1494,1171,344,66,125,50,52,55,106,60,210,,186,60,32,78,,118,326,406,653,42,230,,519,43,,,,501,100,990,461,1500,150,950,450,29,12
2019-05-03,1165,882,749,541,400,979,837,783,1494,1171,344,66,125,50,52,55,106,60,210,,186,60,32,78,,118,326,403,653,42,230,,519,43,,,,501,100,990,460,1500,150,950,450,29,12
2019-05-10,1165,882,749,541,400,979,837,783,1494,1171,344,66,125,50,52,55,106,60,210,,186,60,32,78,,118,326,397,653,42,230,,519,43,,,,501,100,990,461,1500,150,950,450,29,12
2019-05-17,1165,882,749,541,400,979,837,783,1494,1171,344,66,125,50,52,55,106,60,210,,186,60,32,78,,118,326,401,653,42,230,,519,43,,,,501,100,990,460,1500,150,950,450,29,12
2019-05-24,1165,882,749,541,400,979,837,783,1494,1171,344,66,125,50,52,55,106,60,210,,186,60,32,78,,118,326,403,653,42,230,,519,43,,,,501,100,990,461,1500,150,950,450,29,12
2019-05-31,1165,882,749,541,400,979,837,783,1494,1171,344,66,125,50,52,55,106,60,210,,186,60,32,78,,118,326,400,653,42,230,,519,43,,,,501,100,990,460,1500,150,950,450,29,12
2019-06-07,1165,882,749,541,400,979,837,783,1494,1171,344,66,125,50,52,55,106,60,210,,186,60,32,78,,118,326,395,653,42,230,,519,43,,,,501,100,990,461,1500,150,950,450,29,12
2019-06-14,1165,882,749,541,400,979,837,783,1494,1171,344,66,125,50,52,55,106,60,210,,186,60,32,78,,118,326,396,653,42,230,,519,43,,,,501,100,990,460,1500,150,950,450,29,12
2019-06-21,1165,882,749,541,400,979,837,783,1494,1171,344,66,125,50,52,55,106,60,210,,186,60,32,78,,118,326,396,653,42,230,,519,43,,,,501,100,990,461,1500,150,950,450,29,12
2019-06-28,1165,882,749,541,400,979,837,783,1494,1171,344,66,125,50,52,55,106,60,210,,186,60,32,78,,118,326,396,653,42,230,,519,43,,,,501,100,990,460,1500,150,950,450,29,12
2019-07-05,1165,882,749,541,400,979,837,783,1494,1171,344,66,125,50,52,55,106,60,210,,186,60,32,78,,118,326,395,653,42,230,,519,43,,,,501,100,990,460,1500,150,950,450,29,12
2019-07-12,1165,882,749,541,400,979,837,783,1494,1171,344,66,125,50,52,55,106,60,210,,186,60,32,78,,118,326,394,653,42,230,,519,43,,,,501,100,990,460,1500,150,950,450,29,12
2019-07-19,1165,882,749,541,400,979,837,783,1494,1171,344,66,125,50,52,55,106,60,210,,186,60,32,78,,118,326,392,653,42,230,,519,43,,,,501,100,990,461,1500,150,950,450,29,12
2019-07-26,1165,882,749,541,400,979,837,783,1494,1171,344,66,125,50,52,55,106,60,210,,186,60,32,78,,118,326,400,653,42,230,,519,43,,,,501,100,990,462,1500,150,950,450,29,12
2019-08-02,1165,882,749,541,400,979,837,783,1494,1171,344,66,125,50,52,55,106,60,210,,186,60,32,78,,118,326,404,653,42,230,,519,43,,,,501,100,990,461,1500,150,950,450,29,12
2019-08-09,1165,882,749,541,400,979,837,783,1494,1171,344,66,125,50,52,55,106,60,210,,186,60,32,78,,118,326,405,653,42,230,,519,43,,,,501,100,990,460,1500,150,950,450,29,12
2019-08-16,1165,882,749,541,400,979,837,783,1494,1171,344,66,125,50,52,55,106,60,210,,186,60,32,78,,118,326,401,653,42,230,,519,43,,,,501,100,990,461,1500,150,950,450,29,12
2019-08-23,1165,882,749,541,400,979,837,783,1494,1171,344,66,125,50,52,55,106,60,210,,186,60,32,78,,118,326,402,653,42,230,,519,43,,,,501,100,990,461,1500,150,950,450,29,12
2019-08-30,1165,882,749,541,400,979,837,783,1494,1171,344,66,125,50,52,55,106,60,210,,186,60,32,78,,118,326,406,653,42,230,,519,43,,,,501,100,990,461,1500,150,950,450,29,12
2019-09-06,1165,882,749,541,400,979,837,783,1494,1171,344,66,125,50,52,55,106,60,210,,186,60,32,78,,118,326,401,653,42,230,,519,43,,,,501,100,990,460,1500,150,950,450,29,12
2019-09-13,1165,882,749,541,400,979,837,783,1494,1171,344,66,125,50,52,55,106,60,210,,186,60,32,78,,118,326,423,653,42,230,,519,43,,,,501,100,990,461,1500,150,950,450,29,12
2019-09-20,1165,882,749,541,400,979,837,783,1494,1171,344,66,125,50,52,55,106,60,210,,186,60,32,78,,118,326,401,653,42,230,,519,43,,,,501,100,990,461,1500,150,950,450,29,12
2019-09-27,1165,882,749,541,400,979,837,783,1494,1171,344,66,125,50,52,55,106,60,210,,186,60,32,78,,118,326,404,653,42,230,,519,43,,,,501,100,990,460,1500,150,950,450,29,12
2019-10-04,1165,882,749,541,400,979,837,783,1494,1171,344,66,125,50,52,55,106,60,210,,186,60,32,78,,118,326,402,653,42,230,,519,43,,,,501,100,990,462,1500,150,950,450,29,12
2019-10-11,1165,882,749,541,400,979,837,783,1494,1171,344,66,125,50,52,55,106,60,210,,186,60,32,78,,118,326,403,653,42,230,,519,43,,,,501,100,990,461,1500,150,950,450,29,12
2019-10-18,1165,882,749,541,400,979,837,783,1494,1171,344,66,125,50,52,55,106,60,210,,186,60,32,78,,118,326,406,653,42,230,,519,43,,,,501,100,990,462,1500,150,950,450,29,12
2019-10-25,1165,882,749,541,400,979,837,783,1494,1171,344,66,125,50,52,55,106,60,210,,186,60,32,78,,118,326,397,653,42,230,,519,43,,,,501,100,990,460,1500,150,950,450,29,12
2019-11-01,1165,882,749,541,400,979,837,783,1494,1171,344,66,125,50,52,55,106,60,210,,186,60,32,78,,118,326,391,653,42,230,,519,43,,,,501,100,990,461,1500,150,950,450,29,12
2019-11-08,1165,882,749,541,400,979,837,783,1494,1171,344,66,125,50,52,55,106,60,210,,186,60,32,78,,118,326,390,653,42,230,,519,43,,,,501,100,990,460,1500,150,950,450,29,12
2019-11-15,1165,882,749,541,400,979,837,783,1494,1171,344,66,125,50,52,55,106,60,210,,186,60,32,78,,118,326,392,653,42,230,,519,43,,,,501,100,990,460,1500,150,950,450,29,12
2019-11-22,1165,882,749,541,400,979,837,783,1494,1171,344,66,125,50,52,55,106,60,210,,186,60,32,78,,118,326,393,653,42,230,,519,43,,,,501,100,990,461,1500,150,950,450,29,12
2019-11-29,1165,882,749,541,400,979,837,783,1494,1171,344,66,125,50,52,55,106,60,210,,186,60,32,78,,118,326,391,653,42,230,,519,43,,,,501,100,990,461,1500,150,950,450,29,12
2019-12-06,1165,882,749,541,400,979,837,783,1494,1171,344,66,125,50,52,55,106,60,210,,186,60,32,78,,118,326,390,653,42,230,,519,43,,,,501,100,990,462,1500,150,950,450,29,12
2019-12-13,1165,882,749,541,400,979,837,783,1494,1171,344,66,125,50,52,55,106,60,210,,186,60,32,78,,118,326,398,653,42,230,,519,43,,,,501,100,990,461,1500,150,950,450,29,12
2019-12-20,1165,882,749,541,400,979,837,783,1494,1171,344,66,125,50,52,55,106,60,210,,186,60,32,78,,118,326,405,653,42,230,,519,43,,,,501,100,990,460,1500,150,950,450,29,12
2019-12-27,1165,882,749,541,400,979,837,783,1494,1171,344,66,125,50,52,55,106,60,210,,186,60,32,78,,118,326,402,653,42,230,,519,43,,,,501,100,990,460,1500,150,950,450,29,12
2020-01-03,1165,882,749,541,400,979,837,783,1494,1171,344,66,125,50,52,55,106,60,210,,186,60,32,78,,118,326,396,653,42,230,,519,43,,,,501,100,990,460,1500,150,950,450,29,12
2020-01-10,1165,882,749,541,400,979,837,783,1494,1171,344,66,125,50,52,55,106,60,210,,186,60,32,78,,118,326,396,653,42,230,,519,43,,,,501,100,990,460,1500,150,950,450,29,12
2020-01-17,1165,882,749,541,400,979,837,783,1494,1171,344,66,125,50,52,55,106,60,210,,186,60,32,78,,118,326,397,653,42,230,,519,43,,,,501,100,990,461,1500,150,950,450,29,12
2020-01-24,1165,882,749,541,400,979,837,783,1494,1171,344,66,125,50,52,55,106,60,210,,186,60,32,78,,118,326,398,653,42,230,,519,43,,,,501,100,990,463,1500,150,950,450,29,12
2020-01-31,1165,882,749,541,400,979,837,783,1494,1171,344,66,125,50,52,55,106,60,210,,186,60,32,78,,118,326,404,653,42,230,,519,43,,,,501,100,990,466,1500,150,950,450,29,12
2020-02-07,1165,882,749,541,400,979,837,783,1494,1171,344,66,125,50,52,55,106,60,210,,186,60,32,78,,118,326,403,653,42,230,,519,43,,,,501,100,990,462,1500,150,950,450,29,12
2020-02-14,1165,882,749,541,400,979,837,783,1494,1171,344,66,125,50,52,55,106,60,210,,186,60,32,78,,118,326,407,653,42,230,,519,43,,,,501,100,990,460,1500,150,950,450,29,12
2020-02-21,1165,882,749,541,400,979,837,783,1494,1171,344,66,125,50,52,55,106,60,210,,186,60,32,78,,118,326,402,653,42,230,,519,43,,,,501,100,990,460,1500,150,950,450,29,12
2020-02-28,1165,882,749,541,400,979,837,783,1494,1171,344,66,125,50,52,55,106,60,210,,186,60,32,78,,118,326,402,653,42,230,,519,43,,,,501,100,990,460,1500,150,950,450,29,12
2020-03-06,1165,882,749,541,400,979,837,783,1494,1171,344,66,125,50,52,55,106,60,210,,186,60,32,78,,118,326,398,653,42,230,,519,43,,,,501,100,990,461,1500,150,950,450,29,12
2020-03-13,1165,882,749,541,400,979,837,783,1494,1171,344,66,125,50,52,55,106,60,210,,186,60,32,78,,118,326,397,653,42,230,,519,43,,,,501,100,990,460,1500,150,950,450,29,12
2020-03-20,1165,882,749,541,400,979,837,783,1494,1171,344,66,125,50,52,55,106,60,210,,186,60,32,78,,118,326,394,653,42,230,,519,43,,,,501,100,990,460,1500,150,950,450,29,12
2020-03-27,1165,882,749,541,400,979,837,783,1494,1171,344,66,125,50,52,55,106,60,210,,186,60,32,78,,118,326,394,653,42,230,,519,43,,,,501,100,990,460,1500,150,950,450,29,12
2020-04-03,1165,882,749,541,400,979,837,783,1494,1171,344,66,125,50,52,55,106,60,210,,186,60,32,78,,118,326,390,653,42,230,,519,43,,,,501,100,990,460,1500,150,950,450,29,12
2020-04-10,1165,882,749,541,400,979,837,783,1494,1171,344,66,125,50,52,55,106,60,210,,186,60,32,78,,118,326,388,653,42,230,,519,43,,,,501,100,990,460,1500,150,950,450,29,12
2020-04-17,1165,882,749,541,400,979,837,783,1494,1171,344,66,125,50,52,55,106,60,210,,186,60,32,78,,118,326,380,653,42,230,,519,43,,,,501,100,990,460,1500,150,950,450,29,12
2020-04-24,1165,882,749,541,400,979,837,783,1494,1171,344,66,125,50,52,55,106,60,210,,186,60,32,78,,118,326,375,653,42,230,,519,43,,,,501,100,990,463,1500,150,950,450,29,12
2020-05-01,1165,882,749,541,400,979,837,783,1494,1171,344,66,125,50,52,55,106,60,210,,186,60,32,78,,118,326,374,653,42,230,,519,43,,,,501,100,990,463,1500,150,950,450,29,12
2020-05-08,1165,882,749,541,400,979,837,783,1494,1171,344,66,125,50,52,55,106,60,210,,186,60,32,78,,118,326,370,653,42,230,,519,43,,,,501,100,990,464,1500,150,950,450,29,12
2020-05-15,1165,882,749,541,400,979,837,783,1494,1171,344,66,125,50,52,55,106,60,210,,186,60,32,78,,118,326,367,653,42,230,,519,43,,,,501,100,990,466,1500,150,950,450,29,12
2020-05-22,1165,882,749,541,400,979,837,783,1494,1171,344,66,125,50,52,55,106,60,210,,186,60,32,78,,118,326,369,653,42,230,,519,43,,,,501,100,990,466,1500,150,950,450,29,12
2020-05-29,1165,882,749,541,400,979,837,783,1494,1171,344,66,125,50,52,55,106,60,210,,186,60,32,78,,118,326,366,653,42,230,,519,43,,,,501,100,990,468,1500,150,950,450,29,12
2020-06-05,1165,882,749,541,400,979,837,783,1494,1171,344,66,125,50,52,55,106,60,210,,186,60,32,78,,118,326,364,653,42,230,,519,43,,,,501,100,990,461,1500,150,950,450,29,12
2020-06-12,1165,882,749,541,400,979,837,783,1494,1171,344,66,125,50,52,55,106,60,210,,186,60,32,78,,118,326,363,653,42,230,,519,43,,,,501,100,990,463,1500,150,950,450,29,12
2020-06-19,1165,882,749,541,400,979,837,783,1494,1171,344,66,125,50,52,55,106,60,210,,186,60,32,78,,118,326,359,653,42,230,,519,43,,,,501,100,990,463,1500,150,950,450,29,12
2020-06-26,1165,882,749,541,400,979,837,783,1494,1171,344,66,125,50,52,55,106,60,210,,186,60,32,78,,118,326,364,653,42,230,,519,43,,,,501,100,990,464,1500,150,950,450,29,12
2020-07-03,1165,882,749,541,400,979,837,783,1494,1171,344,66,125,50,52,55,106,60,210,,186,60,32,78,,118,326,360,653,42,230,,519,43,,,,501,100,990,463,1500,150,950,450,29,12
2020-07-10,1165,882,749,541,400,979,837,783,1494,1171,344,66,125,50,52,55,106,60,210,,186,60,32,78,,118,326,367,653,42,230,,519,43,,,,501,100,990,463,1500,150,950,450,29,12
2020-07-17,1165,882,749,541,400,979,837,783,1494,1171,344,66,125,50,52,55,106,60,210,,186,60,32,78,,118,326,365,653,42,230,,519,43,,,,501,100,990,462,1500,150,950,450,29,12
2020-07-24,1165,882,749,541,400,979,837,783,1494,1171,344,66,125,50,52,55,106,60,210,,186,60,32,78,,118,326,370,653,42,230,,519,43,,,,501,100,990,461,1500,150,950,450,29,12
2020-07-31,1165,882,749,541,400,979,837,783,1494,1171,344,66,125,50,52,55,106,60,210,,186,60,32,78,,118,326,377,653,42,230,,519,43,,,,501,100,990,460,1500,150,950,450,29,12
2020-08-07,1165,882,749,541,400,979,837,783,1494,1171,344,66,125,50,52,55,106,60,210,,186,60,32,78,,118,326,379,653,42,230,,519,43,,,,501,100,990,460,1500,150,950,450,29,12
2020-08-14,1165,882,749,541,400,979,837,783,1494,1171,344,66,125,50,52,55,106,60,210,,186,60,32,78,,118,326,382,653,42,230,,519,43,,,,501,100,990,461,1500,150,950,450,29,12
2020-08-21,1165,882,749,541,400,979,837,783,1494,1171,344,66,125,50,52,55,106,60,210,,186,60,32,78,,118,326,379,653,42,230,,519,43,,,,501,100,990,461,1500,150,950,450,29,12
2020-08-28,1165,882,749,541,400,979,837,783,1494,1171,344,66,125,50,52,55,106,60,210,,186,60,32,78,,118,326,378,653,42,230,,519,43,,,,501,100,990,462,1500,150,950,450,29,12
2020-09-04,1165,882,749,541,400,979,837,783,1494,1171,344,66,125,50,52,55,106,60,210,,186,60,32,78,,118,326,373,653,42,230,,519,43,,,,501,100,990,464,1500,150,950,450,29,12
2020-09-11,1165,882,749,541,400,979,837,783,1494,1171,344,66,125,50,52,55,106,60,210,,186,60,32,78,,118,326,370,653,42,230,,519,43,,,,501,100,990,462,1500,150,950,450,29,12
2020-09-18,1165,882,749,541,400,979,837,783,1494,1171,344,66,125,50,52,55,106,60,210,,186,60,32,78,,118,326,374,653,42,230,,519,43,,,,501,100,990,463,1500,150,950,450,29,12
2020-09-25,1165,882,749,541,400,979,837,783,1494,1171,344,66,125,50,52,55,106,60,210,,186,60,32,78,,118,326,370,653,42,230,,519,43,,,,501,100,990,463,1500,150,950,450,29,12
2020-10-02,1165,882,749,541,400,979,837,783,1494,1171,344,66,125,50,52,55,106,60,210,,186,60,32,78,,118,326,369,653,42,230,,519,43,,,,501,100,990,463,1500,150,950,450,29,12
2020-10-09,1165,882,749,541,400,979,837,783,1494,1171,344,66,125,50,52,55,106,60,210,,186,60,32,78,,118,326,363,653,42,230,,519,43,,,,501,100,990,463,1500,150,950,450,29,12
2020-10-16,1165,882,749,541,400,979,837,783,1494,1171,344,66,125,50,52,55,106,60,210,,186,60,32,78,,118,326,361,653,42,230,,519,43,,,,501,100,990,464,1500,150,950,450,29,12
2020-10-23,1165,882,749,541,400,979,837,783,1494,1171,344,66,125,50,52,55,106,60,210,,186,60,32,78,,118,326,363,653,42,230,,519,43,,,,501,100,990,463,1500,150,950,450,29,12
2020-10-30,1165,882,749,541,400,979,837,783,1494,1171,344,66,125,50,52,55,106,60,210,,186,60,32,78,,118,326,364,653,42,230,,519,43,,,,501,100,990,463,1500,150,950,450,29,12
2020-11-06,1165,882,749,541,400,979,837,783,1494,1171,344,66,125,50,52,55,106,60,210,,186,60,32,78,,118,326,364,653,42,230,,519,43,,,,501,100,990,463,1500,150,950,450,29,12
2020-11-13,1165,882,749,541,400,979,837,783,1494,1171,344,66,125,50,52,55,106,60,210,,186,60,32,78,,118,326,365,653,42,230,,519,43,,,,501,100,990,463,1500,150,950,450,29,12
2020-11-20,1165,882,749,541,400,979,837,783,1494,1171,344,66,125,50,52,55,106,60,210,,186,60,32,78,,118,326,365,653,42,230,,519,43,,,,501,100,990,463,1500,150,950,450,29,12
2020-11-27,1165,882,749,541,400,979,837,783,1494,1171,344,66,125,50,52,55,106,60,210,,186,60,32,78,,118,326,363,653,42,230,,519,43,,,,501,100,990,462,1500,150,950,450,29,12
2020-12-04,1165,882,749,541,400,979,837,783,1494,1171,344,66,125,50,52,55,106,60,210,,186,60,32,78,,118,326,364,653,42,230,,519,43,,,,501,100,990,462,1500,150,950,450,29,12
2020-12-11,1165,882,749,541,400,979,837,783,1494,1171,344,66,125,50,52,55,106,60,210,,186,60,32,78,,118,326,363,653,42,230,,519,43,,,,501,100,990,463,1500,150,950,450,29,12
2020-12-18,1165,882,749,541,400,979,837,783,1494,1171,344,66,125,50,52,55,106,60,210,,186,60,32,78,,118,326,374,653,42,230,,519,43,,,,501,100,990,463,1500,150,950,450,29,12
2020-12-25,1165,882,749,541,400,979,837,783,1494,1171,344,66,125,50,52,55,106,60,210,,186,60,32,78,,118,326,370,653,42,230,,519,43,,,,501,100,990,463,1500,150,950,450,29,12
2021-01-01,1165,882,749,541,400,979,837,783,1494,1171,344,66,125,50,52,55,106,60,210,,186,60,32,78,,118,326,370,653,42,230,,519,43,,,,501,100,990,462,1500,150,950,450,29,12
2021-01-08,1165,882,749,541,400,979,837,783,1494,1171,344,66,125,50,52,55,106,60,210,,186,60,32,78,,118,326,368,653,42,230,,519,43,,,,501,100,990,461,1500,150,950,450,29,12
2021-01-15,1165,882,749,541,400,979,837,783,1494,1171,344,66,125,50,52,55,106,60,210,,186,60,32,78,,118,326,366,653,42,230,,519,43,,,,501,100,990,461,1500,150,950,450,29,12
2021-01-22,1165,882,749,541,400,979,837,783,1494,1171,344,66,125,50,52,55,106,60,210,,186,60,32,78,,118,326,360,653,42,230,,519,43,,,,501,100,990,462,1500,150,950,450,29,12
2021-01-29,1165,882,749,541,400,979,837,783,1494,1171,344,66,125,50,52,55,106,60,210,,186,60,32,78,,118,326,365,653,42,230,,519,43,,,,501,100,990,463,1500,150,950,450,29,12
2021-02-05,1165,882,749,541,400,979,837,783,1494,1171,344,66,125,50,52,55,106,60,210,,186,60,32,78,,118,326,366,653,42,230,,519,43,,,,501,100,990,462,1500,150,950,450,29,12
2021-02-12,1165,882,749,541,400,979,837,783,1494,1171,344,66,125,50,52,55,106,60,210,,186,60,32,78,,118,326,367,653,42,230,,519,43,,,,501,100,990,462,1500,150,950,450,29,12
2021-02-19,1165,882,749,541,400,979,837,783,1494,1171,344,66,125,50,52,55,106,60,210,,186,60,32,78,,118,326,369,653,42,230,,519,43,,,,501,100,990,462,1500,150,950,450,29,12
2021-02-26,1165,882,749,541,400,979,837,783,1494,1171,344,66,125,50,52,55,106,60,210,,186,60,32,78,,118,326,370,653,42,230,,519,43,,,,501,100,990,463,1500,150,950,450,29,12
2021-03-05,1165,882,749,541,400,979,837,783,1494,1171,344,66,125,50,52,55,106,60,210,,186,60,32,78,,118,326,369,653,42,230,,519,43,,,,501,100,990,462,1500,150,950,450,29,12
2021-03-12,1165,882,749,541,400,979,837,783,1494,1171,344,66,125,50,52,55,106,60,210,,186,60,32,78,,118,326,376,653,42,230,,519,43,,,,501,100,990,462,1500,150,950,450,29,12
2021-03-19,1165,882,749,541,400,979,837,783,1494,1171,344,66,125,50,52,55,106,60,210,,186,60,32,78,,118,326,378,653,42,230,,519,43,,,,501,100,990,462,1500,150,950,450,29,12
2021-03-26,1165,882,749,541,400,979,837,783,1494,1171,344,66,125,50,52,55,106,60,210,,186,60,32,78,,118,326,374,653,42,230,,519,43,,,,501,100,990,462,1500,150,950,450,29,12
2021-04-02,1165,882,749,541,400,979,837,783,1494,1171,344,66,125,50,52,55,106,60,210,,186,60,32,78,,118,326,374,653,42,230,,519,43,,,,501,100,990,462,1500,150,950,450,29,12
2021-04-09,1165,882,749,541,400,979,837,783,1494,1171,344,66,125,50,52,55,106,60,210,,186,60,32,78,,118,326,376,653,42,230,,519,43,,,,501,100,990,463,1500,150,950,450,29,12
2021-04-16,1165,882,749,541,400,979,837,783,1494,1171,344,66,125,50,52,55,106,60,210,,186,60,32,78,,118,326,376,653,42,230,,519,43,,,,501,100,990,462,1500,150,950,450,29,12
2021-04-23,1165,882,749,541,400,979,837,783,1494,1171,344,66,125,50,52,55,106,60,210,,186,60,32,78,,118,326,382,653,42,230,,519,43,,,,501,100,990,463,1500,150,950,450,29,12
2021-04-30,1165,882,749,541,400,979,837,783,1494,1171,344,66,125,50,52,55,106,60,210,,186,60,32,78,,118,326,386,653,42,230,,519,43,,,,501,100,990,463,1500,150,950,450,29,12
2021-05-07,1165,882,749,541,400,979,837,783,1494,1171,344,66,125,50,52,55,106,60,210,,186,60,32,78,,118,326,391,653,42,230,,519,43,,,,501,100,990,463,1500,150,950,450,29,12
2021-05-14,1165,882,749,541,400,979,837,783,1494,1171,344,66,125,50,52,55,106,60,210,,186,60,32,78,,118,326,392,653,42,230,,519,43,,,,501,100,990,463,1500,150,950,450,29,12
2021-05-21,1165,882,749,541,400,979,837,783,1494,1171,344,66,125,50,52,55,106,60,210,,186,60,32,78,,118,326,394,653,42,230,,519,43,,,,501,100,990,463,1500,150,950,450,29,12
2021-05-28,1165,882,749,541,400,979,837,783,1494,1171,344,66,125,50,52,55,106,60,210,,186,60,32,78,,118,326,401,653,42,230,,519,43,,,,501,100,990,463,1500,150,950,450,29,12
2021-06-04,1165,882,749,541,400,979,837,783,1494,1171,344,66,125,50,52,55,106,60,210,,186,60,32,78,,118,326,407,653,42,230,,519,43,,,,501,100,990,463,1500,150,950,450,29,12
2021-06-11,1165,882,749,541,400,979,837,783,1494,1171,344,66,125,50,52,55,106,60,210,,186,60,32,78,,118,326,413,653,42,230,,519,43,,,,501,100,990,463,1500,150,950,450,29,12
2021-06-18,1165,882,749,541,400,979,837,783,1494,1171,344,66,125,50,52,55,106,60,210,,186,60,32,78,,118,326,415,653,42,230,,519,43,,,,501,100,990,463,1500,150,950,450,29,12
2021-06-25,1165,882,749,541,400,979,837,783,1494,1171,344,66,125,50,52,55,106,60,210,,186,60,32,78,,118,326,415,653,42,230,,519,43,,,,501,100,990,463,1500,150,950,450,29,12
2021-07-02,1165,882,749,541,400,979,837,783,1494,1171,344,66,125,50,52,55,106,60,210,,186,60,32,78,,118,326,416,653,42,230,,519,43,,,,501,100,990,463,1500,150,950,450,29,12
2021-07-09,1165,882,749,541,400,979,837,783,1494,1171,344,66,125,50,52,55,106,60,210,,186,60,32,78,,118,326,413,653,42,230,,519,43,,,,501,100,990,464,1500,150,950,450,29,12
2021-07-16,1165,882,749,541,400,979,837,783,1494,1171,344,66,125,50,52,55,106,60,210,,186,60,32,78,,118,326,421,653,42,230,,519,43,,,,501,100,990,463,1500,150,950,450,29,12
2021-07-23,1165,882,749,541,400,979,837,783,1494,1171,344,66,125,50,52,55,106,60,210,,186,60,32,78,,118,326,418,653,42,230,,519,43,,,,501,100,990,463,1500,150,950,450,29,12
2021-07-30,1165,882,749,541,400,979,837,783,1494,1171,344,66,125,50,52,55,106,60,210,,186,60,32,78,,118,326,418,653,42,230,,519,43,,,,501,100,990,463,1500,150,950,450,29,12
2021-08-06,1165,882,749,541,400,979,837,783,1494,1171,344,66,125,50,52,55,106,60,210,,186,60,32,78,,118,326,412,653,42,230,,519,43,,,,501,100,990,463,1500,150,950,450,29,12
2021-08-20,1165,882,749,541,400,979,837,783,1494,1171,344,66,125,50,52,55,106,60,210,,186,60,32,78,,118,326,412,653,42,230,,519,43,,,,501,100,990,462,1500,150,950,450,29,12
2021-08-27,1165,882,749,541,400,979,837,783,1494,1171,344,66,125,50,52,55,94,60,210,,186,60,32,78,,118,326,411,653,42,230,,519,43,,,,501,100,990,462,1500,150,950,450,29,12
2021-09-03,1165,882,749,541,400,979,837,783,1494,1171,344,66,125,50,52,55,94,60,210,,186,60,32,78,,118,326,408,653,42,230,,519,43,,,,501,100,990,461,1500,150,950,450,29,12
2021-09-10,1165,882,749,541,400,979,837,783,1494,1171,344,66,125,50,52,55,94,60,210,,186,60,32,78,,118,326,411,653,42,230,,519,43,,,,501,100,990,461,1500,150,950,450,29,12
2021-09-17,1165,882,749,541,400,979,837,783,1494,1171,344,66,125,50,52,55,94,60,210,,186,60,32,78,,118,326,410,653,42,230,,519,43,,,,501,100,990,460,1500,150,950,450,29,12
2021-09-24,1165,882,749,541,400,979,837,783,1494,1171,344,66,125,50,52,55,94,60,210,,186,60,32,78,,118,326,407,653,42,230,,519,43,,,,501,100,990,460,1500,150,950,450,29,12
2021-10-01,1165,882,749,541,400,979,837,783,1494,1171,344,66,125,50,52,55,94,60,210,,186,60,32,78,,118,326,396,653,42,230,,519,43,,,,501,100,990,460,1500,150,950,450,29,12
2021-10-08,1165,882,749,541,400,979,837,783,1494,1171,344,66,125,50,52,55,94,60,210,,186,60,32,78,,118,326,391,653,42,230,,519,43,,,,501,100,990,461,1500,150,950,450,29,12
2021-10-15,1165,882,749,541,400,979,837,783,1494,1171,344,66,125,50,52,55,94,60,210,,186,60,32,78,,118,326,390,653,42,230,,519,43,,,,501,100,990,461,1500,150,950,450,29,12
2021-10-22,1165,882,749,541,400,979,837,783,1494,1171,344,66,125,50,52,55,94,60,210,,186,60,32,78,,118,326,397,653,42,230,,519,43,,,,501,100,990,460,1500,150,950,450,29,12
2021-10-29,1165,882,749,541,400,979,837,783,1494,1171,344,66,125,50,52,55,94,60,210,,186,60,32,78,,118,326,398,653,42,230,,519,43,,,,501,100,990,460,1500,150,950,450,29,12
2021-11-05,1165,882,749,541,400,979,837,783,1494,1171,344,66,125,50,52,55,94,60,210,,186,60,32,78,,118,326,397,653,42,230,,519,43,,,,501,100,990,460,1500,150,950,450,29,12
2021-11-12,1165,882,749,541,400,979,837,783,1494,1171,344,66,125,50,52,55,94,60,210,,186,60,32,78,,118,326,400,653,42,230,,519,43,,,,501,100,990,460,1500,150,950,450,29,12
2021-11-19,1165,882,749,541,400,979,837,783,1494,1171,344,66,125,50,52,55,94,60,210,,186,60,32,78,,118,326,396,653,42,230,,519,43,,,,501,100,990,460,1500,150,950,450,29,12
2021-11-26,1165,882,749,541,400,979,837,783,1494,1171,344,66,125,50,52,55,94,60,210,,186,60,32,78,,118,326,396,653,42,230,,519,43,,,,501,100,990,461,1500,150,950,450,29,12
2021-12-03,1165,882,749,541,400,979,837,783,1494,1171,344,66,125,50,52,55,94,60,210,,186,60,32,78,,118,326,395,653,42,230,,519,43,,,,501,100,990,460,1500,150,950,450,29,12
2021-12-10,1165,882,749,541,400,979,837,783,1494,1171,344,66,125,50,52,55,94,60,210,,186,60,32,78,,118,326,401,653,42,230,,519,43,,,,501,100,990,460,1500,150,950,450,29,12
2021-12-17,1165,882,749,541,400,979,837,783,1494,1171,344,66,125,50,52,55,94,60,210,,186,60,32,78,,118,326,402,653,42,230,,519,43,,,,501,100,990,460,1500,150,950,450,29,12
2021-12-24,1165,882,749,541,400,979,837,783,1494,1171,344,66,125,50,52,55,94,60,210,,186,60,32,78,,118,326,406,653,42,230,,519,43,,,,501,100,990,460,1500,150,950,450,29,12
2021-12-31,1165,882,749,541,400,979,837,783,1494,1171,344,66,125,50,52,55,94,60,210,,186,60,32,78,,118,326,405,653,42,230,,519,43,,,,501,100,990,460,1500,150,950,450,29,12
2022-01-07,1165,882,749,541,400,979,837,783,1494,1171,344,66,125,50,52,55,94,60,210,,186,60,32,78,,118,326,404,653,42,230,,519,43,,,,501,100,990,460,1500,150,950,450,29,12
2022-01-14,1165,882,749,541,400,979,837,783,1494,1171,344,66,125,50,52,55,94,60,210,,186,60,32,78,,118,326,401,653,42,230,,519,43,,,,501,100,990,460,1500,150,950,450,29,12
2022-01-21,1165,882,749,541,400,979,837,783,1494,1171,344,66,125,50,52,55,94,60,210,,186,60,32,78,,118,326,404,653,42,230,,519,43,,,,501,100,990,460,1500,150,950,450,29,12
2022-01-28,1165,882,749,541,400,979,837,783,1494,1171,344,66,125,50,52,55,94,60,210,,186,60,32,78,,118,326,403,653,42,230,,519,43,,,,501,100,990,460,1500,150,950,450,29,12
2022-02-04,1165,882,749,541,400,979,837,783,1494,1171,344,66,125,50,52,55,94,60,210,,186,60,32,78,,118,326,395,653,42,230,,519,43,,,,501,100,990,461,1500,150,950,450,29,12
2022-02-11,1165,882,749,541,400,979,837,783,1494,1171,344,66,125,50,52,55,94,60,210,,186,60,32,78,,118,326,401,653,42,230,,519,43,,,,501,100,990,460,1500,150,950,450,29,12
2022-02-18,1165,882,749,541,400,979,837,783,1494,1171,344,66,125,50,52,55,94,60,210,,186,60,32,78,,118,326,391,653,42,230,,519,43,,,,501,100,990,460,1500,150,950,450,29,12
2022-02-25,1165,882,749,541,400,979,837,783,1494,1171,344,66,125,50,52,55,94,60,210,,186,60,32,78,,118,326,388,653,42,230,,519,43,,,,501,100,990,460,1500,150,950,450,29,12
2022-03-04,1165,882,749,541,400,979,837,783,1494,1171,344,66,125,50,52,55,94,60,210,,186,60,32,78,,118,326,383,653,42,230,,519,43,,,,501,100,990,461,1500,150,950,450,29,12
2022-03-11,1165,882,749,541,400,979,837,783,1494,1171,344,66,125,50,52,55,94,60,210,,186,60,32,78,,118,326,381,653,42,230,,519,43,,,,501,100,990,460,1500,150,950,450,29,12
2022-03-18,1165,882,749,541,400,979,837,783,1494,1171,344,66,125,50,52,55,94,60,210,,186,60,32,78,,118,326,386,653,42,230,,519,43,,,,501,100,990,461,1500,150,950,450,29,12
2022-03-25,1165,882,749,541,400,979,837,783,1494,1171,344,66,125,50,52,55,94,60,210,,186,60,32,78,,118,326,384,653,42,230,,519,43,,,,501,100,990,460,1500,150,950,450,29,12
2022-04-01,1165,882,749,541,400,979,837,783,1494,1171,344,66,125,50,52,55,94,60,210,,186,60,32,78,,118,326,385,653,42,230,,519,43,,,,501,100,990,460,1500,150,950,450,29,12
2022-04-08,1165,882,749,541,400,979,837,783,1494,1171,344,66,125,50,52,55,94,60,210,,186,60,32,78,,118,326,377,653,42,230,,519,43,,,,501,100,990,461,1500,150,950,450,29,12
2022-04-15,1165,882,749,541,400,979,837,783,1494,1171,344,66,125,50,52,55,94,60,210,,186,60,32,78,,118,326,380,653,42,230,,519,43,,,,501,100,990,460,1500,150,950,450,29,12
2022-04-22,1165,882,749,541,400,979,837,783,1494,1171,344,66,125,50,52,55,94,60,210,,186,60,32,78,,118,326,387,653,42,230,,519,43,,,,501,100,990,460,1500,150,950,450,29,12
2022-04-29,1165,882,749,541,400,979,837,783,1494,1171,344,66,125,50,52,55,94,60,210,,186,60,32,78,,118,326,388,653,42,230,,519,43,,,,501,100,990,460,1500,150,950,450,29,12
2022-05-06,1165,882,749,541,400,979,837,783,1494,1171,344,66,125,50,52,55,94,60,210,,186,60,32,78,,118,326,383,653,42,230,,519,43,,,,501,100,990,460,1500,150,950,450,29,12
2022-05-13,1165,882,749,541,400,979,837,783,1494,1171,344,66,125,50,52,55,94,60,210,,186,60,32,78,,118,326,384,653,42,230,,519,43,,,,501,100,990,460,1500,150,950,450,29,12
2022-05-20,1165,882,749,541,400,979,837,783,1494,1171,344,66,125,50,52,55,94,60,210,,186,60,32,78,,118,326,381,653,42,230,,519,43,,,,501,100,990,460,1500,150,950,450,29,12
2022-05-27,1165,882,749,541,400,979,837,783,1494,1171,344,66,125,50,52,55,94,60,210,,186,60,32,78,,118,326,382,653,42,230,,519,43,,,,501,100,990,460,1500,150,950,450,29,12
2022-06-03,1165,882,749,541,400,979,837,783,1494,1171,344,66,125,50,52,55,94,60,210,,186,60,32,78,,118,326,383,653,42,230,,519,43,,,,501,100,990,460,1500,150,950,450,29,12
2022-06-10,1165,882,749,541,400,979,837,783,1494,1171,344,66,125,50,52,55,94,60,210,,186,60,32,78,,118,326,376,653,42,230,,519,43,,,,501,100,990,460,1500,150,950,450,29,12
2022-06-17,1165,882,749,541,400,979,837,783,1494,1171,344,66,125,50,52,55,94,60,210,,186,60,32,78,,118,326,366,653,42,230,,519,43,,,,501,100,990,460,1500,150,950,450,29,12
2022-06-24,1165,882,749,541,400,979,837,783,1494,1171,344,66,125,50,52,55,94,60,210,,186,60,32,78,,118,326,363,653,42,230,,519,43,,,,501,100,990,460,1500,150,950,450,29,12
2022-07-01,1165,882,749,541,400,979,837,783,1494,1171,344,66,125,50,52,55,94,60,210,,186,60,32,78,,118,326,366,653,42,230,,519,43,,,,501,100,990,460,1500,150,950,450,29,12
2022-07-08,1165,882,749,541,400,979,837,783,1494,1171,344,66,125,50,52,55,94,60,210,,186,60,32,78,,118,326,369,653,42,230,,519,43,,,,501,100,990,460,1500,150,950,450,29,12
2022-07-15,1165,882,749,541,400,979,837,783,1494,1171,344,66,125,50,52,55,94,60,210,,186,60,32,78,,118,326,375,653,42,230,,519,43,,,,501,100,990,461,1500,150,950,450,29,12
2022-07-22,1165,882,749,541,400,979,837,783,1494,1171,344,66,125,50,52,55,94,60,210,,186,60,32,78,,118,326,372,653,42,230,,519,43,,,,501,100,990,461,1500,150,950,450,29,12
2022-07-29,1165,882,749,541,400,979,837,783,1494,1171,344,66,125,50,52,55,94,60,210,,186,60,32,78,,118,326,368,653,42,230,,519,43,,,,501,100,990,460,1500,150,950,450,29,12
2022-08-05,1165,882,749,541,400,979,837,783,1494,1171,344,66,125,50,52,55,94,60,210,,186,60,32,78,,118,326,372,653,42,230,,519,43,,,,501,100,990,460,1500,150,950,450,29,12
2022-08-12,1165,882,749,541,400,979,837,783,1494,1171,344,66,125,50,52,55,94,60,210,,186,60,32,78,,118,326,377,653,42,230,,519,43,,,,501,100,990,460,1500,150,950,450,29,12
2022-08-19,1165,882,749,541,400,979,837,783,1494,1171,344,66,125,50,52,55,94,60,210,,186,60,32,78,,118,326,370,653,42,230,,519,43,,,,501,100,990,460,1500,150,950,450,29,12
2022-08-26,1165,882,749,541,400,979,837,783,1494,1171,344,66,125,50,52,55,94,60,210,,186,60,32,78,,118,326,372,653,42,230,,519,43,,,,501,100,990,460,1500,150,950,450,29,12
2022-09-02,1165,882,749,541,400,979,837,783,1494,1171,344,66,125,50,52,55,94,60,210,,186,60,32,78,,118,326,378,653,42,230,,519,43,,,,501,100,990,461,1500,150,950,450,29,12
2022-09-09,1165,882,749,541,400,979,837,783,1494,1171,344,66,125,50,52,55,94,60,210,,186,60,32,78,,118,326,378,653,42,230,,519,43,,,,501,100,990,460,1500,150,950,450,29,12
2022-09-16,1165,882,749,541,400,979,837,783,1494,1171,344,66,125,50,52,55,94,60,210,,186,60,32,78,,118,326,379,653,42,230,,519,43,,,,501,100,990,460,1500,150,950,450,29,12
2022-09-23,1165,882,749,541,400,979,837,783,1494,1171,344,66,125,50,52,55,94,60,210,,186,60,32,78,,118,326,375,653,42,230,,519,43,,,,501,100,990,461,1500,150,950,450,29,12
2022-09-30,1165,882,749,541,400,979,837,783,1494,1171,344,66,125,50,52,55,94,60,210,,186,60,32,78,,118,326,380,653,42,230,,519,43,,,,501,100,990,460,1500,150,950,450,29,12
2022-10-07,1165,882,749,541,400,979,837,783,1494,1171,344,66,125,50,52,55,94,60,210,,186,60,32,78,,118,326,387,653,42,230,,519,43,,,,501,100,990,460,1500,150,950,450,29,12
2022-10-14,1165,882,749,541,400,979,837,783,1494,1171,344,66,125,50,52,55,94,60,210,,186,60,32,78,,118,326,391,653,42,230,,519,43,,,,501,100,990,460,1500,150,950,450,29,12
2022-10-21,1165,882,749,541,400,979,837,783,1494,1171,344,66,125,50,52,55,94,60,210,,186,60,32,78,,118,326,390,653,42,230,,519,43,,,,501,100,990,460,1500,150,950,450,29,12
2022-10-28,1165,882,749,541,400,979,837,783,1494,1171,344,66,125,50,52,55,94,60,210,,186,60,32,78,,118,326,388,653,42,230,,519,43,,,,501,100,990,460,1500,150,950,450,29,12
2022-11-04,1165,882,749,541,400,979,837,783,1494,1171,344,66,125,50,52,55,94,60,210,,186,60,32,78,,118,326,395,653,42,230,,519,43,,,,501,100,990,461,1500,150,950,450,29,12
2022-11-11,1165,882,749,541,400,979,837,783,1494,1171,344,66,125,50,52,55,94,60,210,,186,60,32,78,,118,326,402,653,42,230,,519,43,,,,501,100,990,460,1500,150,950,450,29,12
2022-11-18,1165,882,749,541,400,979,837,783,1494,1171,344,66,125,50,52,55,94,60,210,,186,60,32,78,,118,326,398,653,42,230,,519,43,,,,501,100,990,460,1500,150,950,450,29,12
2022-11-25,1165,882,749,541,400,979,837,783,1494,1171,344,66,125,50,52,55,94,60,210,,186,60,32,78,,118,326,400,653,42,230,,519,43,,,,501,100,990,460,1500,150,950,450,29,12
2022-12-02,1165,882,749,541,400,979,837,783,1494,1171,344,66,125,50,52,55,94,60,210,,186,60,32,78,,118,326,398,653,42,230,,519,43,,,,501,100,990,460,1500,150,950,450,29,12
2022-12-09,1165,882,749,541,400,979,837,783,1494,1171,344,66,125,50,52,55,94,60,210,,186,60,32,78,,118,326,395,653,42,230,,519,43,,,,501,100,990,460,1500,150,950,450,29,12
2022-12-16,1165,882,749,541,400,979,837,783,1494,1171,344,66,125,50,52,55,94,60,210,,186,60,32,78,,118,326,386,653,42,230,,519,43,,,,501,100,990,460,1500,150,950,450,29,12
2022-12-23,1165,882,749,541,400,979,837,783,1494,1171,344,66,125,50,52,55,94,60,210,,186,60,32,78,,118,326,387,653,42,230,,519,43,,,,501,100,990,460,1500,150,950,450,29,12
2022-12-30,1165,882,749,541,400,979,837,783,1494,1171,344,66,125,50,52,55,94,60,210,,186,60,32,78,,118,326,386,653,42,230,,519,43,,,,501,100,990,460,1500,150,950,450,29,12
2023-01-06,1165,882,749,541,400,979,837,783,1494,1171,344,66,125,50,52,55,94,60,210,,186,60,32,78,,118,326,387,653,42,230,,519,43,,,,501,100,990,460,1500,150,950,450,29,12
2023-01-13,1165,882,749,541,400,979,837,783,1494,1171,344,66,125,50,52,55,94,60,210,,186,60,32,78,,118,326,387,653,42,230,,519,43,,,,501,100,990,460,1500,150,950,450,29,12
2023-01-20,1165,882,749,541,400,979,837,783,1494,1171,344,66,125,50,52,55,94,60,210,,186,60,32,78,,118,326,388,653,42,230,,519,43,,,,501,100,990,460,1500,150,950,450,29,12
2023-01-27,1165,882,749,541,400,979,837,783,1494,1171,344,66,125,50,52,55,94,60,210,,186,60,32,78,,118,326,399,653,42,230,,519,43,,,,501,100,990,460,1500,150,950,450,29,12
2023-02-03,1165,882,749,541,400,979,837,783,1494,1171,344,66,125,50,52,55,94,60,210,,186,60,32,78,,118,326,397,653,42,230,,519,43,,,,501,100,990,462,1500,150,950,450,29,12
2023-02-10,1165,882,749,541,400,979,837,783,1494,1171,344,66,125,50,52,55,94,60,210,,186,60,32,78,,118,326,397,653,42,230,,519,43,,,,501,100,990,460,1500,150,950,450,29,12
2023-02-17,1165,882,749,541,400,979,837,783,1494,1171,344,66,125,50,52,55,94,60,210,,186,60,32,78,,118,326,398,653,42,230,,519,43,,,,501,100,990,460,1500,150,950,450,29,12
2023-02-24,1165,882,749,541,400,979,837,783,1494,1171,344,66,125,50,52,55,94,60,210,,186,60,32,78,,118,326,398,653,42,230,,519,43,,,,501,100,990,460,1500,150,950,450,29,12
2023-03-03,1165,882,749,541,400,979,837,783,1494,1171,344,66,125,50,52,55,94,60,210,,186,60,32,78,,118,326,390,653,42,230,,519,43,,,,501,100,990,462,1500,150,950,450,29,12
2023-03-10,1165,882,749,541,400,979,837,783,1494,1171,344,66,125,50,52,55,94,60,210,,186,60,32,78,,118,326,393,653,42,230,,519,43,,,,501,100,990,460,1500,150,950,450,29,12
2023-03-17,1165,882,749,541,400,979,837,783,1494,1171,344,66,125,50,52,55,94,60,210,,186,60,32,78,,118,326,400,653,42,230,,519,43,,,,501,100,990,460,1500,150,950,450,29,12
2023-03-24,1165,882,749,541,400,979,837,783,1494,1171,344,66,125,50,52,55,94,60,210,,186,60,32,78,,118,326,401,653,42,230,,519,43,,,,501,100,990,461,1500,150,950,450,29,12
2023-03-31,1165,882,749,541,400,979,837,783,1494,1171,344,66,125,50,52,55,94,60,210,,186,60,32,78,,118,326,401,653,42,230,,519,43,,,,501,100,990,460,1500,150,950,450,29,12
2023-04-07,1165,882,749,541,400,979,837,783,1494,1171,344,66,125,50,52,55,94,60,210,,186,60,32,78,,118,326,397,653,42,230,,519,43,,,,501,100,990,460,1500,150,950,450,29,12
2023-04-14,1165,882,749,541,400,979,837,783,1494,1171,344,66,125,50,52,55,94,60,210,,186,60,32,78,,118,326,397,653,42,230,,519,43,,,,501,100,990,460,1500,150,950,450,29,12
2023-04-21,1165,882,749,541,400,979,837,783,1494,1171,344,66,125,50,52,55,94,60,210,,186,60,32,78,,118,326,391,653,42,230,,519,43,,,,501,100,990,461,1500,150,950,450,29,12
2023-04-28,1165,882,749,541,400,979,837,783,1494,1171,409,66,125,50,52,55,94,60,210,,186,60,32,78,,118,326,391,653,42,230,,519,43,,,,501,100,990,463,1500,150,950,450,29,12
2023-05-05,1165,882,749,541,400,979,837,783,1494,1171,409,66,125,50,52,55,94,60,210,,186,60,32,78,,118,326,389,653,42,230,,519,43,,,,501,100,990,462,1500,150,950,450,29,12
2023-05-12,1165,882,749,541,400,979,837,783,1494,1171,409,66,125,50,52,55,94,60,210,,186,60,32,78,,118,326,387,653,42,230,,519,43,,,,501,100,990,462,1500,150,950,450,29,12
2023-05-19,1165,882,749,541,400,979,837,783,1494,1171,409,66,125,50,52,55,94,60,210,,186,60,32,78,,118,326,391,653,42,230,,519,43,,,,501,100,990,461,1500,150,950,450,29,12
2023-05-26,1165,882,749,541,400,979,837,783,1494,1171,409,66,125,50,52,55,94,60,210,,186,60,32,78,,118,326,396,653,42,230,,519,43,,,,501,100,990,463,1500,150,950,450,29,12
2023-06-02,1165,882,749,541,400,979,837,783,1494,1171,409,66,125,50,52,55,94,60,210,,186,60,32,78,,118,326,390,653,42,230,,519,43,,,,501,100,990,462,1500,150,950,450,29,12
2023-06-09,1165,882,749,541,400,979,837,783,1494,1171,409,66,125,50,52,55,94,60,210,,186,60,32,78,,118,326,392,653,42,230,,519,43,,,,501,100,990,461,1500,150,950,450,29,12
2023-06-16,1165,882,749,541,400,979,837,783,1494,1171,409,66,125,50,52,55,94,60,210,,186,60,32,78,,118,326,397,653,42,230,,519,43,,,,501,100,990,461,1500,150,950,450,29,12
2023-06-23,1165,882,749,541,400,979,837,783,1494,1171,409,66,125,50,52,55,94,60,210,,186,60,32,78,,118,326,397,653,42,230,,519,43,,,,501,100,990,463,1500,150,950,450,29,12
2023-06-30,1165,882,749,541,400,979,837,783,1494,1171,409,66,125,50,52,55,94,60,210,,186,60,32,78,,118,326,398,653,42,230,,519,43,,,,501,100,990,461,1500,150,950,450,29,12
2023-07-07,1165,882,749,541,400,979,837,783,1494,1171,409,66,125,50,52,55,94,60,210,,186,60,32,78,,118,326,395,653,42,230,,519,43,,,,501,100,990,461,1500,150,950,450,29,12
2023-07-14,1165,882,749,541,400,979,837,783,1494,1171,409,66,125,50,52,55,94,60,210,,186,60,32,78,,118,326,396,653,42,230,,519,43,,,,501,100,990,461,1500,150,950,450,29,12
2023-07-21,1165,882,749,541,400,979,837,783,1494,1171,409,66,125,50,52,55,94,60,210,,186,60,32,78,,118,326,396,653,42,230,,519,43,,,,501,100,990,462,1500,150,950,450,29,12
2023-07-28,1165,882,749,541,400,979,837,783,1494,1171,409,66,125,50,52,55,94,60,210,,186,60,32,78,,118,326,392,653,42,230,,519,43,,,,501,100,990,463,1500,150,950,450,29,12
2023-08-04,1165,882,749,541,400,979,837,783,1494,1171,409,66,125,50,52,55,94,60,210,,186,60,32,78,,118,326,397,653,42,230,,519,43,,,,501,100,990,462,1500,150,950,450,29,12
2023-08-11,1165,882,749,541,400,979,837,783,1494,1171,409,66,125,50,52,55,94,60,210,,186,60,32,78,,118,326,395,653,42,230,,519,43,,,,501,100,990,461,1500,150,950,450,29,12
2023-08-18,1165,882,749,541,400,979,837,783,1494,1171,409,66,125,50,52,55,94,60,210,,186,60,32,78,,118,326,392,653,42,230,,519,43,,,,501,100,990,461,1500,150,950,450,29,12
2023-08-25,1165,882,749,541,400,979,837,783,1494,1171,409,66,125,50,52,55,94,60,210,,186,60,32,78,,118,326,397,653,42,230,,519,43,,,,501,100,990,461,1500,150,950,450,29,12
2023-09-01,1165,882,749,541,400,979,837,783,1494,1171,409,66,125,50,52,55,94,60,210,,186,60,32,78,,118,326,401,653,42,230,,519,43,,,,501,100,990,461,1500,150,950,450,29,12
2023-09-08,1165,882,749,541,400,979,837,783,1494,1171,409,66,125,50,52,55,94,60,210,,186,60,32,78,,118,326,396,653,42,230,,519,43,,,,501,100,990,460,1500,150,950,450,29,12
2023-09-15,1165,882,749,541,400,979,837,783,1494,1171,409,66,125,50,52,55,94,60,210,,186,60,32,78,,118,326,399,653,42,230,,519,43,,,,501,100,990,460,1500,150,950,450,29,12
2023-09-22,1165,882,749,541,400,979,837,783,1494,1171,409,66,125,50,52,55,94,60,210,,186,60,32,78,,118,326,405,653,42,230,,519,43,,,,501,100,990,460,1500,150,950,450,29,12
2023-09-29,1165,882,749,541,400,979,837,783,1494,1171,409,66,125,50,52,55,94,60,210,,186,60,32,78,,118,326,400,653,42,230,,519,43,,,,501,100,990,460,1500,150,950,450,29,12
2023-10-06,1165,882,749,541,400,979,837,783,1494,1171,409,66,125,50,52,55,94,60,210,,186,60,32,78,,118,326,400,653,42,230,,519,43,,,,501,100,990,460,1500,150,950,450,29,12
2023-10-13,1165,882,749,541,400,979,837,783,1494,1171,409,66,125,50,52,55,94,60,210,,186,60,32,78,,118,326,399,653,42,230,,519,43,,,,501,100,990,460,1500,150,950,450,29,12
2023-10-20,1165,882,749,541,400,979,837,783,1494,1171,409,66,125,50,52,55,94,60,210,,186,60,32,78,,118,326,399,653,42,230,,519,43,,,,501,100,990,461,1500,150,950,450,29,12
2023-10-27,1165,882,749,541,400,979,837,783,1494,1171,409,66,125,50,52,55,94,60,210,,186,60,32,78,,118,326,403,653,42,230,,519,43,,,,501,100,990,462,1500,150,950,450,29,12
2023-11-03,1165,882,749,541,400,979,837,783,1494,1171,409,66,125,50,52,55,94,60,210,,186,60,32,78,,118,326,405,653,42,230,,519,43,,,,501,100,990,461,1500,150,950,450,29,12
2023-11-10,1165,882,749,541,400,979,837,783,1494,1171,409,66,125,50,52,55,94,60,210,,186,60,32,78,,118,326,406,653,42,230,,519,43,,,,501,100,990,461,1500,150,950,450,29,12
2023-11-17,1165,882,749,541,400,979,837,783,1494,1171,409,66,125,50,52,55,94,60,210,,186,60,32,78,,118,326,401,653,42,230,,519,43,,,,501,100,990,461,1500,150,950,450,29,12
2023-11-24,1165,882,749,541,400,979,837,783,1494,1171,409,66,125,50,52,55,94,60,210,,186,60,32,78,,118,326,402,653,42,230,,519,43,,,,501,100,990,461,1500,150,950,450,29,12
2023-12-01,1165,882,749,541,400,979,837,783,1494,1171,409,66,125,50,52,55,94,60,210,,186,60,32,78,,118,326,397,653,42,230,,519,43,,,,501,100,990,462,1500,150,950,450,29,12
2023-12-08,1165,882,749,541,400,979,837,783,1494,1171,409,66,125,50,52,55,94,60,210,,186,60,32,78,,118,326,394,653,42,230,,519,43,,,,501,100,990,464,1500,150,950,450,29,12
2023-12-15,1165,882,749,541,400,979,837,783,1494,1171,409,66,125,50,52,55,94,60,210,,186,60,32,78,,118,326,400,653,42,230,,519,43,,,,501,100,990,465,1500,150,950,450,29,12
2023-12-22,1165,882,749,541,400,979,837,783,1494,1171,409,66,125,50,52,55,94,60,210,,186,60,32,78,,118,326,399,653,42,230,,519,43,,,,501,100,990,464,1500,150,950,450,29,12
2023-12-29,1165,882,749,541,400,979,837,783,1494,1171,409,66,125,50,52,55,94,60,210,,186,60,32,78,,118,326,399,653,42,230,,519,43,,,,501,100,990,462,1500,150,950,450,29,12
2024-01-05,1165,882,749,541,400,979,837,783,1494,1171,409,66,125,50,52,55,94,60,210,,186,60,32,78,,118,326,400,653,42,230,,519,43,,,,501,100,990,461,1500,150,950,450,29,12
2024-01-12,1165,882,749,541,400,979,837,783,1494,1171,409,66,125,50,52,55,94,60,210,,186,60,32,78,,118,326,404,653,42,230,,519,43,,,,501,100,990,461,1500,150,950,450,29,12
2024-01-19,1165,882,749,541,400,979,837,783,1494,1171,409,66,125,50,52,55,94,60,210,,186,60,32,78,,118,326,404,653,42,230,,519,43,,,,501,100,990,464,1500,150,950,450,29,12
2024-01-26,1165,882,749,541,400,979,837,783,1494,1171,409,66,125,50,52,55,94,60,210,,186,60,32,78,,118,326,405,653,42,230,,519,43,,,,501,100,990,462,1500,150,950,450,29,12
2024-02-02,1165,882,749,541,400,979,837,783,1494,1171,409,66,125,50,52,55,94,60,210,,186,60,32,78,,118,326,403,653,42,230,,519,43,,,,501,100,990,463,1500,150,950,450,29,12
2024-02-09,1165,882,749,541,400,979,837,783,1494,1171,409,66,125,50,52,55,94,60,210,,186,60,32,78,,118,326,400,653,42,230,,519,43,,,,501,100,990,461,1500,150,950,450,29,12
2024-02-16,1165,882,749,541,400,979,837,783,1494,1171,409,66,125,50,52,55,94,60,210,,186,60,32,78,,118,326,402,653,42,230,,519,43,,,,501,100,990,461,1500,150,950,450,29,12
2024-02-23,1165,882,749,541,400,979,837,783,1494,1171,409,66,125,50,52,55,94,60,210,,186,60,32,78,,118,326,398,653,42,230,,519,43,,,,501,100,990,462,1500,150,950,450,29,12
2024-03-01,1165,882,749,541,400,979,837,783,1494,1171,409,66,125,50,52,55,94,60,210,,186,60,32,78,,118,326,401,653,42,230,,519,43,,,,501,100,990,461,1500,150,950,450,29,12
2024-03-08,1165,882,749,541,400,979,837,783,1494,1171,409,66,125,50,52,55,94,60,210,,186,60,32,78,,118,326,397,653,42,230,,519,43,,,,501,100,990,462,1500,150,950,450,29,12
2024-03-15,1165,882,749,541,400,979,837,783,1494,1171,409,66,125,50,52,55,94,60,210,,186,60,32,78,,118,326,404,653,42,230,,519,43,,,,501,100,990,464,1500,150,950,450,29,12
2024-03-22,1165,882,749,541,400,979,837,783,1494,1171,409,66,125,50,52,55,94,60,210,,186,60,32,78,,118,326,402,653,42,230,,519,43,,,,501,100,990,461,1500,150,950,450,29,12
2024-03-29,1165,882,749,541,400,979,837,783,1494,1171,409,66,125,50,52,55,94,60,210,,186,60,32,78,,118,326,408,653,42,230,,519,43,,,,501,100,990,462,1500,150,950,450,29,12
2024-04-05,1165,882,749,541,400,979,837,783,1494,1171,409,66,125,50,52,55,94,60,210,,186,60,32,78,,118,326,410,653,42,230,,519,43,,,,501,100,990,462,1500,150,950,450,29,12
2024-04-12,1165,882,749,541,400,979,837,783,1494,1171,409,66,125,50,52,55,94,60,210,,186,60,32,78,,118,326,405,653,42,230,,519,43,,,,501,100,990,462,1500,150,950,450,29,12
2024-04-19,1165,882,749,541,400,979,837,783,1494,1171,409,66,125,50,52,55,94,60,210,,186,60,32,78,,118,326,400,653,42,230,,519,43,,,,501,100,990,462,1500,150,950,450,29,12
2024-04-26,1165,882,749,541,400,979,837,783,1494,1171,409,66,125,50,52,55,94,60,210,,186,60,32,78,,118,326,396,653,42,230,,519,43,,,,501,100,990,462,1500,150,950,450,29,12
2024-05-03,1165,882,749,541,400,979,837,783,1494,1171,409,66,125,50,52,55,94,60,210,,186,60,32,78,,118,326,400,653,42,230,,519,43,,,,501,100,990,462,1500,150,950,450,29,12
2024-05-10,1165,882,749,541,400,979,837,783,1494,1171,409,66,125,50,52,55,94,60,210,,186,60,32,78,,118,326,401,653,42,230,,519,43,,,,501,100,990,463,1500,150,950,450,29,12
2024-05-17,1165,882,749,541,400,979,837,783,1494,1171,409,66,125,50,52,55,94,60,210,,186,60,32,78,,118,326,408,653,42,230,,519,43,,,,501,100,990,463,1500,150,950,450,29,12
2024-05-24,1165,882,749,541,400,979,837,783,1494,1171,409,66,125,50,52,55,94,60,210,,186,60,32,78,,118,326,407,653,42,230,,519,43,,,,501,100,990,463,1500,150,950,450,29,12
2024-05-31,1165,882,749,541,400,979,837,783,1494,1171,409,66,125,50,52,55,94,60,210,,186,60,32,78,,118,326,404,653,42,230,,519,43,,,,501,100,990,463,1500,150,950,450,29,12
2024-06-07,1165,882,749,541,400,979,837,783,1494,1171,409,66,125,50,52,55,94,60,210,,186,60,32,78,,118,326,407,653,42,230,,519,43,,,,501,100,990,463,1500,150,950,450,29,12
2024-06-14,1165,882,749,541,400,979,837,783,1494,1171,409,66,125,50,52,55,94,60,210,,186,60,32,78,,118,326,408,653,42,230,,519,43,,,,501,100,990,466,1500,150,950,450,29,12
2024-06-21,1165,882,749,541,400,979,837,783,1494,1171,409,66,125,50,52,55,94,60,210,,186,60,32,78,,118,326,410,653,42,230,,519,43,,,,501,100,990,465,1500,150,950,450,29,12
2024-06-28,1165,882,749,541,400,979,837,783,1494,1171,409,66,125,50,52,55,94,60,210,,186,60,32,78,,118,326,412,653,42,230,,519,43,,,,501,100,990,463,1500,150,950,450,29,12
2024-07-05,1165,882,749,541,400,979,837,783,1494,1171,409,66,125,50,52,55,94,60,210,,186,60,32,78,,118,326,413,653,42,230,,519,43,,,,501,100,990,464,1500,150,950,450,29,12
2024-07-12,1165,882,749,541,400,979,837,783,1494,1171,409,66,125,50,52,55,94,60,210,,186,60,32,78,,118,326,413,653,42,230,,519,43,,,,501,100,990,464,1500,150,950,450,29,12
2024-07-19,1165,882,749,541,400,979,837,783,1494,1171,409,66,125,50,52,55,94,60,210,,186,60,32,78,,118,326,412,653,42,230,,519,43,,,,501,100,990,464,1500,150,950,450,29,12
2024-07-26,1165,882,749,541,400,979,837,783,1494,1171,409,66,125,50,52,55,94,60,210,,186,60,32,78,,118,326,409,653,42,230,,519,43,,,,501,100,990,464,1500,150,950,450,29,12
2024-08-02,1165,882,749,541,400,979,837,783,1494,1171,409,66,125,50,52,55,94,60,210,,186,60,32,78,,118,326,410,653,42,230,,519,43,,,,501,100,990,463,1500,150,950,450,29,12
2024-08-09,1165,882,749,541,400,979,837,783,1494,1171,409,66,125,50,52,55,94,60,210,,186,60,32,78,,118,326,409,653,42,230,,519,43,,,,501,100,990,464,1500,150,950,450,29,12
2024-08-16,1165,882,749,541,400,979,837,783,1494,1171,409,66,125,50,52,55,94,60,210,,186,60,32,78,,118,326,412,653,42,230,,519,43,,,,501,100,990,466,1500,150,950,450,29,12
2024-08-23,1165,882,749,541,400,979,837,783,1494,1171,409,66,125,50,52,55,94,60,210,,186,60,32,78,,118,326,410,653,42,230,,519,43,,,,501,100,990,465,1500,150,950,450,29,12
2024-08-30,1165,882,749,541,400,979,837,783,1494,1171,409,66,125,50,52,55,94,60,210,,186,60,32,78,,118,326,412,653,42,230,,519,43,,,,501,100,990,464,1500,150,950,450,29,12
2024-09-06,1165,882,749,541,400,979,837,783,1494,1171,409,66,125,50,52,55,94,60,210,,186,60,32,78,,118,326,409,653,42,230,,519,43,,,,501,100,990,463,1500,150,950,450,29,12
2024-09-13,1165,882,749,541,400,979,837,783,1494,1171,409,66,125,50,52,55,94,60,210,,186,60,32,78,,118,326,404,653,42,230,,519,43,,,,501,100,990,464,1500,150,950,450,29,12
2024-09-20,1165,882,749,541,400,979,837,783,1494,1171,409,66,125,50,52,55,94,60,210,,186,60,32,78,,118,326,403,653,42,230,,519,43,,,,501,100,990,464,1500,150,950,450,29,12
2024-09-27,1165,882,749,541,400,979,837,783,1494,1171,409,66,125,50,52,55,94,60,210,,186,60,32,78,,118,326,397,653,42,230,,519,43,,,,501,100,990,462,1500,150,950,450,29,12
2024-10-04,1165,882,749,541,400,979,837,783,1494,1171,409,66,125,50,52,55,94,60,210,,186,60,32,78,,118,326,406,653,42,230,,519,43,,,,501,100,990,464,1500,150,950,450,29,12
2024-10-11,1165,882,749,541,400,979,837,783,1494,1171,409,66,125,50,52,55,94,60,210,,186,60,32,78,,118,326,406,653,42,230,,519,43,,,,501,100,990,462,1500,150,950,450,29,12
2024-10-18,1165,882,749,541,400,979,837,783,1494,1171,409,66,125,50,52,55,94,60,210,,186,60,32,78,,118,326,408,653,42,230,,519,43,,,,501,100,990,462,1500,150,950,450,29,12
2024-10-25,1165,882,749,541,400,979,837,783,1494,1171,409,66,125,50,52,55,94,60,210,,186,60,32,78,,118,326,411,653,42,230,,519,43,,,,501,100,990,462,1500,150,950,450,29,12
2024-11-01,1165,882,749,541,400,979,837,783,1494,1171,409,66,125,50,52,55,94,60,210,,186,60,32,78,,118,326,415,653,42,230,,519,43,,,,501,100,990,462,1500,150,950,450,29,12
2024-11-08,1165,882,749,541,400,979,837,783,1494,1171,409,66,125,50,52,55,94,60,210,,186,60,32,78,,118,326,408,653,42,230,,519,43,,,,501,100,990,464,1500,150,950,450,29,12
2024-11-15,1165,882,749,541,400,979,837,783,1494,1171,409,66,125,50,52,55,94,60,210,,186,60,32,78,,118,326,406,653,42,230,,519,43,,,,501,100,990,466,1500,150,950,450,29,12
2024-11-22,1165,882,749,541,400,979,837,783,1494,1171,409,66,125,50,52,55,94,60,210,,186,60,32,78,,118,326,405,653,42,230,,519,43,,,,501,100,990,465,1500,150,950,450,29,12
2024-11-29,1165,882,749,541,400,979,837,783,1494,1171,409,66,125,50,52,55,94,60,210,,186,60,32,78,,118,326,405,653,42,230,,519,43,,,,501,100,990,463,1500,150,950,450,29,12
2024-12-06,1165,882,749,541,400,979,837,783,1494,1171,409,66,125,50,52,55,94,60,210,,186,60,32,78,,118,326,405,653,42,230,,519,43,,,,501,100,990,462,1500,150,950,450,29,12
2024-12-13,1165,882,749,541,400,979,837,783,1494,1171,409,66,125,50,52,55,94,60,210,,186,60,32,78,,118,326,404,653,42,230,,519,43,,,,501,100,990,462,1500,150,950,450,29,12
2024-12-20,1165,882,749,541,400,979,837,783,1494,1171,409,66,125,50,52,55,94,60,210,,186,60,32,78,,118,326,405,653,42,230,,519,43,,,,501,100,990,463,1500,150,950,450,29,12
2024-12-27,1165,882,749,541,400,979,837,783,1494,1171,409,66,125,50,52,55,94,60,210,,186,60,32,78,,118,326,403,653,42,230,,519,43,,,,501,100,990,464,1500,150,950,450,29,12
2025-01-03,1165,882,749,541,400,979,837,783,1494,1171,409,66,125,50,52,55,94,60,210,,186,60,32,78,,118,326,400,653,42,230,,519,43,,,,501,100,990,464,1500,150,950,450,29,12
2025-01-10,1165,882,749,541,400,979,837,783,1494,1171,409,66,125,50,52,55,94,60,210,,186,60,32,78,,118,326,397,653,42,230,,519,43,,,,501,100,990,465,1500,150,950,450,29,12
2025-01-17,1165,882,749,541,400,979,837,783,1494,1171,409,66,125,50,52,55,94,60,210,,186,60,32,78,,118,326,391,653,42,230,,519,43,,,,501,100,990,463,1500,150,950,450,29,12
2025-01-24,1165,882,749,541,400,979,837,783,1494,1171,409,66,125,50,52,55,94,60,210,,186,60,32,78,,118,326,394,653,42,230,,519,43,,,,501,100,990,463,1500,150,950,450,29,12
2025-01-31,1165,882,749,541,400,979,837,783,1494,1171,409,66,125,50,52,55,94,60,210,,186,60,32,78,,118,326,396,653,42,230,,519,43,,,,501,100,990,461,1500,150,950,450,29,12
2025-02-07,1165,882,749,541,400,979,837,783,1494,1171,409,66,125,50,52,55,94,60,210,,186,60,32,78,,118,326,402,653,42,230,,519,43,,,,501,100,990,461,1500,150,950,450,29,12
2025-02-14,1165,882,749,541,400,979,837,783,1494,1171,409,66,125,50,52,55,94,60,210,,186,60,32,78,,118,326,406,653,42,230,,519,43,,,,501,100,990,461,1500,150,950,450,29,12
2025-02-21,1165,882,749,541,400,979,837,783,1494,1171,409,66,125,50,52,55,94,60,210,,186,60,32,78,,118,326,404,653,42,230,,519,43,,,,501,100,990,462,1500,150,950,450,29,12
2025-02-27,1165,882,749,541,400,979,837,783,1494,1171,409,66,125,50,52,55,94,60,210,,186,60,32,78,,118,326,403,653,42,230,,519,93,,,,501,100,990,462,1500,150,950,450,29,12
2025-03-07,1165,882,749,541,400,979,837,783,1494,1171,409,66,125,50,52,55,94,60,210,,186,60,32,78,,118,326,412,653,42,230,,519,93,,,,501,100,990,463,1500,150,950,450,29,12
2025-03-14,1165,882,749,541,400,979,837,783,1494,1171,409,66,125,50,52,55,94,60,210,,186,60,32,78,,118,326,410,653,42,230,,519,93,,,,501,100,990,462,1500,150,950,450,29,12
2025-03-21,1165,882,749,541,400,979,837,783,1494,1171,409,66,125,50,52,55,94,60,210,,186,60,32,78,,118,326,413,653,42,230,,519,93,,,,501,100,990,463,1500,150,950,450,29,12
2025-03-28,1165,882,749,541,400,979,837,783,1494,1171,409,66,125,50,52,55,94,60,210,,186,60,32,78,,118,326,414,653,42,230,,519,93,,,,501,100,990,464,1500,150,950,450,29,12
2025-04-04,1165,882,749,541,400,979,837,783,1494,1171,409,66,125,50,52,55,94,60,210,,186,60,32,78,,118,326,418,653,42,230,,519,93,,,,501,100,990,463,1500,150,950,450,29,12
2025-04-11,1165,882,749,541,400,979,837,783,1494,1171,409,66,125,50,52,55,94,60,210,,186,60,32,78,,118,326,414,653,42,230,,519,93,,,,501,100,990,463,1500,150,950,450,29,12
2025-04-18,1165,882,749,541,400,979,837,783,1494,1171,409,66,125,50,52,55,94,60,210,,186,60,32,78,,118,326,412,653,42,230,,519,93,,,,501,100,990,462,1500,150,950,450,29,12
2025-04-25,1165,882,749,541,400,979,837,783,1494,1171,409,66,125,50,52,55,94,60,210,,186,60,32,78,,118,326,413,653,42,230,,519,93,,,,501,100,990,463,1500,150,950,450,29,12
2025-05-02,1165,882,749,541,400,979,837,783,1494,1171,409,66,125,50,52,55,94,60,210,,186,60,32,78,,118,326,415,653,42,230,,519,93,,,,501,100,990,462,1500,150,950,450,29,12
2025-05-09,1165,882,749,541,400,979,837,783,1494,1171,409,66,125,50,52,55,94,60,210,,186,60,32,78,,118,326,419,653,42,230,,519,93,,,,501,100,990,463,1500,150,950,450,29,12
2025-05-16,1165,882,749,541,400,979,837,783,1494,1171,409,66,125,50,52,55,94,60,210,,186,60,32,78,,118,326,422,653,42,230,,519,93,,,,501,100,990,462,1500,150,950,450,29,12
2025-05-23,1165,882,749,541,400,979,837,783,1494,1171,409,66,125,50,52,55,94,60,210,,186,60,32,78,,118,326,420,653,42,230,,519,93,,,,501,100,990,462,1500,150,950,450,29,12
2025-05-30,1165,882,749,541,400,979,837,783,1494,1171,409,66,125,50,52,55,94,60,210,,186,60,32,78,,118,326,421,653,42,230,,519,93,,,,501,100,990,464,1500,150,950,450,29,12
2025-06-06,1165,882,749,541,400,979,837,783,1494,1171,409,66,125,50,52,55,94,60,210,,186,60,32,78,,118,326,421,653,42,230,,519,93,,,,501,100,990,464,1500,150,950,450,29,12
2025-06-13,1165,882,749,541,400,979,837,783,1494,1171,409,66,125,50,52,55,94,60,210,,186,60,32,78,,118,326,421,653,42,230,,519,93,,,,501,100,990,464,1500,150,950,450,29,12
2025-06-20,1165,882,749,541,400,979,837,783,1494,1171,409,66,125,50,52,55,94,60,210,,186,60,32,78,,118,326,419,653,42,230,,519,93,,,,501,100,990,463,1500,150,950,450,29,12
2025-06-27,1165,882,749,541,400,979,837,783,1494,1171,409,66,125,50,52,55,94,60,210,,186,60,32,78,,118,326,418,653,42,230,,519,93,,,,501,100,990,465,1500,150,950,450,29,12
2025-07-04,1165,882,749,541,400,979,837,783,1494,1171,409,66,125,50,52,55,94,60,210,,186,60,32,78,,118,326,415,653,42,230,,519,93,,,,501,100,990,465,1500,150,950,450,29,12
2025-07-11,1165,882,749,541,400,979,837,783,1494,1171,409,66,125,50,52,55,94,60,210,,186,60,32,78,,118,326,415,653,42,230,,519,93,,,,501,100,990,462,1500,150,950,450,29,12
2025-07-18,1165,882,749,541,400,979,837,783,1494,1171,409,66,125,50,52,55,94,60,210,,186,60,32,78,,118,326,413,653,42,230,,519,93,,,,501,100,990,461,1500,150,950,450,29,12
2025-07-25,1165,882,749,541,400,979,837,783,1494,1171,409,66,125,50,52,55,94,60,210,,186,60,32,78,,118,326,411,653,42,230,,519,93,,,,501,100,990,461,1500,150,950,450,29,12
2025-08-01,1165,882,749,541,400,979,837,783,1494,1171,409,66,125,50,52,55,94,60,210,,186,60,32,78,,118,326,405,653,42,230,,519,93,,,,501,100,990,461,1500,150,950,450,29,12
2025-08-08,1165,882,749,541,400,979,837,783,1494,1171,409,66,125,50,52,55,94,60,210,,186,60,32,78,,118,326,401,653,42,230,,519,93,,,,501,100,990,461,1500,150,950,450,29,12
2025-08-15,1165,882,749,541,400,979,837,783,1494,1171,409,66,125,50,52,55,94,60,210,,186,60,32,78,,118,326,402,653,42,230,,519,93,,,,501,100,990,460,1500,150,950,450,29,12
2025-08-22,1165,882,749,541,400,979,837,783,1494,1171,409,66,125,50,52,55,94,60,210,,186,60,32,78,,118,326,402,653,42,230,,519,93,,,,501,100,990,460,1500,150,950,450,29,12
2025-08-29,1165,882,749,541,400,979,837,783,1494,1171,409,66,125,50,52,55,94,60,210,,186,60,32,78,,118,326,402,653,42,230,,519,93,,,,501,100,990,460,1500,150,950,450,29,12
2025-09-05,1165,882,749,541,400,979,837,783,1494,1171,409,66,125,50,52,55,94,60,210,,186,60,32,78,,118,326,401,653,42,230,,519,93,,,,501,100,990,460,1500,150,950,450,29,12
2025-09-12,1165,882,749,541,400,979,837,783,1494,1171,409,66,125,50,52,55,94,60,210,,186,60,32,78,,118,326,402,653,42,230,,519,93,,,,501,100,990,462,1500,150,950,450,29,12
2025-09-19,1165,882,749,541,400,979,837,783,1494,1171,409,66,125,50,52,55,94,60,210,,186,60,32,78,,118,326,402,653,42,230,,519,93,,,,501,100,990,463,1500,150,950,450,29,12
2025-09-26,1165,882,749,541,400,979,837,783,1494,1171,409,66,125,50,52,55,94,60,210,,186,60,32,78,,118,326,398,653,42,230,,519,93,,,,501,100,990,463,1500,150,950,450,29,12
2025-10-03,1165,882,749,541,400,979,837,783,1494,1171,409,66,125,50,52,55,94,60,210,,186,60,32,78,,118,326,399,653,42,230,,519,93,,,,501,100,990,463,1500,150,950,450,29,12
2025-10-10,1165,882,749,541,400,979,837,783,1494,1171,409,66,125,50,52,55,94,60,210,,186,60,32,78,,118,326,403,653,42,230,,519,93,,,,501,100,990,463,1500,150,950,450,29,12
2025-10-17,1165,882,749,541,400,979,837,783,1494,1171,409,66,125,50,52,55,94,60,210,,186,60,32,78,,118,326,409,653,42,230,,519,93,,,,501,100,990,461,1500,150,950,450,29,12
2025-10-24,1165,882,749,541,400,979,837,783,1494,1171,409,66,125,50,52,55,94,60,210,,186,60,32,78,,118,326,411,653,42,230,,519,93,,,,501,100,990,462,1500,150,950,450,29,12
2025-10-31,1165,882,749,541,400,979,837,783,1494,1171,409,66,125,50,52,55,94,60,210,,186,60,32,78,,118,326,415,653,42,230,,519,93,,,,501,100,990,462,1500,150,950,450,29,12
2025-11-07,1165,882,749,541,400,979,837,783,1494,1171,409,66,125,50,52,55,94,60,210,,186,60,32,78,,118,326,414,653,42,230,,519,93,,,,501,100,990,461,1500,150,950,450,29,12
2025-11-14,1165,882,749,541,400,979,837,783,1494,1171,409,66,125,50,52,55,94,60,210,,186,60,32,78,,118,326,418,653,42,230,,519,93,,,,501,100,990,461,1500,150,950,450,29,12
2025-11-21,1165,882,749,541,400,979,837,783,1494,1171,409,66,125,50,52,55,94,60,210,,186,60,32,78,,118,326,414,653,42,230,,519,93,,,,501,100,990,462,1500,150,950,450,29,12
2025-11-28,1165,882,749,541,400,979,837,783,1494,1171,409,66,125,50,52,55,94,60,210,,186,60,32,78,,118,326,418,653,42,230,,519,93,,,,501,100,990,462,1500,150,950,450,29,12
2025-12-05,1165,882,749,541,400,979,837,783,1494,1171,409,66,125,50,52,55,94,60,210,,186,60,32,78,,118,326,421,653,42,230,,519,93,,,,501,100,990,462,1500,150,950,450,29,12
2025-12-12,1165,882,749,541,400,979,837,783,1494,1171,409,66,125,50,52,55,94,60,210,,186,60,32,78,,118,326,418,653,42,230,,519,93,,,,501,100,990,463,1500,150,950,450,29,12
2025-12-19,1165,882,749,541,400,979,837,783,1494,1171,409,66,125,50,52,55,94,60,210,,186,60,32,78,,118,326,419,653,42,230,,519,93,,,,501,100,990,468,1500,150,950,450,29,12
2025-12-26,1165,882,749,541,400,979,837,783,1494,1171,409,66,125,50,52,55,94,60,210,,186,60,32,78,,118,326,415,653,42,230,,519,93,,,,501,100,990,468,1500,150,950,450,29,12
2026-01-02,1165,882,749,541,400,979,837,783,1494,1171,409,66,125,50,52,55,94,60,210,,186,60,32,78,,118,326,411,653,42,230,,519,93,,,,501,100,990,466,1500,150,950,450,29,12
2026-01-09,1165,882,749,541,400,979,837,783,1494,1171,409,66,125,50,52,55,94,60,210,,186,60,32,78,,118,326,411,653,42,230,,519,93,,,,501,100,990,467,1500,150,950,450,29,12
2026-01-16,1165,882,749,541,400,979,837,783,1494,1171,409,66,125,50,52,55,94,60,210,,186,60,32,78,,118,326,411,653,42,230,,519,93,,,,501,100,990,463,1500,150,950,450,29,12
2026-01-23,1165,882,749,541,400,979,837,783,1494,1171,409,66,125,50,52,55,94,60,210,,186,60,32,78,,118,326,416,653,42,230,,519,93,,,,501,100,990,463,1500,150,950,450,29,12
2026-01-30,1165,882,749,541,400,979,837,783,1494,1171,409,66,125,50,52,55,94,60,210,,186,60,32,78,,118,326,417,653,42,230,,519,93,,,,501,100,990,462,1500,150,950,450,29,12
2026-02-06,1165,882,749,541,400,979,837,783,1494,1171,409,66,125,50,52,55,94,60,210,,186,60,32,78,,118,326,414,653,42,230,,519,93,,,,501,100,990,462,1500,150,950,450,29,12
2026-02-13,1165,882,749,541,400,979,837,783,1494,1171,409,66,125,50,52,55,94,60,210,,186,60,32,78,,118,326,417,653,42,230,,519,93,,,,501,100,990,462,1500,150,950,450,29,12
2026-02-20,1165,882,749,541,400,979,837,783,1494,1171,409,66,125,50,52,55,94,60,210,,186,60,32,78,,118,326,421,653,42,230,,519,93,,,,501,100,990,463,1500,150,950,450,29,12
2026-02-27,1165,882,749,541,400,979,837,783,1494,1171,409,66,125,50,52,55,94,60,210,,186,60,32,78,,118,326,425,653,42,230,,519,93,,,,501,100,990,463,1500,150,950,450,29,12
2026-03-06,1165,882,749,541,400,979,837,783,1494,1171,409,66,125,50,52,55,94,60,210,,186,60,32,78,,118,326,422,653,42,230,,519,93,,,,501,100,990,463,1500,150,950,450,29,12
2026-03-13,1165,882,749,541,400,979,837,783,1494,1171,409,66,125,50,52,55,94,60,210,,186,60,32,78,,118,326,417,653,42,230,,519,93,,,,501,100,990,461,1500,150,950,450,29,12
2026-03-20,1165,882,749,541,400,979,837,783,1494,1171,409,66,125,50,52,55,94,60,210,,186,60,32,78,,118,326,417,653,42,230,,519,93,,,,501,100,990,462,1500,150,950,450,29,12
2026-03-27,1165,882,749,541,400,979,837,783,1494,1171,409,66,125,50,52,55,94,60,210,,186,60,32,78,,118,326,423,653,42,230,,519,93,,,,501,100,990,462,1500,150,950,450,29,12
2026-04-03,1165,882,749,541,400,979,837,783,1494,1171,409,66,125,50,52,55,94,60,210,,186,60,32,78,,118,326,419,653,42,230,,519,93,,,,501,100,990,464,1500,150,950,450,29,12
2026-04-10,1165,882,749,541,400,979,837,783,1494,1171,409,66,125,50,52,55,94,60,210,,186,60,32,78,,118,326,417,653,42,230,,519,93,,,,501,100,990,466,1500,150,950,450,29,12
2026-04-17,1165,882,749,541,400,979,837,783,1494,1171,409,66,125,50,52,55,94,60,210,,186,60,32,78,,118,326,420,653,42,230,,519,93,,,,501,100,990,465,1500,150,950,450,29,12
2026-04-24,1165,882,749,541,400,979,837,783,1494,1171,409,66,125,50,52,55,94,60,210,,186,60,32,78,,118,326,422,653,42,230,,519,93,,,,501,100,990,466,1500,150,950,450,29,12
2026-05-01,1165,882,749,541,400,979,837,783,1494,1171,409,66,125,50,52,55,94,60,210,,186,60,32,78,,118,326,426,653,42,230,,519,93,,,,501,100,990,464,1500,150,950,450,29,12
2026-05-08,1165,882,749,541,400,979,837,783,1494,1171,409,66,125,50,52,55,94,60,210,,186,60,32,78,,118,326,423,653,42,230,,519,93,,,,501,100,990,463,1500,150,950,450,29,12
2026-05-15,1165,882,749,541,400,979,837,783,1494,1171,409,66,125,50,52,55,94,60,210,,186,60,32,78,,118,326,421,653,42,230,,519,93,,,,501,100,990,462,1500,150,950,450,29,12
2026-05-22,1165,882,749,541,400,979,837,783,1494,1171,409,66,125,50,52,55,94,60,210,,186,60,32,78,,118,326,421,653,42,230,,519,93,,,,501,100,990,462,1500,150,950,450,29,12
2026-05-29,1165,882,749,541,400,979,837,783,1494,1171,409,66,125,50,52,55,94,60,210,,186,60,32,78,,118,326,424,653,42,230,,519,93,,,,501,100,990,462,1500,150,950,450,29,12
2026-06-05,1165,882,749,541,400,979,837,783,1494,1171,409,66,125,50,52,55,94,60,210,,186,60,32,78,,118,326,420,653,42,230,,519,93,,,,501,100,990,461,1500,150,950,450,29,12
2026-06-12,1165,882,749,541,400,979,837,783,1494,1171,409,66,125,50,52,55,94,60,210,,186,60,32,78,,118,326,413,653,42,230,,519,93,,,,501,100,990,461,1500,150,950,450,29,12
2026-06-19,1165,882,749,541,400,979,837,783,1494,1171,409,66,125,50,52,55,94,60,210,,186,60,32,78,,118,326,407,653,42,230,,519,93,,,,501,100,990,463,1500,150,950,450,29,12
2026-06-26,1165,882,749,541,400,979,837,783,1494,1171,409,66,125,50,52,55,94,60,210,,186,60,32,78,,118,326,412,653,42,230,,519,93,,,,501,100,990,463,1500,150,950,450,29,12
2026-07-03,1165,882,749,541,400,979,837,783,1494,1171,409,66,125,50,52,55,94,60,210,,186,60,32,78,,118,326,409,653,42,230,,519,93,,,,501,100,990,463,1500,150,950,450,29,12
2026-07-10,1165,882,749,541,400,979,837,783,1494,1171,409,66,125,50,52,55,94,60,210,,186,60,32,78,,118,326,405,653,42,230,,519,93,,,,501,100,990,461,1500,150,950,450,29,12
2026-07-17,1165,882,749,541,400,979,837,783,1494,1171,409,66,125,50,52,55,94,60,210,,186,60,32,78,,118,326,413,653,42,230,,519,93,,,,501,100,990,461,1500,150,950,450,29,12
2026-07-24,1165,882,749,541,400,979,837,783,1494,1171,409,66,125,50,52,55,94,60,210,,186,60,32,78,,118,326,411,653,42,230,,519,93,,,,501,100,990,463,1500,150,950,450,29,12
2026-07-31,1165,882,749,541,400,979,837,783,1494,1171,409,66,125,50,52,55,94,60,210,,186,60,32,78,,118,326,412,653,42,230,,519,93,,,,501,100,990,462,1500,150,950,450,29,12
2026-08-07,1165,882,749,541,400,979,837,783,1494,1171,409,66,125,50,52,55,94,60,210,,186,60,32,78,,118,326,413,653,42,230,,519,93,,,,501,100,990,462,1500,150,950,450,29,12
2026-08-14,1165,882,749,541,400,979,837,783,1494,1171,409,66,125,50,52,55,94,60,210,,186,60,32,78,,118,326,411,653,42,230,,519,93,,,,501,100,990,461,1500,150,950,450,29,12
2026-08-21,1165,882,749,541,400,979,837,783,1494,1171,409,66,125,50,52,55,94,60,210,,186,60,32,78,,118,326,412,653,42,230,,519,93,,,,501,100,990,462,1500,150,950,450,29,12
2026-08-28,1165,882,749,541,400,979,837,783,1494,1171,409,66,125,50,52,55,94,60,210,,186,60,32,78,,118,326,422,653,42,230,,519,93,,,,501,100,990,464,1500,150,950,450,29,12
2026-09-04,1165,882,749,541,400,979,837,783,1494,1171,409,66,125,50,52,55,94,60,210,,186,60,32,78,,118,326,422,653,42,230,,519,93,,,,501,100,990,461,1500,150,950,450,29,12
2026-09-11,1165,882,749,541,400,979,837,783,1494,1171,409,66,125,50,52,55,94,60,210,,186,60,32,78,,118,326,421,653,42,230,,519,93,,,,501,100,990,460,1500,150,950,450,29,12
2026-09-18,1165,882,749,541,400,979,837,783,1494,1171,409,66,125,50,52,55,94,60,210,,186,60,32,78,,118,326,421,653,42,230,,519,93,,,,501,100,990,462,1500,150,950,450,29,12
2026-09-25,1165,882,749,541,400,979,837,783,1494,1171,409,66,125,50,52,55,94,60,210,,186,60,32,78,,118,326,421,653,42,230,,519,93,,,,501,100,990,461,1500,150,950,450,29,12
