date,population,capacity,capacity_type,capacity_printed,men_population,men_capacity,women_population,women_capacity,contract_population,contract_county_jails,contract_out_of_state,contract_federal,juvenile_population,supervision_population,supervision_as_of,supervision_holds
1999-01-01,17967,14107,operating,14107,16853,13292,1114,815,3634,272,2568,492,967,65820,1998-08-31,
1999-01-08,17986,14193,operating,14193,16874,13378,1112,815,3720,284,2647,492,946,65820,1998-08-31,
1999-01-15,17999,14640,operating,14640,16880,13825,1119,815,3807,283,2723,500,952,65768,1998-09-30,
1999-01-22,18029,14644,operating,14644,16907,13829,1122,815,3809,282,2724,500,947,65768,1998-09-30,
1999-01-29,18071,14729,operating,14729,16939,13914,1132,815,3891,281,2804,508,932,65768,1998-09-30,
1999-02-05,18163,14726,operating,14726,17008,13911,1155,815,3889,281,2799,507,923,65563,1998-10-31,
1999-02-12,18193,14796,operating,14796,17037,13982,1156,814,3961,268,2882,507,917,65563,1998-10-31,
1999-02-19,18251,14881,operating,14881,17084,14067,1167,814,4046,269,2959,516,931,65563,1998-10-31,
1999-02-26,18307,15035,operating,15035,17136,14216,1171,819,4201,278,3079,543,927,65563,1998-10-31,
1999-03-05,18374,15035,operating,15035,17195,14216,1179,819,4198,277,3076,542,934,65155,1998-11-30,
1999-03-12,18459,15026,operating,15026,17270,14206,1189,820,4190,281,3075,533,906,65155,1998-11-30,
1999-03-19,18474,15101,operating,15101,17275,14280,1199,821,4265,280,3149,533,901,65155,1998-11-30,
1999-03-26,18543,15186,operating,15186,17344,14359,1199,827,4347,285,3226,535,899,65155,1998-11-30,
1999-04-02,18594,15215,operating,15215,17388,14374,1206,841,4375,300,3224,555,905,65200,1998-12-31,
1999-04-09,18562,15205,operating,15205,17353,14368,1209,837,4371,300,3224,550,896,65200,1998-12-31,
1999-04-16,18597,15223,operating,15223,17388,14386,1209,837,4386,299,3235,550,902,65200,1998-12-31,
1999-04-23,18672,15218,operating,15218,17443,14382,1229,836,4379,301,3224,554,905,65200,1998-12-31,
1999-04-30,18666,15185,operating,15185,17438,14349,1228,836,4367,295,3219,554,924,65200,1998-12-31,
1999-05-07,18679,15206,operating,15206,17452,14367,1227,839,4385,296,3226,563,914,65121,1999-01-31,
1999-05-14,18613,15203,operating,15203,17393,14366,1220,837,4383,292,3226,563,932,65121,,
1999-05-21,18692,15203,operating,15203,17456,14363,1236,840,4385,294,3225,562,939,65121,,
1999-05-28,18714,15217,operating,15217,17476,14380,1238,837,4396,294,3226,576,938,65121,,
1999-06-04,18717,15222,operating,15222,17490,14383,1227,839,4400,296,3226,576,943,64862,1999-02-28,
1999-06-11,18789,15221,operating,15221,17555,14382,1234,839,4400,296,3227,576,956,64862,1999-02-28,
1999-06-18,18875,15224,operating,15224,17631,14385,1244,839,4408,296,3234,576,963,64862,1999-02-28,
1999-06-25,18962,15240,operating,15240,17714,14399,1248,841,4423,299,3244,576,967,64862,1999-02-28,
1999-07-02,18996,15284,operating,15284,17739,14447,1257,837,4462,294,3296,576,961,64862,1999-02-28,
1999-07-09,19043,15270,operating,15270,17786,14433,1257,837,4447,278,3295,576,964,64799,1999-03-31,
1999-07-16,19110,15261,operating,15261,17850,14426,1260,835,4439,276,3293,574,967,64799,1999-03-31,
1999-07-23,19205,15234,operating,15234,17937,14403,1268,831,4415,264,3293,564,974,64799,1999-03-31,
1999-07-30,19253,15238,operating,15238,17987,14410,1266,828,4416,249,3307,561,962,64799,1999-03-31,
1999-08-06,19320,15235,operating,15235,18042,14407,1278,828,4412,240,3305,566,950,64634,1999-04-30,
1999-08-13,19398,15237,operating,15237,18108,14411,1290,826,4414,239,3305,567,965,64634,1999-04-30,
1999-08-20,19412,15269,operating,15269,18117,14443,1295,826,4449,239,3343,567,952,64634,1999-04-30,
1999-08-27,19350,15288,operating,15288,18057,14451,1293,837,4465,251,3343,567,941,64634,1999-04-30,
1999-09-03,19348,15274,operating,15274,18046,14437,1302,837,4452,255,3342,552,936,64419,1999-05-31,
1999-09-10,19389,15276,operating,15276,18089,14439,1300,837,4454,257,3345,550,949,64419,1999-05-31,
1999-09-17,19446,15261,operating,15261,18144,14424,1302,837,4440,249,3338,550,944,64419,1999-05-31,
1999-09-24,19528,15244,operating,15244,18220,14412,1308,832,4423,234,3337,550,938,64419,1999-05-31,
1999-10-01,19545,15301,operating,15301,18236,14471,1309,830,4481,233,3391,556,928,64419,1999-05-31,
1999-10-08,19636,15396,operating,15396,18327,14546,1309,850,4578,254,3468,552,926,64419,1999-05-31,
1999-10-15,19702,15470,operating,15470,18384,14620,1318,850,4647,253,3547,544,932,64419,1999-05-31,
1999-10-22,19777,15499,operating,15499,18452,14648,1325,851,4675,249,3579,544,940,64419,1999-05-31,
1999-10-29,19859,15524,operating,15524,18521,14673,1338,851,4704,251,3605,545,934,64419,1999-05-31,
1999-11-05,19874,15517,operating,15517,18544,14662,1330,855,4697,252,3605,538,926,64287,1999-06-30,
1999-11-12,19944,15511,operating,15511,18601,14656,1343,855,4693,249,3605,538,937,64135,1999-07-31,
1999-11-19,20012,15547,operating,15547,18659,14689,1353,858,4706,252,3607,544,942,64135,1999-07-31,
1999-11-25,20027,15550,operating,15550,18683,14692,1344,858,4706,249,3611,543,948,64135,1999-07-31,
1999-11-26,20024,15550,operating,15550,18680,14692,1344,858,4706,249,3611,543,948,64135,1999-07-31,
1999-12-03,20035,15571,operating,15571,18697,14713,1338,858,4707,249,3609,547,970,63928,1999-08-31,
1999-12-10,20059,15600,operating,15600,18707,14737,1352,863,4713,258,3609,545,958,63928,1999-08-31,
1999-12-17,20164,15659,operating,15659,18813,14796,1351,863,4715,258,3610,545,965,63928,1999-08-31,
1999-12-24,20167,15630,operating,15630,18814,14767,1353,863,4687,256,3584,545,958,63928,1999-08-31,
1999-12-31,20191,16015,operating,16015,18829,15026,1362,989,5074,255,3973,545,952,63854,1999-09-30,
2000-01-07,20177,16023,operating,16023,18811,15034,1366,989,5080,263,3970,545,946,63854,1999-09-30,
2000-01-14,20215,16146,operating,16146,18846,15157,1369,989,5183,269,4073,541,946,63854,1999-09-30,
2000-01-21,20264,16191,operating,16191,18891,15202,1373,989,5226,269,4113,542,942,63854,1999-09-30,
2000-01-28,20266,16269,operating,16269,18890,15280,1376,989,5301,255,4204,540,926,63854,1999-09-30,
2000-02-04,20240,16261,operating,16261,18872,15277,1368,984,5310,250,4220,539,921,63682,1999-10-31,
2000-02-11,20211,16267,operating,16267,18852,15266,1359,1001,5318,251,4214,555,929,63682,1999-10-31,
2000-02-18,20264,16313,operating,16313,18888,15314,1376,999,5359,260,4251,548,926,63682,1999-10-31,
2000-02-25,20281,16436,operating,16436,18912,15437,1369,999,5481,261,4371,548,917,63682,1999-10-31,
2000-03-03,20289,16416,operating,16416,18910,15398,1379,1018,5463,268,4333,560,910,63969,1999-11-30,
2000-03-10,20284,16465,operating,16465,18913,15445,1371,1020,5510,278,4371,560,912,63969,1999-11-30,
2000-03-17,20325,16529,operating,16529,18944,15504,1381,1025,5566,283,4426,557,934,63969,1999-11-30,
2000-03-24,20363,16497,operating,16497,18976,15472,1387,1025,5529,290,4386,557,937,63969,1999-11-30,
2000-03-31,20375,16478,operating,16478,18990,15451,1385,1027,5512,291,4368,557,938,63969,1999-11-30,
2000-04-07,20415,16470,operating,16470,19030,15443,1385,1027,5503,290,4363,557,933,63969,1999-11-30,
2000-04-14,20427,16423,operating,16423,19035,15396,1392,1027,5455,290,4323,548,936,63969,1999-11-30,
2000-04-21,20486,16400,operating,16400,19089,15358,1397,1042,5426,303,4283,548,942,63969,1999-11-30,
2000-04-28,20471,16421,operating,16421,19083,15380,1388,1041,5424,297,4281,548,940,63969,1999-11-30,
2000-05-05,20469,16439,operating,16439,19069,15401,1400,1038,5425,291,4286,548,943,63786,1999-12-31,
2000-05-12,20514,16384,operating,16384,19103,15356,1411,1028,5368,294,4244,538,932,63786,1999-12-31,
2000-05-19,20538,16347,operating,16347,19117,15316,1421,1031,5319,299,4198,529,955,63786,1999-12-31,
2000-05-26,20585,16544,operating,16544,19166,15513,1419,1031,5399,303,4269,529,952,63786,1999-12-31,
2000-06-02,20529,16532,operating,16532,19099,15500,1430,1032,5388,303,4265,529,936,63840,2000-01-31,
2000-06-09,20557,16639,operating,16639,19124,15601,1433,1038,5487,303,4347,540,951,63840,2000-01-31,
2000-06-16,20597,16734,operating,16734,19155,15684,1442,1050,5574,305,4423,546,965,63840,2000-01-31,
2000-06-23,20583,16802,operating,16802,19144,15750,1439,1052,5644,306,4499,546,950,63840,2000-01-31,
2000-06-30,20555,16806,operating,16806,19139,15758,1416,1048,5649,307,4499,543,961,63840,2000-01-31,
2000-07-07,20552,16830,operating,16830,19138,15747,1414,1083,5674,338,4494,544,943,64119,2000-02-29,
2000-07-14,20559,16869,operating,16869,19137,15757,1422,1112,5713,341,4522,555,941,64119,2000-02-29,
2000-07-21,20608,16877,operating,16877,19182,15767,1426,1110,5713,338,4521,555,960,64119,2000-02-29,
2000-07-28,20682,16891,operating,16891,19239,15781,1443,1110,5726,341,4529,555,946,64119,2000-02-29,
2000-08-04,20664,16885,operating,16885,19225,15779,1439,1106,5718,339,4529,551,916,64115,2000-03-31,
2000-08-11,20672,16896,operating,16896,19228,15791,1444,1105,5729,338,4541,551,940,64008,2000-04-30,
2000-08-18,20671,16883,operating,16883,19243,15784,1428,1099,5714,340,4528,545,928,64008,2000-04-30,
2000-08-25,20624,17171,operating,17171,19199,16071,1425,1100,5710,339,4522,546,921,64008,2000-04-30,
2000-09-01,20625,17169,operating,17169,19204,16067,1421,1102,5704,340,4522,546,912,64253,2000-05-31,
2000-09-08,20604,17138,operating,17138,19192,16046,1412,1092,5669,328,4522,525,916,64269,2000-06-30,
2000-09-15,20651,17068,operating,17068,19227,15978,1424,1090,5654,316,4521,525,935,64269,2000-06-30,
2000-09-22,20690,17051,operating,17051,19265,15973,1425,1078,5637,314,4519,507,946,64269,2000-06-30,
2000-09-29,20627,17059,operating,17059,19206,15984,1421,1075,5629,311,4516,507,939,64269,2000-06-30,
2000-10-06,20592,17057,operating,17057,19182,15983,1410,1074,5625,309,4517,507,942,64270,2000-07-31,
2000-10-13,20604,17054,operating,17054,19196,15987,1408,1067,5621,301,4515,507,950,64270,2000-07-31,
2000-10-20,20631,17018,operating,17018,19228,15812,1403,1206,5583,296,4519,465,960,64270,2000-07-31,
2000-10-27,20659,16968,operating,16968,19257,15810,1402,1158,5533,287,4518,425,965,64270,2000-07-31,
2000-11-03,20601,16934,operating,16934,19202,15815,1399,1119,5495,290,4518,385,965,64270,2000-07-31,
2000-11-10,20639,16930,operating,16930,19249,15817,1390,1113,5488,324,4518,345,980,64270,2000-07-31,
2000-11-17,20663,16833,operating,16833,19273,15802,1390,1031,5390,312,4437,342,987,64270,2000-07-31,
2000-11-24,20646,16823,operating,16823,19255,15792,1391,1031,5379,306,4433,342,970,64270,2000-07-31,
2000-12-01,20583,16810,operating,16810,19202,15790,1381,1020,5367,308,4432,326,973,64270,2000-07-31,
2000-12-08,20596,16857,operating,16857,19219,15832,1377,1025,5413,311,4473,326,958,64270,2000-07-31,
2000-12-15,20622,16821,operating,16821,19250,15792,1372,1029,5376,313,4436,326,942,64270,2000-07-31,
2000-12-22,20599,16731,operating,16731,19243,15766,1356,965,5289,330,4362,301,934,64270,2000-07-31,
2000-12-29,20590,16745,operating,16745,19246,15783,1344,962,5304,319,4361,326,903,64372,2000-08-31,
2001-01-05,20536,16738,operating,16738,19198,15777,1338,961,5302,315,4359,326,922,64372,2000-08-31,
2001-01-12,20546,17468,operating,17468,19204,16517,1342,951,5283,306,4354,322,944,64372,2000-08-31,
2001-01-19,20590,17455,operating,16705,19239,16504,1351,951,5266,305,4340,323,948,64372,2000-08-31,
2001-01-26,20627,17461,operating,16711,19289,16513,1338,948,5275,309,4346,319,944,64372,2000-08-31,
2001-02-02,20569,17452,operating,16702,19237,16508,1332,944,5266,301,4347,319,956,64351,2000-09-30,
2001-02-09,20588,17454,operating,16704,19264,16512,1324,942,5268,299,4349,318,913,64351,2000-09-30,
2001-02-16,20556,17417,operating,16667,19239,16474,1317,943,5230,300,4311,318,933,64351,2000-09-30,
2001-02-23,20626,17325,operating,16575,19316,16390,1310,935,5139,292,4267,285,951,64351,2000-09-30,
2001-03-02,20635,17351,operating,16601,19325,16399,1310,952,5160,309,4266,285,937,64703,2000-10-31,
2001-03-09,20631,17357,operating,16607,19337,16401,1294,956,5166,313,4266,285,943,64703,2000-10-31,
2001-03-16,20646,17391,operating,16641,19351,16439,1295,952,5199,309,4308,285,949,64703,2000-10-31,
2001-03-23,20684,17446,operating,16696,19393,16480,1291,966,5246,323,4338,285,939,64703,2000-10-31,
2001-03-30,20782,17419,operating,16669,19492,16438,1290,981,5221,340,4336,253,960,64703,2000-10-31,
2001-04-06,20789,17416,operating,16666,19495,16437,1294,979,5214,328,4335,253,947,64935,2000-11-30,
2001-04-13,20764,17379,operating,16629,19473,16409,1291,970,5174,320,4302,253,946,64935,2000-11-30,
2001-04-20,20780,17363,operating,16613,19485,16398,1295,965,5150,317,4290,249,937,64935,2000-11-30,
2001-04-27,20742,17348,operating,17348,19457,16392,1285,956,5137,327,4259,249,937,64935,2000-11-30,
2001-05-04,20791,17387,operating,17387,19513,16425,1278,962,5180,334,4295,249,926,64808,2000-12-31,
2001-05-11,20788,17368,operating,17368,19504,16403,1284,965,5161,335,4286,242,941,65207,2001-01-31,
2001-05-18,20797,17379,operating,17379,19511,16415,1286,964,5171,336,4293,241,941,65207,2001-01-31,
2001-05-25,20801,17334,operating,17334,19522,16367,1279,967,5130,339,4253,243,933,65207,2001-01-31,
2001-06-01,20720,17379,operating,17379,19459,16412,1261,967,5174,338,4293,243,921,65171,2001-02-28,
2001-06-08,20744,17276,operating,17276,19484,16347,1260,929,5070,301,4237,235,927,65171,2001-02-28,
2001-06-15,20755,17298,operating,17298,19491,16370,1264,928,5074,299,4238,235,921,65171,2001-02-28,
2001-06-22,20750,17308,operating,17308,19486,16380,1264,928,5071,299,4237,235,926,65171,2001-02-28,
2001-06-29,20737,17299,operating,17299,19474,16372,1263,927,5038,298,4207,233,933,65171,2001-02-28,
2001-07-06,20711,17297,operating,17297,19444,16369,1267,928,5036,298,4207,233,917,65171,2001-02-28,
2001-07-13,20677,17244,operating,17244,19414,16317,1263,927,4975,289,4175,209,905,65171,2001-02-28,
2001-07-20,20725,17241,operating,17241,19458,16315,1267,926,4975,281,4188,207,920,65171,2001-02-28,
2001-07-27,20730,17226,operating,17226,19475,16300,1255,926,4952,255,4187,206,921,65171,2001-02-28,
2001-08-03,20760,17223,operating,17223,19502,16298,1258,925,4943,252,4185,206,900,65171,2001-02-28,
2001-08-10,20769,17209,operating,17209,19516,16284,1253,925,4931,251,4182,198,905,65171,2001-02-28,
2001-08-17,20772,17216,operating,17216,19518,16292,1254,924,4936,250,4189,198,891,65171,2001-02-28,
2001-08-24,20787,17185,operating,17185,19538,16261,1249,924,4905,251,4157,197,890,65171,2001-02-28,
2001-08-31,20742,17178,operating,17178,19506,16260,1236,918,4901,245,4159,197,879,65171,2001-02-28,
2001-09-07,20780,17186,operating,17186,19551,16277,1229,909,4910,253,4158,197,873,65075,2001-03-31,
2001-09-14,20780,17218,operating,17218,19537,16311,1243,907,4931,253,4188,197,866,65075,2001-03-31,
2001-09-21,20833,17177,operating,17177,19593,16270,1240,907,4870,253,4132,197,880,65218,2001-04-30,
2001-09-28,20841,17167,operating,17167,19599,16260,1242,907,4860,254,4128,186,889,65218,2001-04-30,
2001-10-05,20885,18337,operating,18337,19638,17301,1247,1036,4853,249,4125,186,883,65388,2001-05-31,
2001-10-12,20901,18305,operating,18305,19658,17277,1243,1028,4818,291,4060,175,881,65388,2001-05-31,
2001-10-19,20977,18281,operating,18281,19727,17259,1250,1022,4796,312,4027,175,887,65369,2001-06-30,
2001-10-26,20860,17328,operating,17328,19604,16314,1256,1014,4719,316,3936,174,896,65369,2001-06-30,179
2001-11-02,20868,17267,operating,17267,19604,16266,1264,1001,4660,314,3874,174,872,65519,2001-07-31,211
2001-11-09,20871,17199,operating,17199,19605,16247,1266,952,4593,319,3810,165,884,65519,2001-07-31,244
2001-11-16,20857,17138,operating,17138,19594,16186,1263,952,4537,318,3749,165,873,65554,2001-08-31,288
2001-11-23,20807,17069,operating,17069,19546,16117,1261,952,4470,319,3683,165,874,65554,2001-08-31,322
2001-11-30,20767,17048,operating,17048,19510,16096,1257,952,4456,319,3679,164,884,65554,2001-08-31,358
2001-12-07,20798,16987,operating,16987,19534,16035,1264,952,4396,319,3639,139,888,65554,2001-08-31,405
2001-12-14,20812,16894,operating,16894,19545,15942,1267,952,4302,318,3541,139,882,65554,2001-08-31,411
2001-12-21,20804,16810,operating,16810,19533,15858,1271,952,4217,325,3443,139,861,65554,2001-08-31,476
2001-12-28,20813,16804,operating,16804,19532,15852,1281,952,4217,320,3443,139,853,65554,2001-08-31,509
2002-01-04,20729,16804,operating,16804,19452,15852,1277,952,4222,321,3443,139,856,65513,2001-09-30,557
2002-01-11,20646,16755,operating,16755,19377,15803,1269,952,4167,316,3383,139,866,65513,2001-09-30,626
2002-01-18,20676,16681,operating,16681,19399,15729,1277,952,4098,310,3322,139,858,65846,2001-10-31,640
2002-01-25,20666,16635,operating,16635,19397,15683,1269,952,4048,305,3288,131,863,65846,2001-10-31,659
2002-02-01,20669,16653,operating,16653,19400,15701,1269,952,4045,296,3293,131,863,65793,2001-11-30,668
2002-02-08,20703,16818,operating,16818,19432,15677,1271,1141,4018,299,3263,131,862,65793,2001-11-30,663
2002-02-15,20714,16791,operating,16791,19439,15650,1275,1141,3979,295,3228,131,845,65793,2001-11-30,677
2002-02-22,20746,16794,operating,16794,19468,15653,1278,1141,3969,294,3225,124,836,65793,2001-11-30,678
2002-03-01,20984,17045,operating,17045,19693,15904,1291,1141,3970,296,3225,124,834,65793,2001-11-30,425
2002-03-08,21027,17044,operating,17044,19736,15903,1291,1141,3966,299,3224,123,832,65793,2001-11-30,424
2002-03-15,21052,17039,operating,17039,19758,15898,1294,1141,3961,298,3224,118,805,65793,2001-11-30,431
2002-03-22,21103,17018,operating,17018,19803,15877,1300,1141,3943,294,3208,117,820,65793,2001-11-30,
2002-03-29,21120,17021,operating,17021,19817,15880,1303,1141,3941,298,3203,116,806,65793,2001-11-30,
2002-04-05,21120,17015,operating,17015,19816,15874,1304,1141,3934,298,3202,116,798,65795,2001-12-31,
2002-04-12,21134,17000,operating,17000,19823,15859,1311,1141,3918,298,3203,107,805,65795,2001-12-31,
2002-04-19,21152,17050,operating,17050,19842,15909,1310,1141,3965,298,3249,107,815,65795,2001-12-31,
2002-04-26,21143,17077,operating,17077,19830,15936,1313,1141,3988,299,3281,107,832,65795,2001-12-31,
2002-05-03,21189,17072,operating,17072,19864,15931,1325,1141,3975,298,3278,99,839,66252,2002-01-31,
2002-05-10,21184,17067,operating,17067,19855,15926,1329,1141,3969,296,3276,99,830,66252,2002-01-31,
2002-05-17,21198,17082,operating,17082,19859,15941,1339,1141,3982,300,3281,99,830,66252,2002-01-31,
2002-05-24,21185,17078,operating,17078,19848,15937,1337,1141,3984,299,3283,99,839,66252,2002-01-31,
2002-05-31,21147,17082,operating,17082,19814,15941,1333,1141,3982,299,3281,99,835,66252,2002-01-31,
2002-06-07,21229,17088,operating,17088,19904,15947,1325,1141,3984,299,3286,90,821,66534,2002-02-28,
2002-06-14,21235,17093,operating,17093,19909,15952,1326,1141,3982,300,3282,90,840,66534,2002-02-28,
2002-06-21,21213,17073,operating,17073,19885,15932,1328,1141,3964,288,3280,90,833,66534,2002-02-28,
2002-06-28,21261,17072,operating,17072,19938,15931,1323,1141,3959,281,3303,66,825,66534,2002-02-28,
2002-07-05,21256,17111,operating,17111,19929,15970,1327,1141,4001,257,3363,66,833,66400,2002-03-31,
2002-07-12,21247,17126,operating,17126,19930,15985,1317,1141,4016,224,3413,63,838,66400,2002-03-31,
2002-07-19,21234,17088,operating,17088,19912,15947,1322,1141,3990,200,3445,29,835,66400,2002-03-31,
2002-07-26,21245,17120,operating,17120,19920,15979,1325,1141,4018,202,3477,25,828,66400,2002-03-31,
2002-08-02,21295,17118,operating,17118,19962,15977,1333,1141,4015,198,3475,25,834,66537,2002-04-30,
2002-08-09,21257,17111,operating,17111,19938,15970,1319,1141,3678,201,3452,25,822,66537,2002-04-30,
2002-08-16,21289,17134,operating,17134,19963,15993,1326,1141,3704,199,3480,25,837,66537,2002-04-30,
2002-08-23,21291,17135,operating,17135,19966,15994,1325,1141,3700,198,3477,25,835,66537,2002-04-30,
2002-08-30,21319,17137,operating,17137,19989,15996,1330,1141,3700,199,3476,25,821,66537,2002-04-30,
2002-09-06,21315,18625,operating,18625,19989,17484,1326,1141,3697,199,3473,25,813,66537,2002-04-30,
2002-09-13,21348,18630,operating,18630,20008,17489,1340,1141,3708,200,3483,25,811,66537,2002-04-30,
2002-09-20,21365,18631,operating,18631,20023,17490,1342,1141,3710,202,3483,25,827,66537,2002-04-30,
2002-09-27,21405,18622,operating,18622,20072,17481,1333,1141,3709,202,3482,25,823,66537,2002-04-30,
2002-10-04,21409,18610,operating,18610,20066,17469,1343,1141,3700,197,3478,25,822,66450,2002-05-31,
2002-10-11,21433,18607,operating,18607,20093,17466,1340,1141,3703,196,3482,25,820,66450,2002-05-31,
2002-10-18,21449,18640,operating,18640,20102,17499,1347,1141,3729,197,3507,25,832,66450,2002-05-31,
2002-10-25,21438,18599,operating,18599,20098,17458,1340,1141,3699,197,3477,25,836,66450,2002-05-31,
2002-11-01,21474,18626,operating,18626,20133,17485,1341,1141,3701,199,3477,25,830,66450,2002-05-31,
2002-11-08,21524,18658,operating,18658,20187,17517,1337,1141,3729,197,3507,25,826,66450,2002-05-31,
2002-11-15,21529,18642,operating,18642,20192,17501,1337,1141,3719,198,3496,25,821,66450,2002-05-31,
2002-11-22,21608,18638,operating,18638,20265,17497,1343,1141,3714,198,3491,25,833,66866,2002-07-31,
2002-11-29,21580,18637,operating,18637,20231,17496,1349,1141,3716,200,3491,25,824,66866,2002-07-31,
2002-12-06,21554,18628,operating,18628,20208,17487,1346,1141,3705,198,3482,25,815,66866,2002-07-31,
2002-12-13,21550,18639,operating,18639,20216,17498,1334,1141,3708,198,3485,25,823,66866,2002-07-31,
2002-12-20,21503,18643,operating,18643,20171,17502,1332,1141,3707,199,3483,25,819,66866,2002-07-31,
2002-12-27,21576,18655,operating,18655,20235,17514,1341,1141,3706,199,3482,25,803,66866,2002-07-31,
2003-01-03,21602,18655,operating,18655,20264,17514,1338,1141,3706,199,3482,25,801,66705,2002-08-31,
2003-01-10,21553,18633,operating,18633,20217,17492,1336,1141,3677,199,3453,25,807,66705,2002-08-31,
2003-01-17,21562,18600,operating,18600,20220,17459,1342,1141,3647,198,3424,25,799,66705,2002-08-31,
2003-01-24,21512,18565,operating,18565,20169,17424,1343,1141,3614,196,3393,25,787,66705,2002-08-31,
2003-01-31,21513,18511,operating,18511,20183,17370,1330,1141,3552,196,3331,25,791,66705,2002-08-31,
2003-02-07,21554,18483,operating,18483,20221,17342,1333,1141,3521,195,3301,25,784,67204,2002-10-31,
2003-02-14,21593,18394,operating,18394,20260,17241,1333,1153,3457,195,3237,25,767,67204,2002-10-31,
2003-02-21,21569,18318,operating,18318,20240,17165,1329,1153,3377,199,3153,25,772,67204,2002-10-31,
2003-02-28,21531,18226,operating,18226,20212,17073,1319,1153,3285,198,3062,25,774,67204,2002-10-31,
2003-03-07,21548,18132,operating,18132,20226,16979,1322,1153,3190,196,2969,25,767,67266,2002-11-30,
2003-03-14,21534,18040,operating,18040,20217,16887,1317,1153,3091,196,2870,25,758,67266,2002-11-30,
2003-03-21,21543,17974,operating,17974,20233,16821,1310,1153,3015,194,2796,25,771,67266,2002-11-30,
2003-03-28,21539,17886,operating,17886,20226,16733,1313,1153,2931,192,2714,25,788,67266,2002-11-30,
2003-04-04,21589,17895,operating,17895,20266,16742,1323,1153,2930,191,2714,25,769,67266,2002-11-30,
2003-04-11,21573,17840,operating,17840,20258,16687,1315,1153,2870,192,2653,25,755,67266,2002-11-30,
2003-04-18,21580,17769,operating,17769,20262,16616,1318,1153,2802,192,2585,25,766,67266,2002-11-30,
2003-04-25,21566,17710,operating,17710,20246,16557,1320,1153,2749,193,2531,25,759,67266,2002-11-30,
2003-05-02,21565,17656,operating,17656,20239,16503,1326,1153,2689,194,2470,25,756,67266,2002-11-30,
2003-05-09,21560,17598,operating,17598,20228,16445,1332,1153,2630,194,2411,25,754,67266,2002-11-30,
2003-05-16,21579,17546,operating,17546,20252,16393,1327,1153,2575,194,2356,25,749,67266,2002-11-30,
2003-05-23,21612,17488,operating,17488,20280,16335,1332,1153,2516,195,2296,25,746,67266,2002-11-30,
2003-05-30,21581,17485,operating,17485,20256,16332,1325,1153,2514,195,2294,25,737,67266,2002-11-30,
2003-06-06,21623,17467,operating,17467,20303,16314,1320,1153,2495,177,2293,25,738,67266,2002-11-30,
2003-06-13,21646,17468,operating,17468,20306,16315,1340,1153,2496,178,2293,25,753,67266,2002-11-30,
2003-06-20,21623,17497,operating,17497,20292,16344,1331,1153,2528,178,2325,25,745,67266,2002-11-30,
2003-06-27,21615,17478,operating,17478,20273,16325,1342,1153,2501,181,2295,25,730,67266,2002-11-30,
2003-07-04,21619,17459,operating,17459,20263,16306,1356,1153,2491,173,2293,25,719,67711,2003-02-28,
2003-07-11,21573,17448,operating,17448,20219,16295,1354,1153,2490,173,2292,25,735,67711,2003-02-28,
2003-07-18,21596,17451,operating,17451,20232,16298,1364,1153,2487,172,2290,25,731,67711,2003-02-28,
2003-07-25,21598,17429,operating,17429,20232,16276,1366,1153,2482,172,2285,25,714,67711,2003-02-28,
2003-08-01,21644,17422,operating,17422,20291,16269,1353,1153,2478,166,2287,25,715,67576,2003-03-31,
2003-08-08,21650,17472,operating,17472,20298,16319,1352,1153,2477,166,2286,25,700,67576,2003-03-31,
2003-08-15,21623,17477,operating,17477,20274,16324,1349,1153,2476,165,2286,25,701,67576,2003-03-31,
2003-08-29,21632,17371,operating,17371,20285,16218,1347,1153,2415,166,2224,25,698,67576,2003-03-31,
2003-09-05,21566,17376,operating,17376,20224,16223,1342,1153,2412,164,2223,25,690,67576,2003-03-31,
2003-09-12,21540,17392,operating,17392,20196,16239,1344,1153,2428,180,2223,25,689,67576,2003-03-31,
2003-09-19,21564,17390,operating,17390,20198,16237,1366,1153,2421,180,2216,25,707,67576,2003-03-31,
2003-09-26,21598,17332,operating,17332,20234,16179,1364,1153,2368,180,2163,25,706,67782,2003-04-30,
2003-10-03,21634,17338,operating,17338,20277,16185,1357,1153,2368,181,2162,25,690,67782,2003-04-30,
2003-10-10,21674,17346,operating,17346,20309,16193,1365,1153,2368,181,2162,25,687,67782,2003-04-30,
2003-10-17,21698,17327,operating,17327,20338,16174,1360,1153,2337,180,2132,25,684,67782,2003-04-30,
2003-10-24,21687,17266,operating,17266,20335,16113,1352,1153,2279,182,2072,25,679,67782,2003-04-30,
2003-10-31,21747,17263,operating,17263,20395,16110,1352,1153,2279,183,2071,25,686,67773,2003-06-30,
2003-11-07,21761,17265,operating,17265,20416,16112,1345,1153,2279,183,2071,25,678,67773,2003-06-30,
2003-11-14,21792,17246,operating,17246,20435,16093,1357,1153,2251,185,2041,25,687,67773,2003-06-30,
2003-11-21,21799,17243,operating,17243,20439,16090,1360,1153,2253,215,2013,25,709,67773,2003-06-30,
2003-11-28,21798,17220,operating,17220,20441,16067,1357,1153,2226,215,1986,25,715,67773,2003-06-30,
2003-12-05,21752,17218,operating,17218,20389,16065,1363,1153,2225,215,1985,25,704,67773,2003-06-30,
2003-12-12,21769,17489,operating,16781,20415,16336,1354,1153,2194,215,1954,25,704,67773,2003-06-30,
2003-12-19,21801,17432,operating,16748,20447,16279,1354,1153,2132,215,1892,25,702,67773,2003-06-30,
2003-12-26,21795,17429,operating,16749,20448,16276,1347,1153,2130,215,1890,25,681,67773,2003-06-30,
2004-01-02,21773,17426,operating,16749,20419,16273,1354,1153,2130,215,1890,25,685,67773,2003-06-30,
2004-01-09,21780,17394,operating,16709,20432,16241,1348,1153,2100,275,1800,25,681,68176,2003-10-31,
2004-01-16,21782,17474,operating,16779,20424,16321,1358,1153,2189,364,1800,25,689,68176,2003-10-31,
2004-01-23,21780,17477,operating,16789,20426,16324,1354,1153,2190,395,1770,25,687,68176,2003-10-31,
2004-01-30,21842,17421,operating,16737,20481,16268,1361,1153,2130,394,1711,25,682,68176,2003-10-31,
2004-02-06,21876,17394,operating,16729,20519,16241,1357,1153,2100,393,1682,25,668,68176,2003-10-31,
2004-02-13,21896,17398,operating,16740,20537,16245,1359,1153,2097,390,1682,25,667,68176,2003-10-31,
2004-02-20,21926,17396,operating,16751,20575,16243,1351,1153,2094,388,1681,25,674,68176,2003-10-31,
2004-02-27,21926,17326,operating,16684,20568,16173,1358,1153,2020,404,1591,25,673,68176,2003-10-31,
2004-03-05,21903,17323,operating,16698,20557,16170,1346,1153,2019,404,1590,25,670,68176,2003-10-31,
2004-03-12,21946,17312,operating,16682,20595,16159,1351,1153,2015,400,1590,25,678,68176,2003-10-31,
2004-03-19,21945,17300,operating,16671,20582,16147,1363,1153,2015,400,1590,25,681,68176,2003-10-31,
2004-03-26,21946,17292,operating,16664,20595,16139,1351,1153,2012,397,1590,25,678,68176,2003-10-31,
2004-04-02,22040,18912,operating,18308,20691,17759,1349,1153,1990,397,1568,25,676,68176,2003-10-31,
2004-04-09,22014,18968,operating,18360,20660,17815,1354,1153,2044,451,1568,25,678,68176,2003-10-31,
2004-04-16,22033,18931,operating,18311,20683,17778,1350,1153,2003,470,1508,25,678,68176,2003-10-31,
2004-04-23,22020,18874,operating,18247,20669,17721,1351,1153,1953,492,1436,25,676,67751,2004-02-29,
2004-04-30,21994,18765,operating,18159,20645,17612,1349,1153,1850,490,1335,25,677,67751,2004-02-29,
2004-05-07,21922,18633,operating,18027,20575,17480,1347,1153,1722,512,1185,25,685,67751,2004-02-29,
2004-05-14,21946,18565,operating,17952,20600,17412,1346,1153,1661,511,1125,25,686,67751,2004-02-29,
2004-05-21,21996,18416,operating,17786,20644,17263,1352,1153,1509,509,975,25,691,67751,2004-02-29,
2004-05-28,22005,18280,operating,17669,20658,17127,1347,1153,1387,507,855,25,671,67751,2004-02-29,
2004-06-04,21990,18291,operating,17680,20632,17138,1358,1153,1394,514,855,25,673,67751,2004-02-29,
2004-06-11,21963,18174,operating,17558,20601,17021,1362,1153,1270,510,735,25,678,67751,2004-02-29,
2004-06-18,22010,18048,operating,17436,20647,16895,1363,1153,1152,512,615,25,686,67751,2004-02-29,
2004-06-25,21977,17926,operating,17926,20622,16773,1355,1153,1031,511,495,25,686,67751,2004-02-29,
2004-07-02,22034,17927,operating,16827,20683,16774,1351,1153,1032,512,495,25,666,67751,2004-02-29,
2004-07-09,22003,17933,operating,16833,20657,16780,1346,1153,1033,513,495,25,655,67751,2004-02-29,
2004-07-16,22041,17871,operating,16771,20689,16718,1352,1153,973,513,435,25,661,67751,2004-02-29,
2004-07-23,22041,17859,operating,16759,20690,16706,1351,1153,972,512,435,25,658,67751,2004-02-29,
2004-07-30,22090,17845,operating,16745,20723,16692,1367,1153,971,512,434,25,662,67751,2004-02-29,
2004-08-05,22099,17848,operating,16748,20726,16695,1373,1153,971,512,434,25,658,69238,2004-03-31,
2004-08-13,22101,17823,operating,16723,20733,16670,1368,1153,956,509,422,25,657,69238,2004-03-31,
2004-08-20,22138,17830,operating,16730,20769,16677,1369,1153,959,512,422,25,661,69238,2004-03-31,
2004-08-27,22219,17832,operating,16732,20845,16679,1374,1153,964,517,422,25,657,69238,2004-03-31,
2004-09-03,22204,17832,operating,16732,20842,16679,1362,1153,964,517,422,25,647,69278,,
2004-09-10,22154,17833,operating,16733,20791,16680,1363,1153,963,516,422,25,640,69278,,
2004-09-17,22172,17826,operating,16726,20803,16673,1369,1153,947,512,410,25,641,69278,,
2004-09-24,22177,17836,operating,16736,20813,16683,1364,1153,946,511,410,25,643,69278,,
2004-10-01,22165,17844,operating,16744,20806,16691,1359,1153,947,512,410,25,629,69600,2004-07-31,
2004-10-08,22124,17848,operating,16748,20767,16695,1357,1153,947,512,410,25,634,69600,2004-07-31,
2004-10-15,22139,17838,operating,16738,20789,16685,1350,1153,949,516,408,25,642,69600,2004-07-31,
2004-10-22,22116,17837,operating,16737,20768,16684,1348,1153,943,521,397,25,643,69600,2004-07-31,
2004-10-29,22085,17846,operating,16746,20742,16693,1343,1153,948,526,397,25,658,69600,2004-07-31,
2004-11-05,22062,17848,operating,16748,20729,16695,1333,1153,949,527,397,25,652,69600,2004-07-31,
2004-11-12,22071,17770,operating,16670,20735,16617,1336,1153,865,525,307,33,662,69629,2004-08-31,
2004-11-19,22055,17789,operating,16689,20725,16636,1330,1153,806,555,217,34,652,69629,2004-08-31,
2004-11-26,22200,17799,operating,16303,20880,16646,1320,1153,804,553,217,34,642,69629,2004-08-31,
2004-12-03,22160,17780,operating,16680,20842,16627,1318,1153,806,555,217,34,660,69629,2004-08-31,
2004-12-10,22204,17799,operating,16699,20876,16646,1328,1153,805,554,217,34,657,69629,2004-08-31,
2004-12-17,22168,17711,operating,16611,20839,16558,1329,1153,715,553,128,34,656,69629,2004-08-31,
2004-12-24,22242,17664,operating,16564,20903,16511,1339,1153,655,553,68,34,663,69629,2004-08-31,
2004-12-31,22181,17650,operating,16550,20846,16497,1335,1153,654,552,68,34,650,69629,2004-08-31,
2005-01-07,22145,17634,operating,17634,20816,16481,1329,1153,637,550,53,34,658,69629,2004-08-31,
2005-01-14,22122,17574,operating,17574,20797,16421,1325,1153,638,551,53,34,662,69629,2004-08-31,
2005-01-21,22079,17557,operating,17557,20759,16404,1320,1153,631,544,53,34,666,69629,2004-08-31,
2005-01-28,22095,17554,operating,17554,20770,16401,1325,1153,634,547,53,34,670,69629,2004-08-31,
2005-02-04,22055,17532,operating,17532,20729,16379,1326,1153,632,545,53,34,685,69629,2004-08-31,
2005-02-11,21984,17527,operating,17527,20657,16374,1327,1153,630,543,53,34,678,69629,2004-08-31,
2005-02-18,21998,17514,operating,17514,20667,16361,1331,1153,630,543,53,34,674,69629,2004-08-31,
2005-02-25,21942,17505,operating,17505,20614,16352,1328,1153,631,544,53,34,672,69629,2004-08-31,
2005-03-04,21930,17501,operating,17501,20609,16348,1321,1153,631,544,53,34,676,70236,2004-12-31,
2005-03-11,21907,17488,operating,17488,20574,16335,1333,1153,625,538,53,34,682,70236,2004-12-31,
2005-03-18,21908,17488,operating,17488,20574,16335,1334,1153,632,546,53,33,675,70236,2004-12-31,
2005-03-25,21954,17495,operating,17495,20620,16342,1334,1153,629,543,53,33,652,70236,2004-12-31,
2005-04-01,21895,17501,operating,17501,20566,16348,1329,1153,621,535,53,33,658,70236,2004-12-31,
2005-04-08,21870,17494,operating,17494,20548,16341,1322,1153,622,536,53,33,643,70236,2004-12-31,
2005-04-15,21910,17454,operating,17454,20593,16331,1317,1123,619,533,53,33,654,70236,2004-12-31,
2005-04-22,21869,17437,operating,17437,20555,16314,1314,1123,615,530,53,32,650,70236,2004-12-31,
2005-04-29,21862,17440,operating,17440,20549,16317,1313,1123,614,529,53,32,660,70236,2004-12-31,
2005-05-06,21856,17391,operating,17391,20545,16268,1311,1123,568,536,0,32,663,70469,2005-02-28,
2005-05-13,21809,17400,operating,17400,20505,16277,1304,1123,573,541,0,32,649,70469,2005-02-28,
2005-05-20,21783,17398,operating,17398,20489,16275,1294,1123,571,540,0,31,649,70469,2005-02-28,
2005-05-27,21796,17405,operating,17405,20502,16282,1294,1123,576,544,0,32,653,70469,2005-02-28,
2005-06-03,21750,17402,operating,17402,20470,16279,1280,1123,572,540,0,32,636,70469,2005-02-28,
2005-06-10,21722,17405,operating,17405,20444,16282,1278,1123,573,541,0,32,664,70469,2005-02-28,
2005-06-17,21689,17384,operating,17384,20414,16261,1275,1123,559,528,0,31,669,70469,2005-02-28,
2005-06-24,21720,17387,operating,17387,20451,16264,1269,1123,559,528,0,31,669,70469,2005-02-28,
2005-07-01,21741,17395,operating,17395,20486,16272,1255,1123,560,529,0,31,669,70469,2005-02-28,
2005-07-08,21773,17401,operating,17401,20517,16278,1256,1123,563,532,0,31,652,70469,2005-02-28,
2005-07-15,21746,17393,operating,17393,20486,16270,1260,1123,557,526,0,31,657,70527,2005-03-31,
2005-07-22,21714,17384,operating,17384,20454,16261,1260,1123,555,524,0,31,649,70527,2005-03-31,
2005-07-29,21737,17399,operating,17399,20472,16276,1265,1123,562,530,0,32,638,70527,2005-03-31,
2005-08-05,21733,17404,operating,17404,20468,16281,1265,1123,567,535,0,32,638,70527,2005-03-31,
2005-08-12,21697,17358,operating,17358,20434,16235,1263,1123,526,494,0,32,632,70527,2005-03-31,
2005-08-19,21758,17378,operating,17378,20498,16255,1260,1123,535,503,0,32,629,70527,2005-03-31,
2005-08-26,21666,17390,operating,17390,20410,16267,1256,1123,543,511,0,32,623,70527,2005-03-31,
2005-09-02,21654,17379,operating,17379,20402,16256,1252,1123,545,513,0,32,613,70527,2005-03-31,
2005-09-09,21648,17403,operating,17403,20389,16280,1259,1123,562,530,0,32,618,70527,2005-03-31,
2005-09-16,21636,17399,operating,17399,20380,16276,1256,1123,565,533,0,32,611,70527,2005-03-31,
2005-09-23,21623,17402,operating,17402,20370,16279,1253,1123,577,545,0,32,619,70527,2005-03-31,
2005-09-30,21600,17403,operating,17403,20341,16280,1259,1123,576,544,0,32,620,70527,2005-03-31,
2005-10-07,21583,17391,operating,17391,20335,16268,1248,1123,574,542,0,32,616,71068,2005-06-30,
2005-10-14,21638,17390,operating,17390,20369,16267,1269,1123,579,547,0,32,607,71068,2005-06-30,
2005-10-21,21657,17384,operating,17384,20369,16261,1288,1123,572,541,0,31,606,71068,2005-06-30,
2005-10-28,21718,17377,operating,17377,20427,16254,1291,1123,577,546,0,31,618,71068,2005-06-30,
2005-11-04,21717,17381,operating,17381,20420,16258,1297,1123,573,543,0,30,624,71068,2005-06-30,
2005-11-11,21777,17371,operating,17371,20468,16248,1309,1123,572,542,0,30,626,71068,2005-06-30,
2005-11-18,21810,17364,operating,17364,20492,16241,1318,1123,565,535,0,30,615,71068,2005-06-30,
2005-11-25,21769,17373,operating,17373,20455,16250,1314,1123,578,548,0,30,616,71068,2005-06-30,
2005-12-02,21758,17357,operating,17357,20442,16234,1316,1123,563,533,0,30,613,71068,2005-06-30,
2005-12-09,21770,17349,operating,17349,20450,16226,1320,1123,558,528,0,30,616,70958,2005-08-31,
2005-12-16,21735,17336,operating,17336,20415,16213,1320,1123,555,525,0,30,614,70958,2005-08-31,
2005-12-23,21785,17338,operating,17338,20471,16215,1314,1123,552,522,0,30,593,70958,2005-08-31,
2005-12-30,21763,17325,operating,17325,20456,16202,1307,1123,542,512,0,30,579,70958,2005-08-31,
2006-01-06,21779,17304,operating,17304,20482,16181,1297,1123,533,503,0,30,579,70958,2005-08-31,
2006-01-13,21779,17302,operating,17302,20463,16179,1316,1123,524,494,0,30,598,70958,2005-08-31,
2006-01-20,21710,17259,operating,17259,20402,16136,1308,1123,482,452,0,30,600,70958,2005-08-31,
2006-01-27,21776,17247,operating,17247,20461,16124,1315,1123,480,450,0,30,597,70958,2005-08-31,
2006-02-03,21850,17242,operating,17242,20536,16119,1314,1123,480,450,0,30,593,71152,2005-09-30,
2006-02-10,21840,17231,operating,17231,20527,16108,1313,1123,472,442,0,30,590,71152,2005-09-30,
2006-02-17,21851,17214,operating,17214,20541,16091,1310,1123,461,431,0,30,589,71152,2005-09-30,
2006-02-24,21863,17219,operating,17219,20555,16096,1308,1123,464,433,0,31,585,71152,2005-09-30,
2006-03-03,21870,17221,operating,17221,20562,16098,1308,1123,467,436,0,31,596,71982,2005-11-30,
2006-03-10,21857,17234,operating,17234,20547,16111,1310,1123,467,436,0,31,582,71982,2005-11-30,
2006-03-17,21792,17228,operating,17228,20480,16105,1312,1123,456,425,0,31,580,71982,2005-11-30,
2006-03-24,21853,17235,operating,17235,20535,16112,1318,1123,456,425,0,31,572,71982,2005-11-30,
2006-03-31,21898,17250,operating,17250,20580,16127,1318,1123,457,426,0,31,575,71982,2005-11-30,
2006-04-07,21921,17245,operating,17245,20596,16122,1325,1123,456,425,0,31,564,71982,2005-11-30,
2006-04-14,21896,17233,operating,17233,20562,16110,1334,1123,445,414,0,31,574,72138,2005-12-31,
2006-04-21,21865,17228,operating,17228,20541,16105,1324,1123,446,416,0,30,570,72138,2005-12-31,
2006-04-28,21904,17228,operating,17228,20583,16105,1321,1123,445,415,0,30,575,72138,2005-12-31,
2006-05-05,21905,17226,operating,17226,20582,16103,1323,1123,444,414,0,30,582,72138,2005-12-31,
2006-05-12,21946,17211,operating,17211,20623,16088,1323,1123,431,401,0,30,576,72473,2006-01-31,
2006-05-19,21937,17208,operating,17208,20617,16085,1320,1123,429,399,0,30,570,72473,2006-01-31,
2006-05-26,21976,17219,operating,17219,20657,16096,1319,1123,433,403,0,30,571,72473,2006-01-31,
2006-06-02,22021,17238,operating,17238,20697,16115,1324,1123,450,420,0,30,569,72473,2006-01-31,
2006-06-09,21997,17231,operating,17231,20657,16108,1340,1123,449,419,0,30,573,72473,2006-01-31,
2006-06-16,22059,17285,operating,17285,20722,16162,1337,1123,502,472,0,30,589,73045,2006-03-31,
2006-06-23,22029,17293,operating,17293,20707,16170,1322,1123,503,473,0,30,579,73045,2006-03-31,
2006-06-30,22120,17583,operating,17583,20785,16460,1335,1123,503,473,0,30,575,73045,2006-03-31,
2006-07-07,22045,17278,operating,17278,20722,16155,1323,1123,496,465,0,31,576,73045,2006-03-31,
2006-07-14,22104,17341,operating,17341,20786,16218,1318,1123,548,517,0,31,574,73045,2006-03-31,
2006-07-21,22120,17341,operating,17341,20785,16218,1335,1123,544,514,0,30,578,73045,2006-03-31,
2006-07-28,22126,17340,operating,17340,20797,16217,1329,1123,548,518,0,30,571,73045,2006-03-31,
2006-08-04,22166,17355,operating,17355,20834,16232,1332,1123,562,533,0,29,581,73243,2006-05-31,
2006-08-11,22117,17361,operating,17361,20779,16238,1338,1123,576,547,0,29,558,73243,2006-05-31,
2006-08-18,22150,17353,operating,17353,20804,16230,1346,1123,573,545,0,28,562,73243,2006-05-31,
2006-08-25,22156,17352,operating,17352,20800,16229,1356,1123,572,544,0,28,572,73243,2006-05-31,
2006-09-01,22212,17352,operating,17352,20860,16229,1352,1123,572,544,0,28,569,73160,2006-06-30,
2006-09-08,22217,17358,operating,17358,20864,16235,1353,1123,576,548,0,28,561,73160,2006-06-30,
2006-09-15,22209,17357,operating,17357,20851,16234,1358,1123,573,545,0,28,566,73160,2006-06-30,
2006-09-22,22269,17364,operating,17364,20917,16241,1352,1123,575,547,0,28,565,73160,2006-06-30,
2006-09-29,22231,17359,operating,17359,20874,16236,1357,1123,573,545,0,28,571,73160,2006-06-30,
2006-10-06,22259,17344,operating,17344,20900,16221,1359,1123,584,556,0,28,572,73160,2006-06-30,
2006-10-13,22246,17352,operating,17352,20887,16229,1359,1123,587,559,0,28,584,73160,2006-06-30,
2006-10-20,22310,17360,operating,17360,20948,16237,1362,1123,589,561,0,28,575,73160,2006-06-30,
2006-10-27,22355,17347,operating,17347,20994,16224,1361,1123,588,560,0,28,581,73160,2006-06-30,
2006-11-03,22370,17364,operating,17364,21007,16241,1363,1123,607,579,0,28,568,73024,2006-07-31,
2006-11-10,22401,17383,operating,17383,21044,16260,1357,1123,619,590,0,29,569,73024,2006-07-31,
2006-11-17,22398,17383,operating,17383,21029,16260,1369,1123,615,587,0,28,574,73024,2006-07-31,
2006-11-24,22408,17396,operating,17396,21034,16273,1374,1123,623,595,0,28,568,73024,2006-07-31,
2006-12-01,22449,17399,operating,17399,21074,16276,1375,1123,624,596,0,28,559,73024,2006-07-31,
2006-12-08,22459,17403,operating,17403,21096,16280,1363,1123,624,596,0,28,569,73024,2006-07-31,
2006-12-15,22436,17404,operating,17404,21077,16281,1359,1123,621,593,0,28,573,73024,2006-07-31,
2006-12-22,22519,17397,operating,17397,21142,16274,1377,1123,619,591,0,28,586,72987,2006-09-30,
2006-12-29,22501,17412,operating,17412,21124,16289,1377,1123,623,595,0,28,573,72987,2006-09-30,
2007-01-05,22494,17416,operating,17416,21109,16293,1385,1123,620,592,0,28,575,72987,2006-09-30,
2007-01-12,22583,17403,operating,17403,21200,16280,1383,1123,613,585,0,28,581,72987,2006-09-30,
2007-01-19,22550,17434,operating,17434,21172,16311,1378,1123,643,615,0,28,588,72987,2006-09-30,
2007-01-26,22584,17421,operating,17421,21208,16298,1376,1123,638,610,0,28,591,72987,2006-09-30,
2007-02-02,22618,17414,operating,17414,21240,16291,1378,1123,641,612,0,29,596,72987,2006-09-30,
2007-02-09,22617,17418,operating,17418,21253,16295,1364,1123,641,612,0,29,585,72987,2006-09-30,
2007-02-16,22616,17424,operating,17424,21260,16301,1356,1123,636,607,0,29,589,72987,2006-09-30,
2007-02-23,22650,17438,operating,17408,21289,16315,1361,1123,636,608,0,28,585,72987,2006-09-30,
2007-03-02,22648,17450,operating,17410,21280,16327,1368,1123,631,603,0,28,585,73517,2006-10-31,
2007-03-09,22694,17453,operating,17405,21319,16330,1375,1123,631,603,0,28,591,73517,2006-10-31,
2007-03-16,22687,17461,operating,17401,21311,16338,1376,1123,623,595,0,28,597,73517,2006-10-31,
2007-03-23,22685,17480,operating,17407,21311,16357,1374,1123,630,602,0,28,600,73517,2006-10-31,
2007-03-30,22671,17492,operating,17404,21291,16369,1380,1123,631,603,0,28,605,73517,2006-10-31,
2007-04-06,22710,17514,operating,17404,21318,16391,1392,1123,627,598,0,29,607,73517,2006-10-31,
2007-04-13,22734,17524,operating,17413,21350,16401,1384,1123,633,604,0,29,600,73675,2007-01-31,
2007-04-20,22731,17515,operating,17405,21330,16392,1401,1123,631,602,0,29,604,73675,2007-01-31,
2007-04-27,22723,17518,operating,17407,21319,16395,1404,1123,631,602,0,29,611,73675,2007-01-31,
2007-05-04,22754,17506,operating,17395,21345,16383,1409,1123,625,596,0,29,617,73675,2007-01-31,
2007-05-11,22794,17538,operating,17427,21375,16415,1419,1123,621,592,0,29,622,73675,2007-01-31,
2007-05-18,22770,17505,operating,17394,21347,16382,1423,1123,622,593,0,29,620,73675,2007-01-31,
2007-05-25,22772,17490,operating,17379,21341,16367,1431,1123,612,583,0,29,616,73675,2007-01-31,
2007-06-01,22737,17477,operating,17367,21305,16354,1432,1123,612,583,0,29,600,73675,2007-01-31,
2007-06-08,22776,17473,operating,17362,21340,16350,1436,1123,614,585,0,29,613,73675,2007-01-31,
2007-06-15,22735,17480,operating,17369,21299,16357,1436,1123,617,588,0,29,613,73675,2007-01-31,
2007-06-22,22683,17487,operating,17376,21253,16364,1430,1123,624,595,0,29,607,73675,2007-01-31,
2007-06-29,22729,17483,operating,17372,21296,16360,1433,1123,623,594,0,29,607,73675,2007-01-31,
2007-07-06,22715,17539,operating,17428,21283,16416,1432,1123,627,598,0,29,597,73675,2007-01-31,
2007-07-13,22733,17471,operating,17362,21290,16348,1443,1123,626,597,0,29,594,73431,2007-03-31,
2007-07-20,22709,17468,operating,17357,21276,16345,1433,1123,626,597,0,29,602,73431,2007-03-31,
2007-07-27,22720,17470,operating,17359,21291,16347,1429,1123,626,597,0,29,607,73431,2007-03-31,
2007-08-03,22717,17478,operating,17367,21274,16355,1443,1123,631,602,0,29,600,73431,2007-03-31,
2007-08-10,22652,17479,operating,17368,21211,16356,1441,1123,629,600,0,29,596,73431,2007-03-31,
2007-08-17,22645,17472,operating,17361,21207,16349,1438,1123,627,598,0,29,593,73431,2007-03-31,
2007-08-24,22666,17470,operating,17359,21214,16347,1452,1123,622,593,0,29,600,73431,2007-03-31,
2007-08-31,22675,17468,operating,17357,21217,16345,1458,1123,621,592,0,29,609,73431,2007-03-31,
2007-09-07,22650,17466,operating,17355,21194,16343,1456,1123,621,592,0,29,602,73431,2007-03-31,
2007-09-14,22666,17476,operating,17365,21210,16353,1456,1123,634,605,0,29,595,73256,2007-05-31,
2007-09-21,22714,17481,operating,17370,21252,16358,1462,1123,639,610,0,29,590,73256,2007-05-31,
2007-09-28,22758,17484,operating,17373,21286,16361,1472,1123,642,613,0,29,596,73256,2007-05-31,
2007-10-05,22793,17490,operating,17379,21309,16367,1484,1123,646,617,0,29,586,73256,2007-05-31,
2007-10-12,22794,17491,operating,17380,21312,16368,1482,1123,645,616,0,29,594,73256,2007-05-31,
2007-10-19,22799,17485,operating,17374,21306,16362,1493,1123,638,609,0,29,597,73256,2007-05-31,
2007-10-26,22750,17482,operating,17371,21258,16359,1492,1123,638,609,0,29,593,73256,2007-05-31,
2007-11-02,22791,17491,operating,17380,21320,16368,1471,1123,640,611,0,29,584,73256,2007-05-31,
2007-11-09,22781,17504,operating,17393,21311,16381,1470,1123,643,614,0,29,589,73256,2007-05-31,
2007-11-16,22743,17505,operating,17397,21269,16382,1474,1123,646,617,0,29,589,72298,2007-08-31,
2007-11-23,22724,17496,operating,17385,21255,16373,1469,1123,644,615,0,29,585,72298,2007-08-31,
2007-11-30,22725,17491,operating,17381,21260,16368,1465,1123,650,621,0,29,586,72298,2007-08-31,
2007-12-07,22749,17500,operating,17390,21269,16377,1480,1123,641,612,0,29,589,72298,2007-08-31,
2007-12-14,22765,17504,operating,17395,21282,16381,1483,1123,642,613,0,29,586,72298,2007-08-31,
2007-12-21,22714,17494,operating,17384,21224,16371,1490,1123,630,601,0,29,590,72298,2007-08-31,
2007-12-28,22690,17493,operating,17383,21198,16370,1492,1123,632,603,0,29,594,72298,2007-08-31,
2008-01-04,22663,17523,operating,17413,21185,16400,1478,1123,659,630,0,29,592,72298,2007-08-31,
2008-01-11,22655,17523,operating,17413,21176,16400,1479,1123,663,634,0,29,586,72298,2007-08-31,
2008-01-18,22634,17539,operating,17428,21170,16416,1464,1123,666,637,0,29,594,72298,2007-08-31,
2008-01-25,22639,17552,operating,17441,21167,16429,1472,1123,667,638,0,29,579,72298,2007-08-31,
2008-02-01,22723,17576,operating,17465,21253,16453,1470,1123,683,654,0,29,595,72298,2007-08-31,
2008-02-08,22677,17624,operating,17513,21214,16501,1463,1123,704,676,0,28,596,71943,2007-11-30,
2008-02-15,22633,17588,operating,17478,21169,16465,1464,1123,700,672,0,28,585,72298,2007-08-31,
2008-02-22,22706,17608,operating,17500,21245,16485,1461,1123,724,696,0,28,589,72298,2007-08-31,
2008-02-29,22668,17996,operating,17891,21211,16873,1457,1123,751,723,0,28,590,71943,2007-11-30,
2008-03-07,22795,17711,operating,17600,21351,16588,1444,1123,778,750,0,28,590,71943,2007-11-30,
2008-03-14,22800,17714,design,16591,21352,16591,1448,1123,807,779,0,28,586,71943,2007-11-30,
2008-03-21,22796,17790,design,17022,21354,16667,1442,1123,882,854,0,28,595,71943,2007-11-30,
2008-03-28,22825,17761,design,16638,21381,16638,1444,1123,890,862,0,28,592,71943,2007-11-30,
2008-04-04,22858,17780,design,16657,21411,16657,1447,1123,910,881,0,29,594,71943,2007-11-30,
2008-04-11,22885,17777,design,16654,21446,16654,1439,1123,907,878,0,29,599,71943,2007-11-30,
2008-04-18,22930,17767,design,16644,21494,16644,1436,1123,901,872,0,29,600,71943,2007-11-30,
2008-04-25,22930,17767,design,16644,21500,16644,1430,1123,903,875,0,28,599,71943,2007-11-30,
2008-05-02,22936,17771,design,16648,21498,16648,1438,1123,900,872,0,28,597,71943,2007-11-30,
2008-05-09,22911,17747,design,16624,21479,16624,1432,1123,898,870,0,28,598,71943,2007-11-30,
2008-05-16,22949,17776,design,16653,21526,16653,1423,1123,937,909,0,28,604,71943,2007-11-30,
2008-05-23,22931,17754,design,16631,21505,16631,1426,1123,926,898,0,28,592,71943,2007-11-30,
2008-05-30,22953,17760,design,16637,21543,16637,1410,1123,928,900,0,28,584,71943,2007-11-30,
2008-06-06,22965,17750,design,17750,21555,16627,1410,1123,921,893,0,28,582,71425,2008-02-29,
2008-06-13,22927,17727,design,17727,21518,16604,1409,1123,907,879,0,28,590,71425,2008-02-29,
2008-06-20,22789,17727,design,17727,21391,16604,1398,1123,898,870,0,28,595,71425,2008-02-29,
2008-06-27,22772,17717,design,17717,21374,16594,1398,1123,893,865,0,28,609,71425,2008-02-29,
2008-07-04,22859,17713,design,17713,21459,16590,1400,1123,884,856,0,28,605,71425,2008-02-29,
2008-07-11,22829,17711,design,17711,21435,16588,1394,1123,879,851,0,28,599,71425,2008-02-29,
2008-07-18,22797,17725,design,17725,21400,16602,1397,1123,892,863,0,0,599,71425,2008-02-29,
2008-07-25,22809,17724,design,17724,21411,16601,1398,1123,900,873,0,0,604,71425,2008-02-29,
2008-08-01,22828,17719,design,17719,21441,16596,1387,1123,891,864,0,0,599,70798,2008-05-31,
2008-08-08,22887,17744,design,17744,21500,16621,1387,1123,905,878,0,0,605,70798,2008-05-31,
2008-08-15,22858,17738,design,17738,21463,16615,1395,1123,897,870,0,0,613,70798,2008-05-31,
2008-08-22,22882,17738,design,17738,21487,16615,1395,1123,900,873,0,0,617,70798,2008-05-31,
2008-08-29,22821,17710,design,17710,21426,16587,1395,1123,881,854,0,0,612,70798,2008-05-31,
2008-09-05,22815,17749,design,17749,21436,16626,1379,1123,914,887,0,0,606,70798,2008-05-31,
2008-09-12,22788,17755,design,17755,21419,16632,1369,1123,905,878,0,0,616,70798,2008-05-31,
2008-09-19,22776,17767,design,17767,21396,16644,1380,1123,914,887,0,0,617,70798,2008-05-31,
2008-09-26,22846,17762,design,17762,21457,16639,1389,1123,907,880,0,0,619,70798,2008-05-31,
2008-10-03,22804,17762,design,17762,21418,16639,1386,1123,899,873,0,0,597,70798,2008-05-31,
2008-10-10,22803,17778,design,17778,21417,16655,1386,1123,914,888,0,0,598,70728,2008-06-30,
2008-10-17,22786,17779,design,17779,21404,16656,1382,1123,910,884,0,0,596,70728,2008-06-30,
2008-10-24,22811,17797,design,17797,21432,16674,1379,1123,904,878,0,0,596,70728,2008-06-30,
2008-10-31,22816,17800,design,17800,21441,16677,1375,1123,912,886,0,0,591,70728,2008-06-30,
2008-11-07,22794,17791,design,17791,21436,16668,1358,1123,898,872,0,0,594,70728,2008-06-30,
2008-11-14,22800,17793,design,17793,21457,16670,1343,1123,904,878,0,0,598,70728,2008-06-30,
2008-11-21,22797,17772,design,17772,21467,16649,1330,1123,891,865,0,0,599,70728,2008-06-30,
2008-11-28,22741,17790,design,17790,21411,16667,1330,1123,898,872,0,0,594,70728,2008-06-30,
2008-12-05,22760,17774,design,17774,21427,16651,1333,1123,889,861,0,0,588,70728,2008-06-30,
2008-12-12,22795,17800,design,17800,21461,16677,1334,1123,905,878,0,0,591,70104,2008-10-31,
2008-12-19,22706,17783,design,17783,21385,16656,1321,1127,894,867,0,0,593,70104,2008-10-31,
2008-12-26,22611,17778,design,17778,21297,16651,1314,1127,891,864,0,0,590,70104,2008-10-31,
2009-01-02,22624,17773,design,17773,21314,16646,1310,1127,891,864,0,0,575,70104,2008-10-31,
2009-01-09,22648,17774,design,17774,21331,16647,1317,1127,902,874,0,0,581,70104,2008-10-31,
2009-01-16,22644,17784,design,17784,21328,16657,1316,1127,905,877,0,0,574,70104,2008-10-31,
2009-01-23,22606,17783,design,17783,21288,16657,1318,1126,905,877,0,0,566,70104,2008-10-31,
2009-01-30,22722,17773,design,17773,21395,16647,1327,1126,900,872,0,0,565,70104,2008-10-31,
2009-02-06,22700,17786,design,17786,21381,16663,1319,1123,913,885,0,0,564,70121,2008-11-30,
2009-02-13,22637,17762,design,17762,21340,16639,1297,1123,890,862,0,0,560,70121,2008-11-30,
2009-02-20,22641,17757,design,17757,21341,16634,1300,1123,887,859,0,0,555,70121,2008-11-30,
2009-02-27,22596,17758,design,17758,21298,16635,1298,1123,880,852,0,0,551,70121,2008-11-30,
2009-03-06,22589,17760,design,17760,21302,16637,1287,1123,881,853,0,0,540,70121,2008-11-30,
2009-03-13,22579,17764,design,17764,21281,16641,1298,1123,877,849,0,0,542,70121,2008-11-30,
2009-03-20,22614,17762,design,17762,21315,16639,1299,1123,882,854,0,0,539,70121,2008-11-30,
2009-03-27,22621,17753,design,17753,21319,16630,1302,1123,871,843,0,0,535,70121,2008-11-30,
2009-04-03,22618,17749,design,17749,21314,16626,1304,1123,875,847,0,0,533,70121,2008-11-30,
2009-04-10,22608,17735,design,17735,21304,16612,1304,1123,855,828,0,0,527,70066,2009-02-28,
2009-04-17,22562,17731,design,17731,21262,16608,1300,1123,860,833,0,0,525,70066,2009-02-28,
2009-04-24,22586,17724,design,17724,21285,16601,1301,1123,850,823,0,0,523,70066,2009-02-28,
2009-05-01,22557,17749,design,17749,21258,16626,1299,1123,853,826,0,0,521,70066,2009-02-28,
2009-05-08,22548,17740,design,17740,21238,16617,1310,1123,851,823,0,0,510,70066,2009-02-28,
2009-05-15,22562,17747,design,17747,21246,16624,1316,1123,857,829,0,0,518,70066,2009-02-28,
2009-05-22,22598,17731,design,17731,21290,16608,1308,1123,848,820,0,0,510,70066,2009-02-28,
2009-05-29,22569,17740,design,17740,21264,16617,1305,1123,850,822,0,0,518,70066,2009-02-28,
2009-06-05,22514,17731,design,17731,21202,16608,1312,1123,848,819,0,0,509,69918,2009-03-31,
2009-06-12,22545,17736,design,17736,21222,16613,1323,1123,851,822,0,0,518,69918,2009-03-31,
2009-06-19,22563,17730,design,17730,21245,16607,1318,1123,842,813,0,0,512,69918,2009-03-31,
2009-06-26,22616,17722,design,17722,21295,16599,1321,1123,845,816,0,0,512,69918,2009-03-31,
2009-07-03,22612,17714,design,17714,21285,16591,1327,1123,835,806,0,0,510,69678,2009-04-30,
2009-07-10,22557,17714,design,17714,21241,16591,1316,1123,840,811,0,0,514,69678,2009-04-30,
2009-07-17,22572,17708,design,17708,21253,16585,1319,1123,837,808,0,0,514,69678,2009-04-30,
2009-07-24,22615,17714,design,17714,21297,16591,1318,1123,841,812,0,0,517,69678,2009-04-30,
2009-07-31,22647,17703,design,17703,21329,16580,1318,1123,832,802,0,0,525,69678,2009-04-30,
2009-08-07,22590,17696,design,17696,21280,16573,1310,1123,825,795,0,0,519,69357,2009-05-31,
2009-08-14,22629,17686,design,17686,21319,16563,1310,1123,811,781,0,0,505,69357,2009-05-31,
2009-08-21,22584,17695,design,17695,21272,16572,1312,1123,814,784,0,0,498,69357,2009-05-31,
2009-08-28,22610,17690,design,17690,21306,16567,1304,1123,809,779,0,0,510,69357,2009-05-31,
2009-09-04,22522,17704,design,17704,21226,16581,1296,1123,812,782,0,0,491,69199,2009-06-30,
2009-09-11,22458,17694,design,17694,21171,16571,1287,1123,798,768,0,0,495,69199,2009-06-30,
2009-09-18,22439,17691,design,17691,21154,16568,1285,1123,795,765,0,0,502,69199,2009-06-30,
2009-09-25,22417,17683,design,17683,21136,16560,1281,1123,789,759,0,0,498,69199,2009-06-30,
2009-10-02,22463,17691,design,17691,21188,16568,1275,1123,799,769,0,0,487,68925,2009-07-31,
2009-10-09,22436,17676,design,17676,21162,16553,1274,1123,785,755,0,0,487,68925,2009-07-31,
2009-10-16,22466,17694,design,17694,21195,16571,1271,1123,802,772,0,0,486,68925,2009-07-31,
2009-10-23,22462,17688,design,17688,21195,16565,1267,1123,794,764,0,0,490,68925,2009-07-31,
2009-10-30,22497,17680,design,17680,21228,16557,1269,1123,788,758,0,0,489,68925,2009-07-31,
2009-11-06,22525,17652,design,17652,21248,16529,1277,1123,765,735,0,0,479,68925,2009-07-31,
2009-11-13,22494,17618,design,17618,21212,16495,1282,1123,735,705,0,0,495,68638,2009-08-31,
2009-11-20,22556,17592,design,17592,21276,16469,1280,1123,709,679,0,0,481,68638,2009-08-31,
2009-11-27,22513,17589,design,17589,21236,16466,1277,1123,698,668,0,0,485,68638,2009-08-31,
2009-12-04,22501,17591,design,17591,21235,16468,1266,1123,692,662,0,0,469,68638,2009-08-31,
2009-12-11,22498,17573,design,17573,21233,16450,1265,1123,680,650,0,0,467,68638,2009-08-31,
2009-12-18,22551,17561,design,17561,21288,16438,1263,1123,675,645,0,0,468,68638,2009-08-31,
2009-12-25,22486,17560,design,17560,21226,16437,1260,1123,673,643,0,0,462,68638,2009-08-31,
2010-01-01,22431,17561,design,17561,21176,16438,1255,1123,668,638,0,0,460,68638,2009-08-31,
2010-01-08,22449,17551,design,17551,21187,16428,1262,1123,666,636,0,0,455,68376,,
2010-01-15,22472,17485,design,17485,21208,16362,1264,1123,600,570,0,0,467,68376,,
2010-01-22,22463,17493,design,17493,21195,16370,1268,1123,613,583,0,0,466,68376,,
2010-01-29,22509,17482,design,17482,21227,16359,1282,1123,616,586,0,0,465,68376,,
2010-02-05,22545,17485,design,17485,21259,16362,1286,1123,610,580,0,0,462,68376,,
2010-02-12,22561,17496,design,17496,21279,16373,1282,1123,609,579,0,0,461,68376,,
2010-02-19,22528,17481,design,17481,21252,16358,1276,1123,598,568,0,0,462,68376,2009-10-31,
2010-02-26,22514,17464,design,17464,21244,16341,1270,1123,590,559,0,0,459,68376,,
2010-03-05,22543,17476,design,17476,21270,16353,1273,1123,588,557,0,0,461,68376,,
2010-03-12,22511,17455,design,17455,21241,16332,1270,1123,581,550,0,0,467,68376,,
2010-03-19,22488,17463,design,17463,21234,16340,1254,1123,595,564,0,0,457,68376,,
2010-03-26,22521,17460,design,17460,21266,16337,1255,1123,589,558,0,0,460,68376,,
2010-04-02,22520,17431,design,17431,21268,16308,1252,1123,558,527,0,0,450,68376,,
2010-04-09,22493,17425,design,17425,21255,16302,1238,1123,553,522,0,0,445,68376,2009-10-31,
2010-04-16,22445,17407,design,17407,21201,16284,1244,1123,545,514,0,0,439,68376,2009-10-31,
2010-04-23,22481,17408,design,17408,21227,16285,1254,1123,547,516,0,0,429,68376,2009-10-31,
2010-04-30,22451,17407,design,17407,21196,16284,1255,1123,542,511,0,0,433,68376,2009-10-31,
2010-05-07,22436,17410,design,17410,21185,16287,1251,1123,538,508,0,0,440,68376,2009-10-31,
2010-05-14,22416,17412,design,17412,21166,16289,1250,1123,536,506,0,0,444,68376,2009-10-31,
2010-05-21,22511,17425,design,17425,21255,16302,1256,1123,540,510,0,0,440,68376,2009-10-31,
2010-05-28,22480,17447,design,17447,21229,16324,1251,1123,541,512,0,0,429,68376,2009-10-31,
2010-06-04,22425,17451,design,17451,21194,16328,1231,1123,546,517,0,0,423,68054,2010-05-31,
2010-06-11,22389,17459,design,17459,21154,16336,1235,1123,557,528,0,0,428,68054,2010-05-31,
2010-06-18,22398,17452,design,17452,21157,16329,1241,1123,549,520,0,0,417,68054,2010-05-31,
2010-06-25,22417,17453,design,17453,21179,16330,1238,1123,550,521,0,0,404,68054,2010-05-31,
2010-07-02,22393,17613,design,17613,21152,16490,1241,1123,555,526,0,0,400,68054,2010-05-31,
2010-07-09,22357,17611,design,17611,21122,16488,1235,1123,553,523,0,0,401,68054,2010-05-31,
2010-07-16,22322,17612,design,17612,21096,16489,1226,1123,553,523,0,0,397,68054,2010-05-31,
2010-07-23,22340,17617,design,17617,21114,16494,1226,1123,555,525,0,0,399,68054,2010-05-31,
2010-07-30,22322,17639,design,17639,21097,16516,1225,1123,553,523,0,0,397,68054,2010-05-31,
2010-08-06,22271,17645,design,17645,21059,16522,1212,1123,557,527,0,0,392,68054,2010-05-31,
2010-08-13,22287,17650,design,17650,21069,16527,1218,1123,563,533,0,0,390,67534,2010-07-31,
2010-08-20,22320,17640,design,17640,21113,16517,1207,1123,555,525,0,0,393,67534,2010-07-31,
2010-08-27,22306,17636,design,17636,21101,16513,1205,1123,552,522,0,0,386,67534,2010-07-31,
2010-09-03,22252,17633,design,17633,21055,16510,1197,1123,553,523,0,0,378,67534,2010-07-31,
2010-09-10,22169,17637,design,17637,20976,16514,1193,1123,554,524,0,0,376,67534,2010-07-31,
2010-09-17,22133,17644,design,17644,20933,16521,1200,1123,559,529,0,0,393,67534,2010-07-31,
2010-09-24,22152,17639,design,17639,20947,16516,1205,1123,556,526,0,0,395,67534,2010-07-31,
2010-10-01,22166,17642,design,17642,20953,16519,1213,1123,557,527,0,0,389,67534,2010-07-31,
2010-10-08,22160,17641,design,17641,20941,16518,1219,1123,556,526,0,0,381,66708,2010-09-30,
2010-10-15,22154,17638,design,17638,20940,16515,1214,1123,553,523,0,0,379,66708,2010-09-30,
2010-10-22,22091,17635,design,17635,20889,16512,1202,1123,547,518,0,0,381,66708,2010-09-30,
2010-10-29,22143,17630,design,17630,20930,16507,1213,1123,545,516,0,0,375,66708,2010-09-30,
2010-11-05,22144,17630,design,17630,20930,16507,1214,1123,541,512,0,0,367,66708,2010-09-30,
2010-11-12,22104,17629,design,17629,20886,16506,1218,1123,540,511,0,0,370,66644,2010-10-31,
2010-11-19,22128,17619,design,17619,20912,16496,1216,1123,536,508,0,0,368,66644,2010-10-31,
2010-11-26,22136,17610,design,17610,20913,16487,1223,1123,528,500,0,0,355,66644,2010-10-31,
2010-12-03,22130,17602,design,17602,20907,16479,1223,1123,519,492,0,0,354,66644,2010-10-31,
2010-12-10,22098,17597,design,17597,20880,16474,1218,1123,514,487,0,0,352,66644,2010-10-31,
2010-12-17,22027,17590,design,17590,20807,16467,1220,1123,510,483,0,0,350,66644,2010-10-31,
2010-12-24,22019,17595,design,17595,20794,16472,1225,1123,509,482,0,0,344,66644,2010-10-31,
2010-12-31,22027,17596,design,17596,20811,16473,1216,1123,508,481,0,0,345,66644,2010-10-31,
2011-01-07,22003,17591,design,17591,20788,16468,1215,1123,506,479,0,0,351,66644,2010-10-31,
2011-01-14,21914,17585,design,17585,20691,16462,1223,1123,500,473,0,0,353,66644,2010-10-31,
2011-01-21,21949,17577,design,17577,20722,16454,1227,1123,497,470,0,0,359,66644,2010-10-31,
2011-01-28,21923,17575,design,17575,20709,16452,1214,1123,494,467,0,0,361,66644,2010-10-31,
2011-02-04,21878,17571,design,17571,20657,16448,1221,1123,492,465,0,0,355,66644,2010-10-31,
2011-02-11,21879,17567,design,17567,20665,16444,1214,1123,489,462,0,0,355,66644,2010-10-31,
2011-02-18,21890,17567,design,17567,20685,16444,1205,1123,489,462,0,0,355,66644,2010-10-31,
2011-02-25,21839,17559,design,17559,20644,16436,1195,1123,481,454,0,0,355,66374,2010-11-30,
2011-03-04,21819,17503,design,17503,20619,16380,1200,1123,427,400,0,0,355,66374,2010-11-30,
2011-03-11,21874,17486,design,17486,20676,16363,1198,1123,404,377,0,0,347,66374,2010-11-30,
2011-03-18,21878,17465,design,17465,20681,16342,1197,1123,388,361,0,0,350,66374,2010-11-30,
2011-03-25,21845,17429,design,17429,20651,16306,1194,1123,354,327,0,0,335,66374,2010-11-30,
2011-04-01,21865,17379,design,17379,20676,16256,1189,1123,301,274,0,0,330,66863,2010-12-31,
2011-04-08,21790,17377,design,17377,20600,16254,1190,1123,299,272,0,0,330,66863,2010-12-31,
2011-04-15,21803,17368,design,17368,20619,16245,1184,1123,289,262,0,0,328,66863,2010-12-31,
2011-04-22,21800,17360,design,17360,20615,16237,1185,1123,284,257,0,0,325,66863,2010-12-31,
2011-04-29,21805,17351,design,17351,20623,16228,1182,1123,278,252,0,0,316,66863,2010-12-31,
2011-05-06,21807,17352,design,17352,20638,16229,1169,1123,275,250,0,0,313,67437,2011-01-31,
2011-05-13,21812,17351,design,17351,20639,16228,1173,1123,272,248,0,0,309,67437,2011-01-31,
2011-05-20,21864,17345,design,17345,20690,16222,1174,1123,268,244,0,0,301,67437,2011-01-31,
2011-05-27,21880,17340,design,17340,20708,16217,1172,1123,264,241,0,0,296,67437,2011-01-31,
2011-06-03,21787,17339,design,17339,20614,16216,1173,1123,263,240,0,0,281,67692,2011-02-28,
2011-06-10,21779,17337,design,17337,20598,16214,1181,1123,262,239,0,0,291,67692,2011-02-28,
2011-06-17,21788,17336,design,17336,20608,16213,1180,1123,260,236,0,0,273,67692,2011-02-28,
2011-06-24,21792,17343,design,17343,20620,16220,1172,1123,264,240,0,0,275,67692,2011-02-28,
2011-07-01,21812,17344,design,17344,20638,16221,1174,1123,263,239,0,0,291,67692,2011-02-28,
2011-07-08,21779,17348,design,17348,20611,16225,1168,1123,264,240,0,0,290,67692,2011-02-28,
2011-07-15,21790,17356,design,17356,20619,16233,1171,1123,264,239,0,0,292,67692,2011-02-28,
2011-07-22,21791,17350,design,17350,20612,16227,1179,1123,263,238,0,0,301,67913,2011-03-31,
2011-07-29,21810,17348,design,17348,20632,16225,1178,1123,263,238,0,0,287,67913,2011-03-31,
2011-08-05,21817,17350,design,17350,20638,16227,1179,1123,264,240,0,0,286,67913,2011-03-31,
2011-08-12,21770,17356,design,17356,20619,16233,1151,1123,266,241,0,0,296,67913,2011-03-31,
2011-08-19,21800,17355,design,17355,20639,16232,1161,1123,266,242,0,0,292,67913,2011-03-31,
2011-08-26,21816,17357,design,17357,20654,16234,1162,1123,265,241,0,0,300,67913,2011-03-31,
2011-09-02,21811,17348,design,17348,20650,16225,1161,1123,263,238,0,0,308,67943,2011-04-30,
2011-09-09,21758,17345,design,17345,20608,16218,1150,1127,258,233,0,0,309,67943,2011-04-30,
2011-09-16,21719,17354,design,17354,20573,16222,1146,1132,257,231,0,0,305,67943,2011-04-30,
2011-09-23,21748,17353,design,17353,20599,16217,1149,1136,251,225,0,0,309,67943,2011-04-30,
2011-09-30,21794,17348,design,17348,20638,16212,1156,1136,250,225,0,0,321,67943,2011-04-30,
2011-10-07,21822,17342,design,17342,20663,16207,1159,1135,243,218,0,0,320,68054,2011-06-30,
2011-10-14,21797,17313,design,17313,20636,16175,1161,1138,210,186,0,0,325,68054,2011-06-30,
2011-10-21,21776,17277,design,17277,20625,16135,1151,1142,165,141,0,0,327,68054,2011-06-30,
2011-10-28,21807,17265,design,17265,20661,16123,1146,1142,153,129,0,0,328,68054,2011-06-30,
2011-11-04,21833,17257,design,17257,20686,16115,1147,1142,150,124,0,0,337,68054,2011-06-30,
2011-11-11,21797,17246,design,17246,20660,16103,1137,1143,139,115,0,0,333,68054,2011-06-30,
2011-11-18,21809,17242,design,17242,20676,16280,1133,962,134,108,0,0,329,68054,2011-06-30,
2011-11-25,21787,17241,design,17241,20640,16274,1147,967,131,107,0,0,329,68054,2011-06-30,
2011-12-02,21816,17243,design,17243,20668,16277,1148,966,130,104,0,0,325,67928,2011-08-31,
2011-12-09,21815,17243,design,17243,20666,16276,1149,967,129,103,0,0,322,67928,2011-08-31,
2011-12-16,21847,17241,design,17241,20700,16275,1147,966,127,100,0,0,315,67928,2011-08-31,
2011-12-23,21882,16936,design,16936,20735,15968,1147,968,108,82,0,0,326,67928,2011-08-31,
2011-12-30,21884,17210,design,17210,20738,16241,1146,969,97,71,0,0,328,67928,2011-08-31,
2012-01-06,21812,17212,design,17212,20667,16244,1145,968,97,71,0,0,327,67774,2011-09-30,
2012-01-13,21808,17172,design,17172,20657,16204,1151,968,52,26,0,0,338,67774,2011-09-30,
2012-01-20,21775,17164,design,17164,20626,16196,1149,968,45,19,0,0,343,67774,2011-09-30,
2012-01-27,21823,17148,design,17148,20665,16180,1158,968,33,7,0,0,336,67774,2011-09-30,
2012-02-03,21913,17152,design,17152,20748,16184,1165,968,33,7,0,0,334,67837,2011-10-31,
2012-02-10,21907,17155,design,17155,20736,16187,1171,968,34,8,0,0,328,67837,2011-10-31,
2012-02-17,21881,17157,design,17157,20706,16189,1175,968,34,9,0,0,326,67837,2011-10-31,
2012-02-24,21884,17156,design,17156,20715,16186,1169,970,35,9,0,0,325,67837,2011-10-31,
2012-03-02,21899,17151,design,17151,20721,16182,1178,969,33,7,0,0,325,67345,2011-12-31,
2012-03-09,21929,17137,design,17137,20741,16170,1188,967,33,8,0,0,324,67345,2011-12-31,
2012-03-16,21920,17141,design,17141,20735,16174,1185,967,33,8,0,0,318,67345,2011-12-31,
2012-03-23,21963,17140,design,17140,20776,16174,1187,966,35,10,0,0,323,67345,2011-12-31,
2012-03-30,21984,17140,design,17140,20797,16173,1187,967,35,10,0,0,318,67345,2011-12-31,
2012-04-06,21981,17142,design,17142,20791,16175,1190,967,34,9,0,0,319,67345,2011-12-31,
2012-04-13,21972,17145,design,17145,20787,16178,1185,967,34,9,0,0,319,67345,2011-12-31,
2012-04-20,22014,17144,design,17144,20825,16176,1189,968,35,10,0,0,317,67345,2011-12-31,
2012-04-27,21995,17146,design,17146,20799,16177,1196,969,34,9,0,0,311,67521,2012-01-31,
2012-05-04,21984,17152,design,17152,20791,16184,1193,968,34,9,0,0,315,67521,2012-01-31,
2012-05-11,21997,17147,design,17147,20800,16182,1197,965,35,10,0,0,312,67521,2012-01-31,
2012-05-18,22003,17145,design,17145,20804,16181,1199,964,35,10,0,0,311,67521,2012-01-31,
2012-05-25,22011,17139,design,17139,20806,16176,1205,963,35,10,0,0,309,67521,2012-01-31,
2012-06-01,21973,17135,design,17135,20770,16171,1203,964,34,10,0,0,297,67521,2012-01-31,
2012-06-08,22014,17126,design,17126,20806,16170,1208,956,34,10,0,0,300,67521,2012-01-31,
2012-06-15,22016,17131,design,17131,20809,16170,1207,961,33,9,0,0,302,67521,2012-01-31,
2012-06-22,22034,17140,design,17140,20825,16170,1209,970,33,9,0,0,296,67521,2012-01-31,
2012-06-29,22045,17136,design,17136,20837,16167,1208,969,30,6,0,0,299,67299,2012-03-31,
2012-07-06,21999,17135,design,17135,20793,16167,1206,968,30,6,0,0,296,67299,2012-03-31,
2012-07-13,22026,17136,design,17136,20809,16168,1217,968,32,8,0,0,297,67299,2012-03-31,
2012-07-20,22007,17135,design,17135,20784,16167,1223,968,31,7,0,0,296,67299,2012-03-31,
2012-07-27,22077,17133,design,17133,20848,16167,1229,966,31,7,0,0,288,67299,2012-03-31,
2012-08-03,22081,17137,design,17137,20851,16171,1230,966,31,7,0,0,295,67423,2012-04-30,
2012-08-10,22052,17142,design,17142,20822,16174,1230,968,31,7,0,0,289,67423,2012-04-30,
2012-08-17,22039,17139,design,17139,20807,16171,1232,968,31,7,0,0,287,67423,2012-04-30,
2012-08-24,22023,17137,design,17137,20792,16171,1231,966,31,7,0,0,285,67423,2012-04-30,
2012-08-31,22039,17139,design,17139,20812,16173,1227,966,33,8,0,0,289,67423,2012-04-30,
2012-09-07,22025,17138,design,17138,20800,16174,1225,964,31,7,0,0,293,67423,2012-04-30,
2012-09-14,21991,17134,design,17134,20762,16170,1229,964,30,6,0,0,289,67423,2012-04-30,
2012-09-21,21968,17137,design,17137,20749,16172,1219,965,27,5,0,0,287,67423,2012-04-30,
2012-09-28,21970,17138,design,17138,20754,16172,1216,966,29,7,0,0,285,67423,2012-04-30,
2012-10-05,21967,17137,design,17137,20750,16169,1217,968,29,7,0,0,291,67423,2012-04-30,
2012-10-12,22017,17166,design,17166,20764,16170,1253,996,30,8,0,0,290,67625,2012-05-31,
2012-10-19,22041,17133,design,17133,20817,16169,1224,964,29,7,0,0,292,67625,2012-05-31,
2012-10-26,22045,17130,design,17130,20814,16167,1231,963,30,7,0,0,292,67625,2012-05-31,
2012-11-02,22065,17130,design,17130,20833,16167,1232,963,31,7,0,0,294,67625,2012-05-31,
2012-11-09,22061,17131,design,17131,20839,16168,1222,963,33,9,0,0,284,67625,2012-05-31,
2012-11-16,22064,17134,design,17134,20837,16172,1227,962,33,9,0,0,280,67625,2012-05-31,
2012-11-23,22039,17132,design,17132,20810,16170,1229,962,32,9,0,0,271,67625,2012-05-31,
2012-11-30,22060,17133,design,17133,20830,16170,1230,963,31,8,0,0,259,67625,2012-05-31,
2012-12-07,22041,17136,design,17136,20819,16172,1222,964,31,8,0,0,263,67625,2012-05-31,
2012-12-14,21985,17133,design,17133,20771,16167,1214,966,30,7,0,0,261,67625,2012-05-31,
2012-12-21,21995,17136,design,17136,20781,16170,1214,966,30,7,0,0,262,67625,2012-05-31,
2012-12-28,21963,17136,design,17136,20767,16169,1196,967,29,6,0,0,264,67625,2012-05-31,
2013-01-11,22034,17131,design,17131,20855,16169,1179,962,29,6,0,0,266,67625,2012-05-31,
2013-01-18,21927,17141,design,17141,20732,16169,1195,972,30,7,0,0,273,67625,2012-05-31,
2013-01-25,21896,17136,design,17136,20697,16164,1199,972,31,8,0,0,275,67625,2012-05-31,
2013-02-01,21905,17143,design,17143,20706,16170,1199,973,33,10,0,0,274,67625,2012-05-31,
2013-02-08,21941,17142,design,17142,20737,16171,1204,971,33,10,0,0,275,67480,2012-08-31,
2013-02-15,21917,17143,design,17143,20715,16172,1202,971,32,9,0,0,280,67480,2012-08-31,
2013-02-22,21925,17143,design,17143,20720,16172,1205,971,32,9,0,0,271,67480,2012-08-31,
2013-03-01,21931,17143,design,17143,20730,16170,1201,973,32,9,0,0,278,67480,2012-08-31,
2013-03-08,21949,17142,design,17142,20756,16167,1193,975,31,8,0,0,279,67849,2012-11-30,
2013-03-15,21944,17146,design,17146,20746,16170,1198,976,32,9,0,0,279,67849,2012-11-30,
2013-03-22,21942,17145,design,17145,20743,16171,1199,974,32,9,0,0,286,67849,2012-11-30,
2013-03-29,21940,17144,design,17144,20736,16170,1204,974,32,9,0,0,292,67849,2012-11-30,
2013-04-05,21984,17139,design,17139,20775,16167,1209,972,32,9,0,0,290,67849,2012-11-30,
2013-04-12,21948,17138,design,17138,20741,16166,1207,972,33,10,0,0,283,67849,2012-11-30,
2013-04-19,21994,17136,design,17136,20796,16164,1198,972,32,9,0,0,293,67849,2012-11-30,
2013-04-26,22003,17137,design,17137,20787,16164,1216,973,31,8,0,0,292,67849,2012-11-30,
2013-05-03,21991,17141,design,17141,20771,16168,1220,973,32,8,0,0,285,67849,2012-11-30,
2013-05-10,22032,17144,design,17144,20810,16170,1222,974,32,8,0,0,278,67849,2012-11-30,
2013-05-17,22106,17145,design,17145,20874,16171,1232,974,32,8,0,0,272,67849,2012-11-30,
2013-05-24,22093,17140,design,17140,20865,16166,1228,974,31,7,0,0,273,67849,2012-11-30,
2013-05-31,22060,17138,design,17138,20842,16163,1218,975,30,6,0,0,271,67849,2012-11-30,
2013-06-07,22104,17140,design,17140,20881,16166,1223,974,33,7,0,0,269,67849,2012-11-30,
2013-06-14,22094,17141,design,17141,20863,16167,1231,974,33,7,0,0,270,67849,2012-11-30,
2013-06-21,22109,17135,design,17135,20879,16162,1230,973,33,7,0,0,268,67849,2012-11-30,
2013-06-28,22083,17135,design,17135,20860,16163,1223,972,33,7,0,0,271,67849,2012-11-30,
2013-07-05,22091,17133,design,17133,20867,16159,1224,974,33,7,0,0,268,67849,2012-11-30,
2013-07-12,22071,17129,design,17129,20851,16155,1220,974,33,7,0,0,267,67849,2012-11-30,
2013-07-19,22016,17116,design,17116,20794,16152,1222,964,33,8,0,0,269,67849,2012-11-30,
2013-07-26,22023,17116,design,17116,20816,16151,1207,965,34,9,0,0,266,67849,2012-11-30,
2013-08-02,22054,17123,design,17123,20836,16149,1218,974,33,8,0,0,267,67849,2012-11-30,
2013-08-09,22041,17124,design,17124,20816,16150,1225,974,35,10,0,0,274,67849,2012-11-30,
2013-08-16,22015,17124,design,17124,20785,16150,1230,974,35,9,0,0,268,67849,2012-11-30,
2013-08-23,22040,17125,design,17125,20809,16148,1231,977,35,9,0,0,276,67849,2012-11-30,
2013-08-30,22143,17129,design,17129,20912,16152,1231,977,37,11,0,0,280,67849,2012-11-30,
2013-09-06,22039,17127,design,17127,20815,16150,1224,977,41,14,0,0,281,67849,2012-11-30,
2013-09-13,22017,17126,design,17126,20796,16150,1221,976,42,15,0,0,284,67849,2012-11-30,
2013-09-20,22030,17127,design,17127,20803,16151,1227,976,41,14,0,0,292,67849,2012-11-30,
2013-09-27,22034,17122,design,17122,20815,16150,1219,972,40,13,0,0,291,67849,2012-11-30,
2013-10-04,22021,17122,design,17122,20804,16151,1217,971,40,13,0,0,276,67849,2012-11-30,
2013-10-11,22000,17118,design,17118,20784,16151,1216,967,39,12,0,0,276,67849,2012-11-30,
2013-10-18,22055,17116,design,17116,20844,16150,1211,966,39,12,0,0,275,67849,2012-11-30,
2013-10-25,22059,17119,design,17119,20840,16153,1219,966,39,12,0,0,269,67849,2012-11-30,
2013-11-01,22081,17129,design,17129,20874,16155,1207,974,39,12,0,0,269,67849,2012-11-30,
2013-11-08,22078,17135,design,17135,20858,16160,1220,975,39,12,0,0,268,67849,2012-11-30,
2013-11-15,22078,17134,design,17134,20850,16158,1228,976,39,12,0,0,268,67849,2012-11-30,
2013-11-22,22074,17131,design,17131,20841,16158,1233,973,38,12,0,0,258,67849,2012-11-30,
2013-11-29,22074,17131,design,17131,20842,16158,1232,973,39,13,0,0,263,67849,2012-11-30,
2013-12-06,22065,17130,design,17130,20835,16158,1230,972,38,13,0,0,256,67849,,
2013-12-13,22038,17132,design,17132,20827,16159,1211,973,38,12,0,0,262,67849,,
2013-12-20,22068,17133,design,17133,20851,16161,1217,972,38,11,0,0,261,67849,,
2013-12-27,22031,17133,design,17133,20826,16161,1205,972,39,12,0,0,260,67849,,
2014-01-03,21987,17132,design,17132,20787,16161,1200,971,38,11,0,0,258,67849,,
2014-01-10,21981,17135,design,17135,20767,16163,1214,972,38,11,0,0,255,68683,2013-10-31,
2014-01-17,21918,17131,design,17131,20692,16158,1226,973,33,6,0,0,263,68683,2013-10-31,
2014-01-24,21913,17130,design,17130,20683,16156,1230,974,33,6,0,0,271,68683,2013-10-31,
2014-01-31,21940,17127,design,17127,20700,16155,1240,972,33,6,0,0,267,68683,2013-10-31,
2014-02-07,21916,17123,design,17123,20705,16150,1211,973,34,7,0,0,270,68683,2013-10-31,
2014-02-14,21914,17120,design,17120,20690,16155,1224,965,34,7,0,0,272,68683,2013-10-31,
2014-02-21,21937,17127,design,17127,20704,16163,1233,964,35,8,0,0,271,68683,2013-10-31,
2014-02-28,21937,17137,design,17137,20699,16162,1238,975,35,8,0,0,282,68683,2013-10-31,
2014-03-07,21994,17129,design,17129,20754,16155,1240,974,36,8,0,0,292,68683,2013-10-31,
2014-03-14,22016,17128,design,17128,20774,16153,1242,975,34,6,0,0,298,68767,2013-12-31,
2014-03-21,22076,17129,design,17129,20825,16153,1251,976,35,7,0,0,295,68767,2013-12-31,
2014-03-28,22112,17126,design,17126,20865,16151,1247,975,34,6,0,0,302,68767,2013-12-31,
2014-04-04,22109,17131,design,17131,20865,16156,1244,975,34,6,0,0,300,68767,2013-12-31,
2014-04-11,22100,17131,design,17131,20848,16157,1252,974,35,5,0,0,299,68767,2013-12-31,
2014-04-18,22052,17127,design,17127,20793,16153,1259,974,34,4,0,0,314,68767,2013-12-31,
2014-04-25,22068,17129,design,17129,20810,16152,1258,977,33,3,0,0,308,68767,2013-12-31,
2014-05-02,22080,17127,design,17127,20822,16153,1258,974,33,3,0,0,308,68767,2013-12-31,
2014-05-09,22068,17125,design,17125,20799,16150,1269,975,33,4,0,0,308,68922,2014-01-31,
2014-05-16,22091,17123,design,17123,20826,16153,1265,970,33,4,0,0,309,68922,2014-01-31,
2014-05-23,22090,17123,design,17123,20834,16155,1256,968,33,4,0,0,296,68922,2014-01-31,
2014-05-30,22118,17133,design,17133,20849,16157,1269,976,33,4,0,0,296,68922,2014-01-31,
2014-06-06,22158,17142,design,17142,20881,16162,1277,980,33,4,0,0,309,68922,2014-01-31,
2014-06-13,22106,17144,design,17144,20824,16166,1282,978,33,4,0,0,310,68922,2014-01-31,
2014-06-20,22150,17146,design,17146,20869,16171,1281,975,32,3,0,0,307,68922,2014-01-31,
2014-06-27,22129,17144,design,17144,20862,16170,1267,974,32,3,0,0,305,68922,2014-01-31,
2014-07-04,22167,17143,design,17143,20896,16169,1271,974,32,3,0,0,307,68922,2014-01-31,
2014-07-11,22135,17140,design,17140,20864,16166,1271,974,32,3,0,0,302,68922,2014-01-31,
2014-07-18,22125,17133,design,17133,20862,16163,1263,970,31,2,0,0,303,68969,2014-04-30,
2014-07-25,22108,17141,design,17141,20832,16165,1276,976,32,2,0,0,312,68969,2014-04-30,
2014-08-01,22123,17138,design,17138,20839,16163,1284,975,33,3,0,0,318,68969,2014-04-30,
2014-08-08,22162,17133,design,17133,20869,16158,1293,975,32,2,0,0,321,68969,2014-04-30,
2014-08-15,22152,17142,design,17142,20854,16167,1298,975,32,2,0,0,323,68969,2014-04-30,
2014-08-22,22178,17141,design,17141,20897,16167,1281,974,31,2,0,0,323,68969,2014-04-30,
2014-08-29,22143,17145,design,17145,20861,16170,1282,975,31,2,0,0,316,68969,2014-04-30,
2014-09-05,22088,17143,design,17143,20812,16170,1276,973,31,2,0,0,324,68969,2014-04-30,
2014-09-12,22122,17141,design,17141,20848,16172,1274,969,31,2,0,0,331,68969,2014-04-30,
2014-09-19,22143,17140,design,17140,20865,16171,1278,969,29,1,0,0,335,68969,2014-04-30,
2014-09-26,22185,17145,design,17145,20914,16170,1271,975,30,2,0,0,341,68969,2014-04-30,
2014-10-03,22198,17147,design,17147,20911,16169,1287,978,30,2,0,0,341,68969,2014-04-30,
2014-10-10,22181,17144,design,17144,20895,16166,1286,978,29,3,0,0,336,68969,2014-04-30,
2014-10-17,22159,17148,design,17148,20865,16170,1294,978,30,4,0,0,330,68969,2014-04-30,
2014-10-24,22153,17151,design,17151,20853,16173,1300,978,30,5,0,0,332,68969,2014-04-30,
2014-10-31,22177,17151,design,17151,20862,16172,1315,979,29,4,0,0,330,68969,2014-04-30,
2014-11-07,22224,17153,design,17153,20900,16174,1324,979,30,5,0,0,325,68969,2014-04-30,
2014-11-14,22200,17154,design,17154,20870,16178,1330,976,34,9,0,0,332,68969,2014-04-30,
2014-11-21,22229,17151,design,17151,20904,16175,1325,976,34,9,0,0,327,68969,2014-04-30,
2014-11-28,22249,17145,design,17145,20920,16169,1329,976,33,8,0,0,330,68969,2014-04-30,
2014-12-05,22234,17148,design,17148,20891,16171,1343,977,35,10,0,0,328,68969,2014-04-30,
2014-12-12,22253,17154,design,17154,20906,16176,1347,978,34,9,0,0,327,68969,2014-04-30,
2014-12-19,22299,17153,design,17153,20942,16175,1357,978,34,9,0,0,315,68969,2014-04-30,
2014-12-26,22243,17149,design,17149,20889,16171,1354,978,33,8,0,0,313,68969,2014-04-30,
2015-01-02,22220,17148,design,17148,20874,16171,1346,977,32,7,0,0,314,68969,2014-04-30,
2015-01-09,22232,17152,design,17152,20891,16172,1341,980,32,7,0,0,313,68969,2014-04-30,
2015-01-16,22239,17145,design,17145,20895,16166,1344,979,29,7,0,0,322,68969,2014-04-30,
2015-01-23,22227,17145,design,17145,20887,16165,1340,980,29,7,0,0,309,68969,2014-04-30,
2015-01-30,22269,17147,design,17147,20926,16167,1343,980,28,6,0,0,309,68969,2014-04-30,
2015-02-06,22263,17148,design,17148,20919,16168,1344,980,28,6,0,0,306,68969,2014-04-30,
2015-02-13,22279,17149,design,17149,20925,16169,1354,980,28,6,0,0,309,68969,2014-04-30,
2015-02-20,22328,17151,design,17151,20969,16171,1359,980,28,6,0,0,317,68839,2014-10-31,
2015-02-27,22304,17153,design,17153,20948,16173,1356,980,27,5,0,0,311,68839,2014-10-31,
2015-03-06,22355,17155,design,17155,21015,16175,1340,980,27,5,0,0,313,68839,2014-10-31,
2015-03-13,22324,17156,design,17156,20973,16173,1351,983,26,4,0,0,310,68839,2014-10-31,959
2015-03-20,22355,17154,design,17154,21000,16175,1355,979,25,3,0,0,299,68839,2014-10-31,943
2015-03-27,22399,17158,design,17158,21048,16180,1351,978,23,1,0,0,291,68839,2014-10-31,944
2015-04-03,22402,17159,design,17159,21036,16179,1366,980,23,1,0,0,286,68839,2014-10-31,975
2015-04-10,22395,17157,design,17157,21032,16179,1363,978,26,4,0,0,291,68839,2014-10-31,958
2015-04-17,22369,17157,design,17157,21005,16179,1364,978,26,4,0,0,289,68839,2014-10-31,938
2015-04-24,22406,17161,design,17161,21037,16180,1369,981,27,5,0,0,291,68636,2014-11-30,952
2015-05-01,22396,17149,design,17149,21025,16179,1371,970,29,5,0,0,295,68636,2014-11-30,967
2015-05-08,22383,17160,design,17160,21010,16182,1373,978,29,5,0,0,297,68636,2014-11-30,936
2015-05-15,22418,17160,design,17160,21022,16181,1396,979,30,6,0,0,302,68636,2014-11-30,896
2015-05-22,22433,17159,design,17159,21036,16180,1397,979,30,6,0,0,294,68636,2014-11-30,933
2015-05-29,22443,17151,design,17151,21035,16173,1408,978,28,4,0,0,299,68636,2014-11-30,934
2015-06-05,22444,17155,design,17155,21037,16177,1407,978,28,4,0,0,298,68636,2014-11-30,923
2015-06-12,22409,17147,design,17147,21001,16169,1408,978,28,4,0,0,294,68636,2014-11-30,956
2015-06-19,22452,17152,design,17152,21032,16175,1420,977,30,6,0,0,278,68636,2014-11-30,959
2015-06-26,22468,17157,design,17157,21040,16180,1428,977,30,6,0,0,284,68636,2014-11-30,949
2015-07-03,22489,17155,design,17155,21056,16178,1433,977,30,6,0,0,288,68636,2014-11-30,977
2015-07-10,22466,17151,design,17151,21039,16174,1427,977,30,6,0,0,282,68636,2014-11-30,962
2015-07-17,22453,17154,design,17154,21025,16176,1428,978,30,6,0,0,283,68636,2014-11-30,938
2015-07-24,22457,17155,design,17155,21034,16177,1423,978,32,8,0,0,287,68636,2014-11-30,916
2015-07-31,22487,17156,design,17156,21059,16179,1428,977,32,8,0,0,291,68636,2014-11-30,963
2015-08-07,22497,17158,design,17158,21071,16180,1426,978,30,6,0,0,300,68636,2014-11-30,963
2015-08-14,22488,17160,design,17160,21061,16182,1427,978,30,6,0,0,290,68636,2014-11-30,949
2015-08-21,22454,17158,design,17158,21033,16180,1421,978,30,6,0,0,296,66684,2015-07-31,921
2015-08-28,22498,17159,design,17159,21064,16181,1434,978,29,6,0,0,291,66684,2015-07-31,902
2015-09-04,22497,17158,design,17158,21060,16180,1437,978,30,6,0,0,290,66684,2015-07-31,957
2015-09-11,22445,17155,design,17155,21008,16177,1437,978,30,5,0,0,291,66420,2015-08-31,926
2015-09-18,22506,17157,design,17157,21086,16179,1420,978,31,6,0,0,297,66420,2015-08-31,900
2015-09-25,22508,17161,design,17161,21076,16184,1432,977,30,5,0,0,298,66420,2015-08-31,927
2015-10-02,22556,17158,design,17158,21130,16181,1426,977,28,3,0,0,296,66420,2015-08-31,872
2015-10-09,22609,17155,design,17155,21187,16178,1422,977,28,3,0,0,295,66420,2015-08-31,910
2015-10-16,22589,17158,design,17158,21161,16181,1428,977,29,4,0,0,295,66840,2015-09-30,907
2015-10-23,22559,17158,design,17158,21131,16181,1428,977,30,5,0,0,298,66840,2015-09-30,940
2015-10-30,22594,17158,design,17158,21162,16182,1432,976,32,5,0,0,300,66840,2015-09-30,956
2015-11-06,22650,17161,design,17161,21210,16179,1440,982,32,5,0,0,299,66840,2015-09-30,925
2015-11-13,22613,17151,design,17151,21186,16174,1427,977,31,4,0,0,300,66799,2015-10-31,921
2015-11-20,22566,17154,design,17154,21153,16176,1413,978,31,4,0,0,297,66799,2015-10-31,904
2015-11-27,22487,17155,design,17155,21094,16176,1393,979,31,4,0,0,299,66799,2015-10-31,894
2015-12-04,22522,17148,design,17148,21134,16170,1388,978,30,3,0,0,300,66799,2015-10-31,887
2015-12-11,22520,17157,design,17157,21124,16179,1396,978,37,10,0,0,305,66799,2015-10-31,863
2015-12-18,22556,17168,design,17168,21153,16189,1403,979,50,22,0,0,299,66799,2015-10-31,866
2015-12-25,22583,17172,design,17172,21203,16191,1380,981,50,22,0,0,292,66799,2015-10-31,839
2016-01-01,22557,17176,design,17176,21186,16195,1371,981,55,27,0,0,296,66799,2015-10-31,834
2016-01-08,22541,17176,design,17176,21158,16197,1383,979,55,27,0,0,287,66799,2015-10-31,806
2016-01-15,22567,17185,design,17185,21168,16204,1399,981,59,31,0,0,287,66799,2015-10-31,818
2016-01-22,22591,17191,design,17191,21194,16212,1397,979,60,32,0,0,287,66799,2015-10-31,796
2016-01-29,22596,17194,design,17194,21191,16214,1405,980,61,32,0,0,281,66799,2015-10-31,822
2016-02-05,22607,17344,design,17344,21208,16365,1399,979,61,32,0,0,274,66799,2015-10-31,835
2016-02-12,22607,17346,design,17346,21222,16368,1385,978,62,33,0,0,274,66862,2016-01-31,844
2016-02-19,22632,17196,design,17196,21231,16216,1401,980,62,33,0,0,263,66862,2016-01-31,860
2016-02-26,22608,17345,design,17345,21212,16364,1396,981,64,34,0,0,267,66862,2016-01-31,916
2016-03-04,22542,17343,design,17343,21150,16366,1392,977,69,39,0,0,265,66862,2016-01-31,905
2016-03-11,22566,17338,design,17338,21179,16361,1387,977,69,39,0,0,263,67182,2016-02-29,917
2016-03-18,22599,17339,design,17339,21209,16362,1390,977,68,38,0,0,260,67182,2016-02-29,877
2016-03-25,22604,17200,design,17200,21215,16222,1389,978,69,39,0,0,256,67182,2016-02-29,872
2016-04-01,22637,17351,design,17351,21241,16374,1396,977,70,40,0,0,257,67182,2016-02-29,903
2016-04-08,22584,17352,design,17352,21195,16375,1389,977,71,41,0,0,251,67012,2016-03-31,884
2016-04-15,22553,17357,design,17357,21149,16380,1404,977,76,46,0,0,255,67012,2016-03-31,918
2016-04-22,22639,17356,design,17356,21237,16378,1402,978,75,45,0,0,244,67012,2016-03-31,907
2016-04-29,22646,17351,design,17351,21251,16375,1395,976,73,44,0,0,242,67012,2016-03-31,904
2016-05-06,22604,17348,design,17348,21210,16372,1394,976,71,42,0,0,244,67012,2016-03-31,915
2016-05-13,22603,17347,design,17347,21203,16370,1400,977,70,41,0,0,241,66958,2016-04-30,912
2016-05-20,22644,17341,design,17341,21238,16364,1406,977,71,42,0,0,232,66958,2016-04-30,917
2016-05-27,22687,17344,design,17344,21274,16368,1413,976,74,45,0,0,225,66958,2016-04-30,948
2016-06-03,22678,17345,design,17345,21260,16368,1418,977,73,44,0,0,220,66958,2016-04-30,920
2016-06-10,22650,17356,design,17356,21246,16379,1404,977,85,56,0,0,218,66439,2016-05-31,937
2016-06-17,22674,17359,design,17359,21271,16383,1403,976,91,62,0,0,219,66439,2016-05-31,927
2016-06-24,22700,17215,design,17215,21292,16236,1408,979,97,68,0,0,216,66439,2016-05-31,963
2016-07-01,22736,17385,design,17385,21313,16405,1423,980,113,84,0,0,212,66439,2016-05-31,961
2016-07-08,22733,17242,design,17242,21304,16261,1429,981,119,90,0,0,213,65816,2016-06-30,943
2016-07-15,22710,17401,design,17401,21290,16422,1420,979,130,101,0,0,213,65816,2016-06-30,923
2016-07-22,22695,17413,design,17413,21278,16432,1417,981,135,106,0,0,213,65816,2016-06-30,917
2016-07-29,22732,17421,design,17421,21328,16440,1404,981,140,111,0,0,210,65816,2016-06-30,948
2016-08-05,22773,17419,design,17419,21365,16440,1408,979,140,112,0,0,199,65977,2016-07-31,920
2016-08-12,22716,17417,design,17417,21303,16438,1413,979,144,116,0,0,191,65977,2016-07-31,928
2016-08-19,22768,17419,design,17419,21339,16440,1429,979,147,119,0,0,186,65977,2016-07-31,952
2016-08-26,22787,17415,design,17415,21352,16436,1435,979,143,115,0,0,193,65977,2016-07-31,943
2016-09-02,22819,17431,design,17431,21366,16450,1453,981,151,123,0,0,194,65977,2016-07-31,970
2016-09-09,22789,17436,design,17436,21341,16457,1448,979,157,129,0,0,192,65481,2016-08-31,953
2016-09-16,22741,17433,design,17433,21295,16454,1446,979,161,133,0,0,190,65481,2016-08-31,952
2016-09-23,22796,17437,design,17437,21344,16455,1452,982,160,132,0,0,194,65481,2016-08-31,982
2016-09-30,22775,17429,design,17429,21313,16447,1462,982,157,129,0,0,205,65481,2016-08-31,980
2016-10-07,22783,17427,design,17427,21322,16447,1461,980,160,132,0,0,200,65481,2016-08-31,996
2016-10-14,22752,17432,design,17432,21295,16451,1457,981,164,135,0,0,199,65217,2016-09-30,1013
2016-10-21,22718,17428,design,17428,21272,16449,1446,979,163,134,0,0,196,65217,2016-09-30,1030
2016-10-28,22748,17428,design,17428,21289,16449,1459,979,163,134,0,0,201,65217,2016-09-30,1020
2016-11-04,22823,17427,design,17427,21354,16448,1469,979,162,133,0,0,206,65217,2016-09-30,999
2016-11-11,22853,17436,design,17436,21377,16457,1476,979,171,142,0,0,208,65217,2016-09-30,991
2016-11-18,22901,17450,design,17450,21429,16471,1472,979,177,148,0,0,206,65217,2016-09-30,957
2016-11-25,22863,17473,design,17473,21400,16491,1463,982,195,166,0,0,199,65724,2016-10-31,957
2016-12-02,22849,17479,design,17479,21389,16496,1460,983,200,171,0,0,194,65724,2016-10-31,964
2016-12-09,22880,17478,design,17478,21424,16501,1456,977,206,177,0,0,199,65724,2016-10-31,955
2016-12-16,22886,17339,design,17339,21432,16360,1454,979,216,187,0,0,195,65285,2016-11-30,962
2016-12-23,22863,17338,design,17338,21409,16360,1454,978,218,189,0,0,198,65285,2016-11-30,959
2016-12-30,22878,17339,design,17339,21433,16361,1445,978,217,188,0,0,200,65285,2016-11-30,942
2017-01-06,22870,17487,design,17487,21427,16508,1443,979,216,187,0,0,203,65285,2016-11-30,897
2017-01-13,22881,17489,design,17489,21432,16510,1449,979,216,187,0,0,200,64894,2016-12-31,914
2017-01-20,22856,17487,design,17487,21405,16509,1451,978,216,187,0,0,204,64894,2016-12-31,922
2017-01-27,22864,17485,design,17485,21417,16506,1447,979,218,188,0,0,208,64894,2016-12-31,907
2017-02-03,22929,17337,design,17337,21465,16358,1464,979,218,189,0,0,210,64894,2016-12-31,885
2017-02-10,22956,17332,design,17332,21490,16354,1466,978,213,185,0,0,209,64894,2016-12-31,882
2017-02-17,22943,17480,design,17480,21470,16504,1473,976,210,183,0,0,210,64830,2017-01-31,916
2017-02-24,22903,17472,design,17472,21432,16497,1471,975,209,182,0,0,212,64830,2017-01-31,909
2017-03-03,22952,17476,design,17476,21471,16499,1481,977,208,181,0,0,209,64830,2017-01-31,908
2017-03-10,22978,17495,design,17495,21501,16519,1477,976,226,180,0,0,218,64830,2017-01-31,895
2017-03-17,22942,17508,design,17508,21460,16531,1482,977,233,206,0,0,217,64830,2017-01-31,879
2017-03-24,22994,17507,design,17507,21511,16528,1483,979,231,205,0,0,221,64830,2017-01-31,892
2017-03-31,23027,17500,design,17500,21541,16522,1486,978,229,203,0,0,220,64830,2017-01-31,898
2017-04-07,23071,17499,design,17499,21580,16521,1491,978,229,203,0,0,216,64830,2017-01-31,909
2017-04-14,23089,17505,design,17505,21584,16526,1505,979,231,205,0,0,217,66664,2017-02-28,919
2017-04-21,23085,17505,design,17505,21574,16529,1511,976,233,207,0,0,219,66664,2017-02-28,931
2017-04-28,23088,17507,design,17507,21581,16531,1507,976,234,208,0,0,213,66664,2017-02-28,924
2017-05-05,23079,17512,design,17512,21569,16532,1510,980,232,206,0,0,208,66664,2017-02-28,938
2017-05-12,23021,17505,design,17505,21500,16524,1521,981,227,201,0,0,207,66459,2017-03-31,944
2017-05-19,23107,17500,design,17500,21571,16521,1536,979,226,200,0,0,208,66459,2017-03-31,892
2017-05-26,23131,17520,design,17520,21598,16541,1533,979,247,221,0,0,214,66124,,906
2017-06-02,23102,17542,design,17542,21581,16563,1521,979,267,241,0,0,209,66124,2017-05-31,927
2017-06-09,23137,17556,design,17556,21616,16579,1521,977,284,258,0,0,210,66124,2017-05-31,941
2017-06-16,23133,17573,design,17573,21609,16594,1524,979,300,274,0,0,205,66124,2017-05-31,937
2017-06-23,23121,17580,design,17580,21606,16602,1515,978,308,283,0,0,206,66124,2017-05-31,965
2017-06-30,23140,17580,design,17580,21614,16600,1526,980,310,285,0,0,211,66124,2017-05-31,1029
2017-07-07,23113,17584,design,17584,21584,16604,1529,980,309,284,0,0,208,66124,2017-05-31,982
2017-07-14,23094,17587,design,17587,21555,16608,1539,979,317,292,0,0,211,66124,2017-05-31,989
2017-07-21,23131,17599,design,17599,21584,16621,1547,978,331,306,0,0,209,66124,2017-05-31,996
2017-07-28,23164,17610,design,17610,21620,16632,1544,978,342,317,0,0,208,66124,2017-05-31,1115
2017-08-04,23164,17611,design,17611,21627,16635,1537,976,347,322,0,0,200,66124,2017-05-31,1035
2017-08-11,23180,17618,design,17618,21643,16641,1537,977,354,329,0,0,206,66140,2017-06-30,1021
2017-08-18,23228,17629,design,17629,21669,16652,1559,977,364,339,0,0,202,66140,2017-06-30,1058
2017-08-25,23232,17639,design,17639,21669,16661,1563,978,367,342,0,0,199,66140,2017-06-30,1019
2017-09-01,23323,17650,design,17650,21751,16670,1572,980,374,349,0,0,195,66140,2017-06-30,996
2017-09-08,23277,17659,design,17659,21700,16681,1577,978,387,362,0,0,190,65917,2017-07-31,1013
2017-09-15,23281,17669,design,17669,21709,16690,1572,979,396,371,0,0,186,65917,2017-07-31,991
2017-09-22,23275,17678,design,17678,21716,16698,1559,980,403,378,0,0,185,65917,2017-07-31,975
2017-09-29,23253,17683,design,17683,21695,16703,1558,980,404,379,0,0,193,65917,2017-07-31,977
2017-10-06,23290,17688,design,17688,21729,16708,1561,980,411,386,0,0,192,65917,2017-07-31,1001
2017-10-13,23251,17699,design,17699,21684,16718,1567,981,418,393,0,0,189,65902,2017-08-31,973
2017-10-20,23348,17699,design,17699,21781,16720,1567,979,423,398,0,0,193,65902,2017-08-31,953
2017-10-27,23361,17702,design,17702,21789,16723,1572,979,432,407,0,0,190,65902,2017-08-31,995
2017-11-03,23378,17710,design,17710,21817,16729,1561,981,439,414,0,0,186,65902,2017-08-31,1001
2017-11-10,23397,17725,design,17725,21844,16743,1553,982,447,422,0,0,185,65835,2017-09-30,986
2017-11-17,23377,17723,design,17723,21840,16738,1537,985,447,421,0,0,185,65835,2017-09-30,988
2017-11-24,23457,17720,design,17720,21901,16738,1556,982,448,422,0,0,189,65835,2017-09-30,966
2017-12-01,23413,17720,design,17720,21857,16739,1556,981,446,420,0,0,189,65835,2017-09-30,896
2017-12-08,23453,17725,design,17725,21888,16742,1565,983,446,419,0,0,190,65833,2017-10-31,912
2017-12-15,23453,17741,design,17741,21877,16756,1576,985,458,431,0,0,197,65833,2017-10-31,938
2017-12-22,23476,17733,design,17733,21892,16748,1584,985,449,422,0,0,196,65833,2017-10-31,929
2017-12-29,23498,17732,design,17732,21920,16750,1578,982,450,423,0,0,199,65833,2017-10-31,897
2018-01-05,23493,17720,design,17720,21915,16738,1578,982,441,414,0,0,199,65833,2017-10-31,879
2018-01-12,23444,17730,design,17730,21880,16748,1564,982,453,426,0,0,200,65840,2017-11-30,880
2018-01-19,23399,17729,design,17729,21831,16744,1568,985,450,423,0,0,199,65840,2017-11-30,850
2018-01-26,23418,17734,design,17734,21849,16752,1569,982,457,430,0,0,204,65840,2017-11-30,872
2018-02-02,23452,17747,design,17747,21874,16764,1578,983,466,439,0,0,202,65840,2017-11-30,865
2018-02-09,23484,17748,design,17748,21912,16768,1572,980,476,447,0,0,201,65911,2017-12-31,829
2018-02-16,23439,17745,design,17745,21870,16766,1569,979,478,449,0,0,199,65911,2017-12-31,825
2018-02-23,23428,17740,design,17740,21873,16764,1555,976,475,446,0,0,198,65911,2017-12-31,815
2018-03-02,23440,17746,design,17746,21881,16767,1559,979,478,449,0,0,195,65911,2017-12-31,830
2018-03-09,23510,17746,design,17746,21947,16769,1563,977,479,451,0,0,191,65911,2017-12-31,821
2018-03-16,23506,17742,design,17742,21935,16763,1571,979,477,448,0,0,182,66079,2018-01-31,827
2018-03-23,23542,17741,design,17741,21964,16764,1578,977,478,449,0,0,177,66079,2018-01-31,838
2018-03-30,23637,17745,design,17745,22049,16769,1588,976,482,453,0,0,179,66079,2018-01-31,902
2018-04-06,23634,17743,design,17743,22062,16767,1572,976,484,455,0,0,178,66079,2018-01-31,908
2018-04-13,23568,17742,design,17742,22010,16762,1558,980,478,447,0,0,177,66079,2018-01-31,920
2018-04-20,23588,17756,design,17756,22035,16778,1553,978,491,460,0,0,177,66062,2018-02-28,899
2018-04-27,23596,17748,design,17748,22034,16770,1562,978,487,456,0,0,178,66062,2018-02-28,886
2018-05-04,23568,17734,design,17734,21995,16756,1573,978,477,446,0,0,177,66062,2018-02-28,897
2018-05-11,23563,17742,design,17742,21985,16763,1578,979,479,447,0,0,172,66062,2018-02-28,874
2018-05-18,23627,17740,design,17740,22049,16759,1578,981,475,443,0,0,174,65978,2018-03-31,862
2018-05-25,23644,17743,design,17743,22054,16760,1590,983,477,445,0,0,177,65978,2018-03-31,887
2018-06-01,23621,17737,design,17737,22043,16755,1578,982,475,443,0,0,179,65978,2018-03-31,905
2018-06-08,23647,17746,design,17746,22060,16764,1587,982,483,451,0,0,174,65978,2018-03-31,941
2018-06-15,23594,17736,design,17736,22014,16755,1580,981,471,439,0,0,174,65956,2018-04-30,947
2018-06-22,23585,17740,design,17740,22002,16758,1583,982,474,442,0,0,171,65956,2018-04-30,923
2018-06-29,23621,17749,design,17749,22035,16766,1586,983,485,452,0,0,168,65956,2018-04-30,892
2018-07-06,23661,17747,design,17747,22075,16764,1586,983,480,447,0,0,168,65956,2018-04-30,895
2018-07-13,23669,17748,design,17748,22089,16765,1580,983,481,448,0,0,166,65956,2018-04-30,903
2018-07-20,23655,17742,design,17742,22083,16760,1572,982,479,446,0,0,166,66252,2018-05-31,881
2018-07-27,23691,17744,design,17744,22123,16762,1568,982,472,439,0,0,165,66252,2018-05-31,879
2018-08-03,23724,17745,design,17745,22155,16764,1569,981,473,439,0,0,163,66252,2018-05-31,891
2018-08-10,23782,17739,design,17739,22217,16756,1565,983,466,434,0,0,161,66252,2018-05-31,871
2018-08-17,23784,17742,design,17742,22215,16760,1569,982,470,440,0,0,158,65463,2018-06-30,837
2018-08-24,23791,17787,design,17787,22220,16806,1571,981,511,481,0,0,157,65463,2018-06-30,798
2018-08-31,23791,17789,design,17789,22219,16806,1572,983,515,485,0,0,157,65463,2018-06-30,798
2018-09-07,23732,17797,design,17797,22166,16814,1566,983,515,485,0,0,161,65463,2018-06-30,799
2018-09-14,23709,17812,design,17812,22143,16830,1566,982,516,486,0,0,161,66212,2018-06-30,817
2018-09-21,23699,17834,design,17834,22129,16853,1570,981,529,499,0,0,165,66083,2018-07-31,842
2018-09-28,23704,17835,design,17835,22138,16856,1566,979,522,492,0,0,164,66083,2018-07-31,856
2018-10-05,23676,17841,design,17841,22109,16860,1567,981,517,487,0,0,167,66083,2018-07-31,839
2018-10-12,23646,17845,design,17845,22071,16861,1575,984,509,479,0,0,172,66083,2018-07-31,847
2018-10-19,23658,17835,design,17835,22095,16854,1563,981,504,474,0,0,173,65762,2018-08-31,852
2018-10-26,23670,17836,design,17836,22106,16854,1564,982,500,469,0,0,174,65762,2018-08-31,846
2018-11-02,23720,17830,design,17830,22152,16849,1568,981,489,459,0,0,171,65762,2018-08-31,849
2018-11-09,23725,17834,design,17834,22146,16853,1579,981,490,460,0,0,171,65762,2018-08-31,880
2018-11-16,23692,17826,design,17826,22117,16847,1575,979,485,455,0,0,168,65767,2018-09-30,851
2018-11-23,23626,17821,design,17821,22065,16841,1561,980,485,453,0,0,162,65767,2018-09-30,866
2018-11-30,23637,17829,design,17829,22091,16849,1546,980,492,460,0,0,169,65767,2018-09-30,864
2018-12-07,23647,17844,design,17844,22108,16865,1539,979,504,473,0,0,172,65767,2018-09-30,855
2018-12-14,23636,17844,design,17844,22090,16863,1546,981,503,472,0,0,171,65767,2018-09-30,873
2018-12-21,23675,17861,design,17861,22124,16880,1551,981,522,491,0,0,169,65659,2018-10-31,884
2018-12-28,23641,17866,design,17866,22090,16887,1551,979,531,500,0,0,171,65659,2018-10-31,872
2019-01-04,23566,17871,design,17871,22010,16892,1556,979,539,507,0,0,174,65659,2018-10-31,856
2019-01-11,23562,17885,design,17885,22003,16907,1559,978,559,527,0,0,173,65659,2018-10-31,868
2019-01-18,23561,17887,design,17887,22020,16908,1541,979,564,532,0,0,175,65556,2018-11-30,849
2019-01-25,23589,17886,design,17886,22060,16906,1529,980,564,532,0,0,177,65556,2018-11-30,857
2019-02-01,23641,17874,design,17874,22107,16892,1534,982,556,524,0,0,174,65556,2018-11-30,838
2019-02-08,23642,17876,design,17876,22097,16893,1545,983,557,524,0,0,175,65556,2018-11-30,841
2019-02-15,23636,17867,design,17867,22091,16886,1545,981,553,520,0,0,179,65445,2018-12-31,825
2019-02-22,23715,17869,design,17869,22158,16885,1557,984,552,519,0,0,171,65445,2018-12-31,832
2019-03-01,23746,17859,design,17859,22188,16878,1558,981,547,514,0,0,167,65445,2018-12-31,846
2019-03-08,23721,17856,design,17856,22161,16876,1560,980,545,512,0,0,171,65445,2018-12-31,876
2019-03-15,23680,17860,design,17860,22124,16880,1556,980,549,516,0,0,173,65383,2019-01-31,953
2019-03-22,23654,17856,design,17856,22105,16876,1549,980,546,514,0,0,173,65383,2019-01-31,903
2019-03-29,23725,17843,design,17843,22178,16863,1547,980,538,506,0,0,173,65383,2019-01-31,902
2019-04-05,23722,17845,design,17845,22177,16863,1545,982,538,506,0,0,176,65383,2019-01-31,899
2019-04-12,23685,17833,design,17833,22142,16854,1543,979,529,497,0,0,175,65383,2019-01-31,897
2019-04-19,23700,17841,design,17841,22146,16860,1554,981,538,506,0,0,169,65610,2019-02-28,887
2019-04-26,23725,17839,design,17839,22165,16861,1560,978,537,505,0,0,168,65610,2019-02-28,878
2019-05-03,23752,17844,design,17844,22195,16865,1557,979,546,514,0,0,167,65610,2019-02-28,842
2019-05-10,23719,17842,design,17842,22157,16862,1562,980,549,517,0,0,164,65610,2019-02-28,861
2019-05-17,23734,17845,design,17845,22178,16864,1556,981,549,517,0,0,160,65665,2019-03-31,901
2019-05-24,23741,17847,design,17847,22186,16865,1555,982,548,516,0,0,161,65665,2019-03-31,900
2019-05-31,23707,17838,design,17838,22166,16857,1541,981,543,511,0,0,162,65665,2019-03-31,896
2019-06-07,23757,17826,design,17826,22207,16845,1550,981,535,503,0,0,165,65665,2019-03-31,898
2019-06-14,23722,17821,design,17821,22171,16842,1551,979,530,498,0,0,167,65665,2019-03-31,903
2019-06-21,23755,17830,design,17830,22217,16851,1538,979,538,506,0,0,165,66215,2019-04-30,893
2019-06-28,23784,17826,design,17826,22241,16849,1543,977,535,503,0,0,166,66215,2019-04-30,900
2019-07-05,23771,17825,design,17825,22237,16847,1534,978,535,503,0,0,167,66215,2019-04-30,939
2019-07-12,23741,17825,design,17825,22208,16847,1533,978,536,504,0,0,169,66215,2019-04-30,939
2019-07-19,23721,17824,design,17824,22190,16846,1531,978,536,503,0,0,164,66384,2019-05-31,938
2019-07-26,23741,17829,design,17829,22207,16848,1534,981,532,499,0,0,160,66384,2019-05-31,935
2019-08-02,23786,17835,design,17835,22255,16854,1531,981,535,502,0,0,155,66384,2019-05-31,946
2019-08-09,23826,17830,design,17830,22290,16851,1536,979,530,497,0,0,157,66384,2019-05-31,912
2019-08-16,23781,17812,design,17812,22238,16835,1543,977,515,482,0,0,158,66263,2019-06-30,902
2019-08-23,23756,17831,design,17831,22217,16854,1539,977,533,500,0,0,162,66263,2019-06-30,923
2019-08-30,23761,17818,design,17818,22225,16838,1536,980,516,483,0,0,162,66263,2019-06-30,959
2019-09-06,23733,17824,design,17824,22205,16846,1528,978,528,495,0,0,158,66263,2019-06-30,972
2019-09-13,23707,17854,design,17854,22178,16873,1529,981,535,502,0,0,159,66263,2019-06-30,966
2019-09-20,23721,17836,design,17836,22195,16856,1526,980,539,506,0,0,158,66311,2019-07-31,951
2019-09-27,23708,17830,design,17830,22187,16851,1521,979,531,498,0,0,154,66311,2019-07-31,960
2019-10-04,23719,17823,design,17823,22191,16841,1528,982,524,491,0,0,154,66356,2019-08-31,968
2019-10-11,23692,17833,design,17833,22158,16853,1534,980,534,501,0,0,161,66356,2019-08-31,957
2019-10-18,23701,17838,design,17838,22162,16857,1539,981,535,502,0,0,161,66477,2019-08-31,949
2019-10-25,23722,17825,design,17825,22195,16851,1527,974,533,500,0,0,161,66477,2019-08-31,984
2019-11-01,23671,17819,design,17819,22141,16846,1530,973,532,499,0,0,156,66477,2019-08-31,943
2019-11-08,23721,17819,design,17819,22185,16847,1536,972,534,501,0,0,155,66477,2019-08-31,951
2019-11-15,23731,17840,design,17840,22187,16866,1544,974,553,520,0,0,153,66407,2019-09-30,932
2019-11-22,23782,17842,design,17842,22244,16868,1538,974,553,520,0,0,151,66407,2019-09-30,894
2019-11-29,23752,17838,design,17838,22223,16865,1529,973,551,518,0,0,157,66407,2019-09-30,917
2019-12-06,23752,17839,design,17839,22217,16864,1535,975,552,519,0,0,150,66407,2019-09-30,883
2019-12-13,23751,17849,design,17849,22224,16871,1527,978,555,522,0,0,144,66407,2019-09-30,934
2019-12-20,23786,17849,design,17849,22252,16869,1534,980,549,517,0,0,139,66514,2019-10-31,915
2019-12-27,23723,17848,design,17848,22197,16868,1526,980,551,519,0,0,138,66514,2019-10-31,906
2020-01-03,23672,17835,design,17835,22148,16856,1524,979,544,512,0,0,141,66514,2019-10-31,861
2020-01-10,23616,17831,design,17831,22088,16853,1528,978,540,508,0,0,139,66514,2019-10-31,865
2020-01-17,23605,17823,design,17823,22070,16843,1535,980,530,498,0,0,140,66523,2019-11-30,819
2020-01-24,23555,17828,design,17828,22022,16845,1533,983,532,500,0,0,140,66523,2019-11-30,815
2020-01-31,23629,17834,design,17834,22080,16848,1549,986,529,498,0,0,139,66523,2019-11-30,805
2020-02-07,23609,17837,design,17837,22060,16855,1549,982,537,506,0,0,139,66523,2019-11-30,842
2020-02-14,23608,17836,design,17836,22058,16856,1550,980,534,503,0,0,134,66523,2019-11-30,824
2020-02-21,23590,17840,design,17840,22050,16862,1540,978,543,512,0,0,138,66650,2019-12-31,866
2020-02-28,23471,17843,design,17843,21941,16865,1530,978,546,515,0,0,142,66650,2019-12-31,905
2020-03-06,23485,17835,design,17835,21963,16856,1522,979,541,510,0,0,137,66650,2019-12-31,878
2020-03-13,23436,17828,design,17828,21922,16849,1514,979,536,505,0,0,138,66650,2019-12-31,944
2020-03-20,23416,17824,design,17824,21907,16845,1509,979,535,504,0,0,136,66725,2020-01-31,812
2020-03-27,23288,17815,design,17815,21791,16837,1497,978,526,495,0,0,132,66725,2020-01-31,549
2020-04-03,23046,17804,design,17804,21568,16826,1478,978,519,488,0,0,127,66725,2020-01-31,491
2020-04-10,22805,17793,design,17793,21348,16815,1457,978,510,479,0,0,126,66725,2020-01-31,419
2020-04-17,22642,17779,design,17779,21198,16802,1444,977,504,473,0,0,119,66913,2020-02-29,381
2020-04-24,22506,17769,design,17769,21084,16790,1422,979,496,465,0,0,118,66913,2020-02-29,346
2020-05-01,22342,17758,design,17758,20946,16780,1396,978,486,455,0,0,118,66913,2020-02-29,339
2020-05-08,22231,17748,design,17748,20841,16769,1390,979,479,448,0,0,114,66913,2020-02-29,326
2020-05-15,22104,17739,design,17739,20723,16758,1381,981,471,440,0,0,110,66352,2020-03-31,315
2020-05-22,21947,17734,design,17734,20577,16753,1370,981,464,433,0,0,106,66352,2020-03-31,315
2020-05-29,21819,17727,design,17727,20458,16744,1361,983,458,427,0,0,102,66352,2020-03-31,341
2020-06-05,21742,17721,design,17721,20373,16743,1369,978,461,430,0,0,107,66352,2020-03-31,329
2020-06-12,21632,17714,design,17714,20264,16734,1368,980,453,422,0,0,110,66352,2020-03-31,338
2020-06-19,21552,17700,design,17700,20196,16720,1356,980,443,412,0,0,112,65206,2020-04-30,358
2020-06-26,21444,17703,design,17703,20105,16722,1339,981,440,409,0,0,112,65206,2020-04-30,365
2020-07-03,21388,17697,design,17697,20042,16719,1346,978,439,408,0,0,106,65206,2020-04-30,413
2020-07-10,21360,17730,design,17730,20005,16750,1355,980,465,434,0,0,103,65206,2020-04-30,392
2020-07-17,21368,17729,design,17729,20002,16751,1366,978,467,437,0,0,99,64349,2020-05-31,416
2020-07-24,21390,17718,design,17718,20018,16741,1372,977,452,424,0,0,98,64349,2020-05-31,428
2020-07-31,21402,17719,design,17719,20025,16744,1377,975,447,419,0,0,97,64349,2020-05-31,436
2020-08-07,21400,17703,design,17703,20025,16727,1375,976,429,401,0,0,97,64349,2020-05-31,494
2020-08-14,21395,17708,design,17708,20015,16731,1380,977,430,402,0,0,96,64349,2020-05-31,492
2020-08-21,21351,17706,design,17706,19975,16730,1376,976,431,403,0,0,92,64037,2020-06-30,529
2020-08-28,21337,17702,design,17702,19965,16725,1372,977,427,398,0,0,91,64037,2020-06-30,533
2020-09-04,21285,17702,design,17702,19930,16723,1355,979,430,401,0,0,91,64037,2020-06-30,555
2020-09-11,21245,17687,design,17687,19894,16710,1351,977,420,391,0,0,91,64037,2020-06-30,555
2020-09-18,21187,17684,design,17684,19845,16706,1342,978,412,383,0,0,90,63720,2020-07-31,565
2020-09-25,21098,17661,design,17661,19761,16681,1337,980,393,364,0,0,87,63720,2020-07-31,617
2020-10-02,21052,17650,design,17650,19722,16670,1330,980,383,355,0,0,86,63720,2020-07-31,607
2020-10-09,20983,17652,design,17652,19657,16674,1326,978,391,363,0,0,87,63720,2020-07-31,629
2020-10-16,20957,17654,design,17654,19633,16675,1324,979,394,366,0,0,86,63435,2020-08-31,632
2020-10-23,20897,17656,design,17656,19600,16676,1297,980,395,367,0,0,95,63435,2020-08-31,622
2020-10-30,20867,17644,design,17644,19569,16664,1298,980,382,354,0,0,92,63435,2020-08-31,629
2020-11-06,20798,17649,design,17649,19514,16669,1284,980,387,358,0,0,94,63435,2020-08-31,614
2020-11-13,20693,17645,design,17645,19415,16665,1278,980,382,353,0,0,92,63435,2020-08-31,647
2020-11-20,20631,17653,design,17653,19350,16673,1281,980,390,361,0,0,91,63353,2020-09-30,623
2020-11-27,20535,17643,design,17643,19253,16664,1282,979,383,354,0,0,90,63353,2020-09-30,634
2020-12-04,20423,17635,design,17635,19139,16656,1284,979,374,345,0,0,95,63353,2020-09-30,631
2020-12-11,20346,17630,design,17630,19066,16652,1280,978,369,340,0,0,94,63353,2020-09-30,623
2020-12-18,20265,17617,design,17617,18983,16635,1282,982,345,316,0,0,97,63184,2020-10-31,633
2020-12-25,20155,17611,design,17611,18898,16629,1257,982,343,314,0,0,91,63184,2020-10-31,635
2021-01-01,20093,17618,design,17618,18843,16637,1250,981,351,321,0,0,89,63184,2020-10-31,627
2021-01-08,20024,17621,design,17621,18773,16641,1251,980,357,327,0,0,89,63184,2020-10-31,604
2021-01-15,19976,17601,design,17601,18721,16622,1255,979,339,310,0,0,90,63006,2020-11-30,622
2021-01-22,19903,17596,design,17596,18647,16616,1256,980,339,310,0,0,87,63006,2020-11-30,640
2021-01-29,19858,17609,design,17609,18594,16628,1264,981,346,317,0,0,83,63006,2020-11-30,639
2021-02-05,19812,17603,design,17603,18546,16623,1266,980,340,310,0,0,83,63006,2020-11-30,628
2021-02-12,19759,17601,design,17601,18496,16620,1263,981,337,307,0,0,78,63006,2020-11-30,637
2021-02-19,19707,17584,design,17584,18443,16602,1264,982,318,288,0,0,76,63089,2020-12-31,655
2021-02-26,19607,17587,design,17587,18348,16605,1259,982,319,289,0,0,79,63089,2020-12-31,634
2021-03-05,19564,17579,design,17579,18303,16599,1261,980,313,283,0,0,77,63089,2020-12-31,642
2021-03-12,19523,17585,design,17585,18257,16605,1266,980,312,282,0,0,83,63089,2020-12-31,654
2021-03-19,19495,17585,design,17585,18232,16602,1263,983,310,280,0,0,83,62846,2021-01-31,679
2021-03-26,19480,17584,design,17584,18218,16602,1262,982,313,283,0,0,89,62846,2021-01-31,688
2021-04-02,19470,17582,design,17582,18215,16600,1255,982,311,281,0,0,85,62846,2021-01-31,691
2021-04-09,19470,17579,design,17579,18211,16596,1259,983,305,275,0,0,84,62846,2021-01-31,696
2021-04-16,19459,17582,design,17582,18196,16600,1263,982,309,279,0,0,84,62939,2021-02-28,696
2021-04-23,19462,17589,design,17589,18203,16607,1259,982,309,279,0,0,84,62939,2021-02-28,680
2021-04-30,19433,17592,design,17592,18178,16610,1255,982,308,278,0,0,83,62939,2021-02-28,670
2021-05-07,19404,17595,design,17595,18155,16613,1249,982,306,276,0,0,85,62939,2021-02-28,681
2021-05-14,19381,17590,design,17590,18131,16608,1250,982,300,270,0,0,79,62939,2021-02-28,666
2021-05-21,19384,17592,design,17592,18138,16609,1246,983,300,269,0,0,80,63095,2021-03-31,637
2021-05-28,19400,17597,design,17597,18152,16615,1248,982,298,267,0,0,78,63095,2021-03-31,656
2021-06-04,19416,17611,design,17611,18174,16628,1242,983,306,276,0,0,81,63095,2021-03-31,637
2021-06-11,19413,17619,design,17619,18177,16636,1236,983,308,278,0,0,81,63095,2021-03-31,644
2021-06-18,19428,17627,design,17627,18195,16646,1233,981,314,284,0,0,85,63085,2021-04-30,614
2021-06-25,19419,17638,design,17638,18185,16656,1234,982,325,295,0,0,85,63085,2021-04-30,612
2021-07-02,19445,17635,design,17635,18207,16653,1238,982,321,291,0,0,89,63085,2021-04-30,646
2021-07-09,19455,17629,design,17629,18226,16648,1229,981,317,287,0,0,88,63085,2021-04-30,647
2021-07-16,19462,17632,design,17632,18247,16650,1215,982,313,283,0,0,92,63005,2021-05-31,660
2021-07-23,19526,17627,design,17627,18309,16645,1217,982,311,281,0,0,92,63005,2021-05-31,691
2021-07-30,19592,17609,design,17609,18379,16627,1213,982,293,263,0,0,90,63005,2021-05-31,702
2021-08-06,19658,17585,design,17585,18442,16604,1216,981,275,245,0,0,89,63005,2021-05-31,699
2021-08-20,19784,17547,design,17547,18564,16567,1220,980,238,208,0,0,92,63060,2021-06-30,732
2021-08-27,19849,17518,design,17518,18628,16549,1221,969,222,192,0,0,95,63060,2021-06-30,737
2021-09-03,19931,17496,design,17496,18710,16527,1221,969,204,174,0,0,92,63060,2021-06-30,706
2021-09-10,20013,17472,design,17472,18795,16503,1218,969,177,147,0,0,94,63060,2021-06-30,714
2021-09-17,20061,17455,design,17455,18841,16487,1220,968,162,132,0,0,94,63060,2021-06-30,736
2021-09-24,20132,17441,design,17441,18911,16475,1221,966,151,120,0,0,97,62936,2021-07-31,729
2021-10-01,20177,17412,design,17412,18956,16448,1221,964,133,102,0,0,94,62936,2021-07-31,739
2021-10-08,20202,17397,design,17397,18979,16431,1223,966,122,91,0,0,93,62936,2021-07-31,747
2021-10-15,20228,17377,design,17377,19004,16412,1224,965,103,72,0,0,92,62730,2021-08-31,720
2021-10-22,20220,17369,design,17369,18996,16404,1224,965,89,58,0,0,88,62730,2021-08-31,735
2021-10-29,20236,17353,design,17353,18999,16389,1237,964,72,41,0,0,86,62730,2021-08-31,729
2021-11-05,20251,17350,design,17350,19013,16386,1238,964,70,39,0,0,88,62730,2021-08-31,748
2021-11-12,20242,17351,design,17351,19001,16387,1241,964,68,37,0,0,85,62730,2021-08-31,734
2021-11-19,20207,17344,design,17344,18962,16381,1245,963,65,34,0,0,84,62620,2021-09-30,742
2021-11-26,20196,17344,design,17344,18949,16382,1247,962,64,33,0,0,78,62620,2021-09-30,688
2021-12-03,20151,17341,design,17341,18903,16381,1248,960,63,32,0,0,81,62620,2021-09-30,712
2021-12-10,20113,17344,design,17344,18870,16384,1243,960,60,29,0,0,77,62620,2021-09-30,707
2021-12-17,20088,17343,design,17343,18850,16382,1238,961,58,27,0,0,80,62609,2021-10-31,681
2021-12-24,20051,17345,design,17345,18817,16384,1234,961,56,25,0,0,76,62609,2021-10-31,635
2021-12-31,20027,17344,design,17344,18786,16384,1241,960,56,25,0,0,82,62609,2021-10-31,650
2022-01-07,19997,17344,design,17344,18761,16383,1236,961,57,25,0,0,81,62609,2021-10-31,659
2022-01-14,19989,17339,design,17339,18748,16378,1241,961,55,23,0,0,85,62609,2021-10-31,686
2022-01-21,19921,17340,design,17340,18684,16378,1237,962,53,21,0,0,84,62810,2021-11-30,683
2022-01-28,19924,17338,design,17338,18692,16376,1232,962,52,20,0,0,83,62810,2021-11-30,685
2022-02-04,19888,17330,design,17330,18672,16367,1216,963,51,19,0,0,82,62810,2021-11-30,676
2022-02-11,19873,17335,design,17335,18666,16370,1207,965,51,19,0,0,86,62810,2021-11-30,672
2022-02-18,19898,17325,design,17325,18685,16362,1213,963,51,19,0,0,83,62786,2021-12-31,689
2022-02-25,19864,17322,design,17322,18644,16362,1220,960,51,19,0,0,91,62786,2021-12-31,681
2022-03-04,19849,17316,design,17316,18629,16356,1220,960,49,17,0,0,89,62786,2021-12-31,708
2022-03-11,19882,17312,design,17312,18660,16352,1222,960,48,16,0,0,94,62786,2021-12-31,703
2022-03-18,19949,17316,design,17316,18722,16354,1227,962,46,13,0,0,93,62933,2022-01-31,718
2022-03-25,19918,17311,design,17311,18690,16350,1228,961,44,11,0,0,94,62933,2022-01-31,734
2022-04-01,19939,17311,design,17311,18697,16350,1242,961,43,10,0,0,92,62933,2022-01-31,737
2022-04-08,19937,17305,design,17305,18698,16343,1239,962,44,11,0,0,102,62933,2022-01-31,735
2022-04-15,19951,17306,design,17306,18705,16343,1246,963,43,10,0,0,100,63070,2022-02-28,770
2022-04-22,19978,17310,design,17310,18745,16345,1233,965,40,7,0,0,103,63070,2022-02-28,754
2022-04-29,20003,17311,design,17311,18769,16344,1234,967,40,7,0,0,103,63070,2022-02-28,743
2022-05-06,19998,17306,design,17306,18762,16339,1236,967,40,7,0,0,108,63070,2022-02-28,735
2022-05-13,20025,17307,design,17307,18779,16339,1246,968,40,7,0,0,105,63070,2022-02-28,750
2022-05-20,20043,17304,design,17304,18791,16337,1252,967,40,7,0,0,111,62959,2022-03-31,770
2022-05-27,20085,17305,design,17305,18823,16338,1262,967,40,7,0,0,107,62959,2022-03-31,778
2022-06-03,20099,17305,design,17305,18837,16338,1262,967,39,6,0,0,108,62959,2022-03-31,797
2022-06-10,20114,17298,design,17298,18850,16332,1264,966,39,6,0,0,106,62959,2022-03-31,789
2022-06-17,20092,17287,design,17287,18821,16323,1271,964,38,5,0,0,107,63286,2022-04-30,772
2022-06-24,20128,17284,design,17284,18860,16319,1268,965,38,5,0,0,105,63286,2022-04-30,816
2022-07-01,20169,17287,design,17287,18891,16322,1278,965,38,5,0,0,108,63286,2022-04-30,823
2022-07-08,20155,17289,design,17289,18869,16324,1286,965,37,4,0,0,106,63286,2022-04-30,840
2022-07-15,20135,17296,design,17296,18843,16329,1292,967,37,4,0,0,111,63814,2022-05-31,826
2022-07-22,20154,17294,design,17294,18850,16327,1304,967,38,5,0,0,111,63814,2022-05-31,845
2022-07-29,20183,17287,design,17287,18870,16321,1313,966,36,5,0,0,115,63814,2022-05-31,852
2022-08-05,20183,17291,design,17291,18872,16326,1311,965,36,5,0,0,111,63814,2022-05-31,847
2022-08-12,20218,17296,design,17296,18907,16330,1311,966,36,5,0,0,117,63814,2022-05-31,828
2022-08-19,20243,17289,design,17289,18924,16323,1319,966,36,5,0,0,115,63950,2022-06-30,821
2022-08-26,20265,17291,design,17291,18942,16326,1323,965,36,5,0,0,116,63950,2022-06-30,842
2022-09-02,20281,17298,design,17298,18960,16332,1321,966,36,5,0,0,114,63950,2022-06-30,858
2022-09-09,20291,17298,design,17298,18972,16333,1319,965,37,6,0,0,117,63950,2022-06-30,865
2022-09-16,20299,17300,design,17300,18977,16336,1322,964,38,7,0,0,115,63957,2022-07-31,839
2022-09-23,20330,17298,design,17298,18998,16334,1332,964,39,7,0,0,121,63957,2022-07-31,828
2022-09-30,20339,17301,design,17301,19019,16339,1320,962,38,7,0,0,118,63957,2022-07-31,813
2022-10-07,20362,17308,design,17308,19035,16346,1327,962,38,7,0,0,116,63957,2022-07-31,800
2022-10-14,20358,17312,design,17312,19027,16348,1331,964,38,7,0,0,113,63957,2022-07-31,808
2022-10-21,20388,17311,design,17311,19063,16347,1325,964,38,6,0,0,112,63752,2022-08-31,803
2022-10-28,20441,17309,design,17309,19120,16345,1321,964,38,6,0,0,111,63752,2022-08-31,796
2022-11-04,20468,17318,design,17318,19145,16353,1323,965,39,7,0,0,113,63752,2022-08-31,800
2022-11-11,20475,17325,design,17325,19144,16361,1331,964,40,8,0,0,112,63752,2022-08-31,807
2022-11-18,20493,17320,design,17320,19163,16356,1330,964,39,7,0,0,105,63741,2022-09-30,772
2022-11-25,20515,17322,design,17322,19178,16357,1337,965,39,7,0,0,102,63741,2022-09-30,726
2022-12-02,20547,17320,design,17320,19202,16355,1345,965,39,7,0,0,103,63741,2022-09-30,745
2022-12-09,20558,17319,design,17319,19211,16354,1347,965,41,9,0,0,100,63741,2022-09-30,759
2022-12-16,20552,17310,design,17310,19200,16346,1352,964,41,9,0,0,99,63597,2022-10-31,709
2022-12-23,20590,17311,design,17311,19244,16347,1346,964,41,9,0,0,98,63597,2022-10-31,713
2022-12-30,20613,17310,design,17310,19259,16345,1354,965,41,9,0,0,95,63597,2022-10-31,698
2023-01-06,20594,17309,design,17309,19241,16344,1353,965,39,7,0,0,94,63597,2022-10-31,734
2023-01-13,20574,17309,design,17309,19226,16344,1348,965,39,7,0,0,94,63597,2022-10-31,765
2023-01-20,20585,17309,design,17309,19248,16345,1337,964,38,6,0,0,92,63366,2022-11-30,764
2023-01-27,20621,17319,design,17319,19306,16355,1315,964,37,5,0,0,95,63366,2022-11-30,792
2023-02-03,20663,17319,design,17319,19343,16354,1320,965,37,5,0,0,93,63366,2022-11-30,810
2023-02-10,20689,17317,design,17317,19363,16354,1326,963,37,5,0,0,91,63366,2022-11-30,800
2023-02-17,20725,17318,design,17318,19396,16354,1329,964,37,5,0,0,91,63404,2022-12-31,788
2023-02-24,20767,17317,design,17317,19436,16354,1331,963,36,4,0,0,94,63404,2022-12-31,816
2023-03-03,20809,17311,design,17311,19475,16345,1334,966,36,4,0,0,87,63404,2022-12-31,821
2023-03-10,20817,17311,design,17311,19485,16347,1332,964,35,3,0,0,87,63404,2022-12-31,800
2023-03-17,20846,17321,design,17321,19520,16356,1326,965,38,6,0,0,87,63436,2023-01-31,845
2023-03-24,20920,17323,design,17323,19584,16358,1336,965,38,6,0,0,83,63436,2023-01-31,836
2023-03-31,20977,17322,design,17322,19631,16359,1346,963,38,6,0,0,83,63436,2023-01-31,883
2023-04-07,21037,17318,design,17318,19683,16355,1354,963,38,6,0,0,84,63436,2023-01-31,868
2023-04-14,21069,17318,design,17318,19708,16356,1361,962,38,6,0,0,84,63436,2023-01-31,872
2023-04-21,21124,17312,design,17312,19762,16352,1362,960,37,5,0,0,84,63210,2023-02-28,852
2023-04-28,21169,17379,design,17379,19799,16417,1370,962,37,5,0,0,80,63210,2023-02-28,859
2023-05-05,21184,17375,design,17375,19802,16414,1382,961,36,5,0,0,82,63210,2023-02-28,820
2023-05-12,21200,17373,design,17373,19807,16411,1393,962,36,4,0,0,80,63210,2023-02-28,840
2023-05-19,21217,17376,design,17376,19840,16415,1377,961,36,4,0,0,82,63017,2023-03-31,829
2023-05-26,21240,17382,design,17382,19871,16419,1369,963,35,3,0,0,77,63017,2023-03-31,798
2023-06-02,21259,17383,design,17383,19886,16419,1373,964,43,11,0,0,79,63017,2023-03-31,785
2023-06-09,21263,17408,design,17408,19892,16445,1371,963,67,35,0,0,76,63017,2023-03-31,825
2023-06-16,21300,17424,design,17424,19922,16459,1378,965,78,46,0,0,77,62931,2023-04-30,854
2023-06-23,21337,17434,design,17434,19939,16467,1398,967,86,54,0,0,77,62931,2023-04-30,909
2023-06-30,21401,17449,design,17449,19988,16483,1413,966,102,70,0,0,83,62931,2023-04-30,892
2023-07-07,21417,17446,design,17446,20006,16480,1411,966,102,70,0,0,81,62931,2023-04-30,879
2023-07-14,21393,17447,design,17447,19977,16481,1416,966,102,70,0,0,84,62931,2023-04-30,908
2023-07-21,21430,17451,design,17451,20008,16483,1422,968,105,73,0,0,84,63087,2023-05-31,928
2023-07-28,21488,17448,design,17448,20065,16481,1423,967,105,73,0,0,91,63087,2023-05-31,892
2023-08-04,21524,17453,design,17453,20090,16485,1434,968,106,74,0,0,90,63087,2023-05-31,931
2023-08-11,21545,17450,design,17450,20100,16484,1445,966,106,74,0,0,88,63087,2023-05-31,947
2023-08-18,21566,17446,design,17446,20119,16480,1447,966,105,73,0,0,85,63129,2023-06-30,941
2023-08-25,21590,17450,design,17450,20134,16485,1456,965,104,72,0,0,87,63129,2023-06-30,984
2023-09-01,21660,17454,design,17454,20198,16489,1462,965,104,72,0,0,86,63129,2023-06-30,928
2023-09-08,21685,17464,design,17464,20218,16500,1467,964,120,88,0,0,89,63129,2023-06-30,922
2023-09-15,21689,17484,design,17484,20226,16521,1463,963,137,105,0,0,88,62966,2023-07-31,866
2023-09-22,21712,17507,design,17507,20273,16543,1439,964,154,122,0,0,90,62966,2023-07-31,888
2023-09-29,21737,17502,design,17502,20303,16539,1434,963,154,122,0,0,87,62966,2023-07-31,873
2023-10-06,21749,17502,design,17502,20310,16538,1439,964,154,122,0,0,84,62966,2023-07-31,887
2023-10-13,21746,17521,design,17521,20298,16557,1448,964,174,142,0,0,83,62966,2023-07-31,911
2023-10-20,21777,17534,design,17534,20314,16569,1463,965,186,154,0,0,84,63040,2023-08-31,908
2023-10-27,21850,17554,design,17554,20377,16589,1473,965,201,169,0,0,82,63040,2023-08-31,897
2023-11-03,21897,17570,design,17570,20422,16606,1475,964,216,184,0,0,83,63040,2023-08-31,884
2023-11-10,21904,17571,design,17571,20418,16605,1486,966,216,184,0,0,81,63040,2023-08-31,847
2023-11-17,21937,17574,design,17574,20445,16609,1492,965,224,192,0,0,87,62965,2023-09-30,817
2023-11-24,21946,17575,design,17575,20456,16610,1490,965,224,192,0,0,83,62965,2023-09-30,781
2023-12-01,21974,17572,design,17572,20486,16606,1488,966,225,193,0,0,84,62965,2023-09-30,770
2023-12-08,21990,17571,design,17571,20504,16603,1486,968,225,193,0,0,81,62965,2023-09-30,767
2023-12-15,22033,17577,design,17577,20547,16606,1486,971,224,192,0,0,83,63149,2023-10-31,761
2023-12-22,22099,17575,design,17575,20616,16606,1483,969,224,192,0,0,81,63149,2023-10-31,765
2023-12-29,22108,17565,design,17565,20615,16598,1493,967,216,184,0,0,86,63149,2023-10-31,764
2024-01-05,22119,17573,design,17573,20620,16607,1499,966,224,192,0,0,86,63149,2023-10-31,746
2024-01-12,22104,17577,design,17577,20599,16611,1505,966,224,192,0,0,85,63149,2023-10-31,775
2024-01-19,22105,17580,design,17580,20608,16611,1497,969,224,192,0,0,85,62967,2023-11-30,734
2024-01-26,22138,17579,design,17579,20639,16612,1499,967,224,192,0,0,85,62967,2023-11-30,750
2024-02-02,22217,17578,design,17578,20707,16611,1510,967,224,192,0,0,85,62967,2023-11-30,752
2024-02-09,22219,17574,design,17574,20708,16608,1511,966,225,193,0,0,82,62967,2023-11-30,768
2024-02-16,22222,17576,design,17576,20720,16610,1502,966,225,193,0,0,82,62875,2023-12-31,791
2024-02-23,22241,17572,design,17572,20735,16606,1506,966,224,192,0,0,83,62875,2023-12-31,811
2024-03-01,22275,17572,design,17572,20767,16607,1508,965,222,190,0,0,82,62875,2023-12-31,789
2024-03-08,22287,17569,design,17569,20775,16603,1512,966,222,190,0,0,84,62875,2023-12-31,802
2024-03-15,22277,17580,design,17580,20763,16612,1514,968,224,192,0,0,82,62869,2024-01-31,804
2024-03-22,22342,17575,design,17575,20824,16610,1518,965,224,192,0,0,81,62869,2024-01-31,779
2024-03-29,22404,17582,design,17582,20879,16615,1525,967,224,192,0,0,82,62869,2024-01-31,786
2024-04-05,22407,17583,design,17583,20879,16614,1528,969,223,191,0,0,87,62869,2024-01-31,802
2024-04-12,22362,17579,design,17579,20841,16611,1521,968,224,192,0,0,85,62869,2024-01-31,779
2024-04-19,22398,17580,design,17580,20884,16612,1514,968,230,198,0,0,84,63102,2024-02-29,760
2024-04-26,22431,17576,design,17576,20919,16608,1512,968,230,198,0,0,88,63102,2024-02-29,736
2024-05-03,22460,17580,design,17580,20937,16612,1523,968,230,198,0,0,91,63102,2024-02-29,700
2024-05-10,22482,17590,design,17590,20951,16620,1531,970,238,207,0,0,89,63102,2024-02-29,698
2024-05-17,22512,17603,design,17603,20981,16633,1531,970,244,213,0,0,91,62970,2024-03-31,677
2024-05-24,22544,17619,design,17619,21015,16650,1529,969,261,230,0,0,90,62970,2024-03-31,658
2024-05-31,22578,17622,design,17622,21044,16655,1534,967,267,236,0,0,87,62970,2024-03-31,672
2024-06-07,22619,17629,design,17629,21077,16661,1542,968,271,240,0,0,85,62970,2024-03-31,656
2024-06-14,22637,17639,design,17639,21093,16668,1544,971,277,246,0,0,86,62970,2024-03-31,665
2024-06-21,22672,17639,design,17639,21134,16669,1538,970,276,245,0,0,86,63115,2024-04-30,644
2024-06-28,22730,17644,design,17644,21198,16676,1532,968,281,250,0,0,84,63115,2024-04-30,636
2024-07-05,22719,17648,design,17648,21175,16678,1544,970,283,252,0,0,83,63115,2024-04-30,638
2024-07-12,22706,17649,design,17649,21153,16679,1553,970,284,253,0,0,81,63115,2024-04-30,641
2024-07-19,22700,17647,design,17647,21140,16677,1560,970,283,252,0,0,81,63127,2024-05-31,699
2024-07-26,22711,17643,design,17643,21148,16674,1563,969,282,252,0,0,82,63127,2024-05-31,702
2024-08-02,22766,17639,design,17639,21191,16672,1575,967,278,250,0,0,78,63127,2024-05-31,698
2024-08-09,22792,17640,design,17640,21215,16671,1577,969,279,251,0,0,80,63127,2024-05-31,705
2024-08-16,22830,17644,design,17644,21259,16673,1571,971,278,250,0,0,80,63064,2024-06-30,726
2024-08-23,22841,17642,design,17642,21282,16673,1559,969,279,251,0,0,81,63064,2024-06-30,708
2024-08-30,22851,17642,design,17642,21293,16673,1558,969,278,250,0,0,79,63064,2024-06-30,690
2024-09-06,22856,17638,design,17638,21290,16669,1566,969,278,250,0,0,83,63064,2024-06-30,680
2024-09-13,22832,17632,design,17632,21266,16662,1566,970,276,248,0,0,83,63064,2024-06-30,674
2024-09-20,22874,17641,design,17641,21307,16671,1567,970,286,258,0,0,82,63184,2024-07-31,698
2024-09-27,22896,17633,design,17633,21335,16664,1561,969,286,258,0,0,81,63184,2024-07-31,709
2024-10-04,22915,17645,design,17645,21359,16674,1556,971,287,259,0,0,87,63184,2024-07-31,694
2024-10-11,22909,17643,design,17643,21354,16674,1555,969,287,259,0,0,86,63184,2024-07-31,710
2024-10-18,22959,17645,design,17645,21396,16676,1563,969,287,259,0,0,83,63004,2024-08-31,684
2024-10-25,22988,17648,design,17648,21417,16680,1571,968,287,259,0,0,81,63004,2024-08-31,699
2024-11-01,23020,17652,design,17652,21441,16684,1579,968,287,259,0,0,85,63004,2024-08-31,716
2024-11-08,23015,17646,design,17646,21429,16676,1586,970,286,258,0,0,83,63004,2024-08-31,673
2024-11-15,23033,17656,design,17656,21448,16684,1585,972,296,268,0,0,92,63071,2024-09-30,669
2024-11-22,23054,17654,design,17654,21473,16685,1581,969,296,268,0,0,87,63071,2024-09-30,674
2024-11-29,23075,17653,design,17653,21496,16686,1579,967,297,269,0,0,92,63071,2024-09-30,658
2024-12-06,23093,17653,design,17653,21505,16687,1588,966,298,269,0,0,90,63071,2024-09-30,635
2024-12-13,23095,17653,design,17653,21499,16687,1596,966,299,270,0,0,92,63071,2024-09-30,670
2024-12-20,23114,17654,design,17654,21514,16687,1600,967,298,270,0,0,93,63058,2024-10-31,675
2024-12-27,23092,17653,design,17653,21510,16685,1582,968,298,270,0,0,96,63058,2024-10-31,648
2025-01-03,23036,17648,design,17648,21460,16680,1576,968,296,268,0,0,95,63058,2024-10-31,664
2025-01-10,23006,17645,design,17645,21432,16676,1574,969,295,267,0,0,94,63058,2024-10-31,664
2025-01-17,23034,17635,design,17635,21459,16668,1575,967,293,264,0,0,98,63003,2024-11-30,673
2025-01-24,23021,17638,design,17638,21446,16672,1575,966,293,264,0,0,103,63003,2024-11-30,663
2025-01-31,23044,17638,design,17638,21468,16674,1576,964,293,264,0,0,107,63003,2024-11-30,703
2025-02-07,23074,17638,design,17638,21494,16672,1580,966,287,258,0,0,112,63003,2024-11-30,681
2025-02-14,23062,17631,design,17631,21480,16665,1582,966,276,247,0,0,110,63003,2024-11-30,691
2025-02-21,23095,17629,design,17629,21513,16663,1582,966,275,246,0,0,116,63238,2024-12-31,687
2025-02-27,23065,17627,design,17627,21489,16662,1576,965,274,245,0,0,119,63238,2024-12-31,747
2025-03-07,23139,17638,design,17638,21558,16671,1581,967,275,246,0,0,118,63238,2024-12-31,707
2025-03-14,23152,17635,design,17635,21571,16669,1581,966,275,246,0,0,117,63238,2024-12-31,713
2025-03-21,23189,17640,design,17640,21603,16673,1586,967,276,247,0,0,117,63391,2025-01-31,717
2025-03-28,23224,17642,design,17642,21630,16674,1594,968,276,247,0,0,120,63391,2025-01-31,734
2025-04-04,23254,17645,design,17645,21651,16678,1603,967,276,247,0,0,117,63391,2025-01-31,748
2025-04-11,23232,17642,design,17642,21625,16674,1607,968,277,248,0,0,120,63391,2025-01-31,756
2025-04-18,23279,17638,design,17638,21663,16671,1616,967,276,247,0,0,122,63554,2025-02-28,752
2025-04-25,23317,17642,design,17642,21691,16673,1626,969,278,249,0,0,120,63554,2025-02-28,759
2025-05-02,23333,17642,design,17642,21711,16673,1622,969,277,248,0,0,118,63554,2025-02-28,759
2025-05-09,23317,17652,design,17652,21710,16682,1607,970,282,253,0,0,117,63554,2025-02-28,788
2025-05-16,23300,17654,design,17654,21698,16685,1602,969,282,253,0,0,123,63394,2025-03-31,755
2025-05-23,23339,17668,design,17668,21723,16699,1616,969,298,269,0,0,121,63391,2025-03-31,732
2025-05-30,23368,17673,design,17673,21739,16703,1629,970,300,271,0,0,117,63391,2025-03-31,706
2025-06-06,23395,17678,design,17678,21762,16708,1633,970,305,276,0,0,115,63391,2025-03-31,735
2025-06-13,23416,17683,design,17683,21776,16713,1640,970,310,281,0,0,113,63391,2025-03-31,735
2025-06-20,23423,17680,design,17680,21773,16711,1650,969,310,281,0,0,113,63435,2025-04-30,719
2025-06-27,23444,17681,design,17681,21793,16710,1651,971,310,281,0,0,117,63435,2025-04-30,716
2025-07-04,23468,17676,design,17676,21821,16707,1647,969,308,279,0,0,121,63435,2025-04-30,727
2025-07-11,23395,17673,design,17673,21753,16707,1642,966,308,279,0,0,121,63420,2025-05-31,766
2025-07-18,23376,17670,design,17670,21749,16705,1627,965,308,279,0,0,117,63420,2025-05-31,741
2025-07-25,23374,17668,design,17668,21753,16704,1621,964,308,279,0,0,120,63420,2025-05-31,730
2025-08-01,23400,17663,design,17663,21778,16698,1622,965,309,280,0,0,118,63420,2025-05-31,730
2025-08-08,23406,17658,design,17658,21783,16694,1623,964,308,279,0,0,115,63420,2025-05-31,764
2025-08-15,23400,17658,design,17658,21779,16694,1621,964,308,279,0,0,118,63388,2025-06-30,743
2025-08-22,23443,17658,design,17658,21819,16695,1624,963,308,279,0,0,114,63388,2025-06-30,759
2025-08-29,23491,17658,design,17658,21865,16695,1626,963,308,279,0,0,107,63388,2025-06-30,778
2025-09-05,23476,17657,design,17657,21846,16694,1630,963,308,279,0,0,108,63388,2025-06-30,753
2025-09-12,23466,17664,design,17664,21833,16698,1633,966,312,283,0,0,109,63388,2025-06-30,765
2025-09-19,23527,17671,design,17671,21890,16703,1637,968,318,288,0,0,109,63540,2025-07-31,756
2025-09-26,23550,17673,design,17673,21918,16704,1632,969,324,294,0,0,111,63540,2025-07-31,776
2025-10-03,23534,17677,design,17677,21903,16708,1631,969,327,298,0,0,110,63540,2025-07-31,786
2025-10-10,23555,17683,design,17683,21920,16715,1635,968,329,300,0,0,112,63540,2025-07-31,780
2025-10-17,23562,17696,design,17696,21928,16730,1634,966,338,309,0,0,111,63438,2025-08-31,773
2025-10-24,23534,17699,design,17699,21896,16732,1638,967,338,309,0,0,107,63438,2025-08-31,786
2025-10-31,23556,17706,design,17706,21916,16739,1640,967,341,312,0,0,109,63438,2025-08-31,778
2025-11-07,23553,17706,design,17706,21917,16739,1636,967,343,314,0,0,105,63438,2025-08-31,746
2025-11-14,23491,17714,design,17714,21858,16747,1633,967,347,318,0,0,104,63438,2025-08-31,748
2025-11-21,23465,17712,design,17712,21828,16744,1637,968,348,319,0,0,106,63490,2025-09-30,757
2025-11-28,23430,17719,design,17719,21791,16751,1639,968,351,322,0,0,107,63490,2025-09-30,765
2025-12-05,23390,17722,design,17722,21746,16754,1644,968,351,322,0,0,110,63490,2025-09-30,743
2025-12-12,23355,17721,design,17721,21713,16752,1642,969,352,323,0,0,114,63490,2025-09-30,713
2025-12-19,23341,17742,design,17742,21699,16768,1642,974,367,338,0,0,110,63880,2025-10-31,741
2025-12-26,23285,17739,design,17739,21654,16766,1631,973,368,339,0,0,112,63886,2025-10-31,755
2026-01-02,23282,17743,design,17743,21655,16772,1627,971,378,349,0,0,112,63890,2025-10-31,741
2026-01-09,23294,17751,design,17751,21661,16778,1633,973,385,356,0,0,111,63893,2025-10-31,708
2026-01-16,23319,17755,design,17755,21683,16786,1636,969,393,364,0,0,112,63897,2025-11-30,702
2026-01-23,23336,17765,design,17765,21696,16797,1640,968,398,369,0,0,112,63920,2025-11-30,681
2026-01-30,23357,17767,design,17767,21734,16800,1623,967,400,371,0,0,115,63941,2025-11-30,694
2026-02-06,23416,17803,design,17803,21791,16832,1625,971,439,410,0,0,120,63944,2025-11-30,716
2026-02-13,23420,17807,design,17807,21784,16836,1636,971,440,411,0,0,122,63943,2025-11-30,750
2026-02-20,23461,17822,design,17822,21810,16849,1651,973,450,421,0,0,118,64043,2025-12-31,776
2026-02-27,23471,17830,design,17830,21806,16857,1665,973,454,425,0,0,120,64051,2025-12-31,794
2026-03-06,23495,17835,design,17835,21827,16859,1668,976,462,433,0,0,120,64048,2025-12-31,805
2026-03-13,23493,17828,design,17828,21829,16855,1664,973,462,433,0,0,120,64062,2025-12-31,776
2026-03-20,23501,17829,design,17829,21833,16854,1668,975,462,433,0,0,119,64012,2026-01-31,734
2026-03-27,23524,17842,design,17842,21843,16867,1681,975,469,440,0,0,124,64013,2026-01-31,760
2026-04-03,23554,17839,design,17839,21865,16862,1689,977,468,439,0,0,123,64013,2026-01-31,794
2026-04-10,23569,17847,design,17847,21871,16869,1698,978,476,447,0,0,120,64012,2026-01-31,807
2026-04-17,23548,17854,design,17854,21864,16878,1684,976,481,452,0,0,119,64028,2026-02-28,774
2026-04-24,23540,17859,design,17859,21856,16879,1684,980,483,454,0,0,121,64030,2026-02-28,776
2026-05-01,23577,17860,design,17860,21885,16882,1692,978,482,453,0,0,123,64031,2026-02-28,745
2026-05-08,23584,17858,design,17858,21890,16881,1694,977,484,455,0,0,123,64030,2026-02-28,769
2026-05-15,23587,17855,design,17855,21884,16879,1703,976,484,455,0,0,124,64145,2026-03-31,772
2026-05-22,23608,17857,design,17857,21908,16881,1700,976,486,457,0,0,125,64141,2026-03-31,804
2026-05-29,23591,17859,design,17859,21893,16882,1698,977,485,456,0,0,122,64136,2026-03-31,804
2026-06-05,23546,17856,design,17856,21853,16880,1693,976,487,458,0,0,123,64148,2026-03-31,835
2026-06-12,23526,17852,design,17852,21838,16877,1688,975,490,461,0,0,120,64098,2026-04-30,865
2026-06-19,23535,17847,design,17847,21847,16870,1688,977,489,459,0,0,120,64096,2026-04-30,831
2026-06-26,23544,17857,design,17857,21863,16882,1681,975,494,464,0,0,120,64102,2026-04-30,831
2026-07-03,23610,17854,design,17854,21925,16881,1685,973,494,465,0,0,119,64109,2026-04-30,827
2026-07-10,23631,17848,design,17848,21936,16878,1695,970,494,465,0,0,119,64110,2026-04-30,850
2026-07-17,23619,17854,design,17854,21911,16881,1708,973,492,463,0,0,118,64121,2026-05-31,832
2026-07-24,23697,17854,design,17854,21978,16878,1719,976,492,463,0,0,120,64121,2026-05-31,839
2026-07-31,23762,17855,design,17855,22035,16882,1727,973,493,464,0,0,123,64127,2026-05-31,836
2026-08-07,23785,17855,design,17855,22068,16880,1717,975,492,463,0,0,122,64132,2026-05-31,866
2026-08-14,23789,17855,design,17855,22065,16880,1724,975,495,466,0,0,119,64142,2026-05-31,874
2026-08-21,23813,17856,design,17856,22087,16881,1726,975,494,465,0,0,119,64230,2026-06-30,873
2026-08-28,23854,17867,design,17867,22126,16888,1728,979,493,464,0,0,117,64233,2026-06-30,889
2026-09-04,23870,17863,design,17863,22139,16889,1731,974,492,463,0,0,119,64237,2026-06-30,882
2026-09-11,23890,17859,design,17859,22151,16887,1739,972,490,461,0,0,119,64236,2026-06-30,856
2026-09-18,23897,17865,design,17865,22152,16890,1745,975,494,465,0,0,120,64040,2026-07-31,843
2026-09-25,23905,17860,design,17860,22155,16886,1750,974,490,461,0,0,122,64051,2026-07-31,840
2026-10-02,23927,17851,design,17851,22178,16880,1749,971,485,456,0,0,122,64056,2026-07-31,870
